# Blender 4.4.0
# www.blender.org
mtllib model.mtl
o model
v -0.257812 -0.172852 -0.279297
v -0.194336 -0.157227 -0.373047
v -0.180664 -0.193359 -0.324219
v -0.219727 -0.204102 -0.229492
v -0.263672 -0.192383 -0.188477
v -0.300781 -0.158203 -0.214844
v -0.291016 -0.123535 -0.316406
v -0.171875 -0.071777 -0.007538
v -0.136719 -0.067383 0.008667
v -0.193359 -0.075195 -0.023438
v -0.149414 -0.111328 0.008423
v 0.304688 -0.100098 -0.208984
v 0.308594 -0.122559 -0.190430
v 0.289062 -0.123047 -0.213867
v 0.277344 -0.149414 -0.226562
v 0.291016 -0.149414 -0.200195
v 0.277344 -0.091309 -0.224609
v -0.298828 -0.019897 0.107910
v -0.277344 0.016235 0.081543
v -0.304688 -0.010376 0.072266
v -0.283203 -0.030396 0.145508
v -0.318359 -0.041992 0.112793
v -0.267578 0.008179 0.118164
v 0.273438 0.100098 -0.222656
v 0.296875 0.076172 -0.261719
v 0.277344 0.079102 -0.243164
v 0.283203 0.098633 -0.235352
v 0.269531 0.109375 -0.206055
v 0.287109 0.091309 -0.214844
v 0.294922 0.084473 -0.235352
v -0.138672 -0.121094 0.122559
v -0.140625 -0.099609 0.141602
v -0.150391 -0.141602 0.123047
v -0.197266 -0.009705 -0.026123
v -0.171875 0.004425 -0.005249
v -0.190430 0.012939 -0.017090
v -0.192383 -0.015198 -0.013306
v -0.187500 -0.010559 -0.032227
v -0.196289 -0.043945 -0.018921
v -0.417969 -0.133789 0.500000
v -0.427734 -0.120117 0.500000
v -0.425781 -0.142578 0.500000
v -0.398438 -0.134766 0.500000
v -0.410156 -0.117676 0.500000
v 0.215820 0.083984 -0.077637
v 0.265625 0.061279 -0.059326
v 0.211914 0.058838 -0.080566
v 0.208984 0.121582 -0.117676
v 0.244141 0.100098 -0.084473
v 0.408203 -0.231445 0.072266
v 0.386719 -0.226562 0.034180
v 0.408203 -0.232422 0.034180
v 0.429688 -0.224609 0.054688
v 0.402344 -0.228516 0.106445
v -0.062500 -0.035645 -0.173828
v -0.047607 -0.067383 -0.175781
v -0.054443 -0.057861 -0.206055
v -0.066895 -0.076172 -0.230469
v -0.070801 -0.047119 -0.235352
v -0.080078 -0.026367 -0.213867
v -0.056885 -0.086914 -0.204102
v -0.106934 -0.165039 -0.159180
v -0.142578 -0.173828 -0.147461
v -0.148438 -0.173828 -0.114746
v -0.109375 -0.148438 -0.120117
v -0.110352 -0.160156 -0.066895
v 0.091797 -0.063965 0.164062
v 0.058838 -0.043213 0.116699
v 0.086426 -0.052490 0.179688
v 0.083008 -0.047119 0.209961
v 0.111328 -0.054932 0.238281
v 0.117188 -0.066895 0.231445
v 0.235352 -0.034668 -0.382812
v 0.170898 -0.067383 -0.402344
v 0.099121 -0.110352 -0.414062
v 0.173828 -0.021484 -0.408203
v 0.101562 -0.061279 -0.433594
v 0.166016 -0.104492 -0.390625
v 0.229492 -0.077148 -0.373047
v -0.421875 0.069336 -0.040283
v -0.402344 0.083496 0.013306
v -0.371094 0.116211 0.010498
v -0.404297 0.106445 -0.039062
v -0.396484 0.058594 0.060303
v -0.373047 0.091309 0.058350
v -0.419922 0.047363 0.013611
v -0.347656 -0.084961 -0.017456
v -0.376953 -0.047363 -0.001816
v -0.388672 -0.041504 -0.056152
v -0.351562 -0.091309 -0.068359
v -0.310547 -0.121094 -0.031128
v 0.308594 -0.154297 -0.170898
v 0.318359 -0.171875 -0.153320
v -0.257812 0.010132 0.089355
v -0.294922 -0.013794 0.077148
v -0.277344 -0.010254 0.109375
v -0.189453 -0.156250 0.137695
v -0.166016 -0.153320 0.130859
v -0.179688 -0.144531 0.150391
v -0.159180 -0.143555 0.140625
v -0.172852 -0.128906 0.155273
v -0.197266 -0.133789 0.153320
v 0.365234 0.012573 -0.189453
v 0.353516 0.010010 -0.215820
v 0.355469 0.035400 -0.195312
v 0.357422 0.040283 -0.166992
v 0.369141 0.017334 -0.139648
v 0.349609 -0.000946 -0.193359
v -0.029175 -0.103027 0.011841
v -0.010498 -0.090332 -0.002945
v 0.022949 -0.093750 0.054688
v -0.194336 0.160156 -0.373047
v -0.096191 0.156250 -0.406250
v -0.078125 0.199219 -0.359375
v -0.298828 0.114258 -0.322266
v -0.212891 0.112793 -0.400391
v -0.172852 0.199219 -0.332031
v -0.271484 0.156250 -0.300781
v -0.263672 -0.153320 0.032471
v -0.333984 -0.136719 -0.005829
v -0.235352 -0.159180 0.015198
v -0.277344 -0.153320 0.001877
v -0.294922 -0.164062 -0.034668
v 0.229492 0.041504 -0.375000
v 0.261719 0.064453 -0.328125
v 0.234375 0.005157 -0.382812
v 0.177734 0.062500 -0.388672
v 0.175781 0.022095 -0.406250
v 0.367188 -0.174805 0.122070
v 0.384766 -0.172852 0.133789
v 0.382812 -0.162109 0.123047
v 0.359375 -0.189453 0.116211
v 0.365234 -0.169922 0.105957
v 0.373047 -0.180664 0.131836
v 0.365234 -0.190430 0.129883
v -0.108398 0.128906 -0.131836
v 0.025635 0.106934 -0.135742
v -0.031738 0.146484 -0.170898
v -0.057373 0.195312 -0.234375
v 0.018311 0.181641 -0.239258
v 0.028076 0.145508 -0.178711
v -0.109375 0.166016 -0.154297
v -0.124023 -0.130859 -0.196289
v -0.124023 -0.135742 -0.137695
v -0.166016 -0.137695 -0.219727
v -0.160156 -0.145508 -0.168945
v 0.283203 -0.005524 0.086914
v 0.285156 -0.025024 0.084473
v 0.292969 -0.013123 0.099121
v 0.296875 -0.003769 0.100586
v 0.289062 0.010132 0.082520
v 0.279297 -0.018921 0.067871
v 0.178711 -0.201172 -0.148438
v 0.155273 -0.189453 -0.178711
v 0.189453 -0.218750 -0.185547
v 0.230469 -0.219727 -0.156250
v 0.226562 -0.208008 -0.119629
v 0.172852 -0.176758 -0.120117
v 0.151367 -0.164062 -0.156250
v -0.425781 -0.100098 0.441406
v -0.437500 -0.119141 0.468750
v -0.435547 -0.100098 0.476562
v -0.419922 -0.119141 0.433594
v -0.349609 -0.087402 0.105469
v -0.324219 -0.080078 0.133789
v -0.373047 -0.062988 0.084961
v 0.167969 0.078125 -0.118652
v 0.137695 0.101562 -0.186523
v 0.100586 0.098145 -0.179688
v 0.104492 0.135742 -0.214844
v 0.162109 0.108398 -0.151367
v 0.146484 0.071777 -0.173828
v 0.151367 0.132812 -0.219727
v 0.150391 -0.138672 0.371094
v 0.160156 -0.131836 0.365234
v 0.155273 -0.127930 0.382812
v 0.136719 -0.134766 0.380859
v 0.159180 -0.132812 0.351562
v 0.132812 -0.141602 0.369141
v -0.045166 -0.041992 -0.059814
v -0.035645 -0.068848 -0.038818
v -0.028320 -0.028687 -0.029663
v -0.063477 -0.076660 -0.081055
v -0.066895 -0.013000 -0.070312
v -0.023682 -0.188477 -0.355469
v 0.033936 -0.151367 -0.396484
v -0.026489 -0.156250 -0.404297
v -0.089355 -0.186523 -0.341797
v -0.025269 -0.204102 -0.296875
v 0.031738 -0.182617 -0.351562
v 0.345703 -0.020874 0.009033
v 0.353516 -0.006012 0.015198
v 0.341797 -0.033936 0.042480
v 0.355469 0.004028 -0.024414
v 0.347656 -0.010010 -0.024780
v 0.324219 -0.042480 0.038086
v 0.332031 -0.028809 0.001907
v 0.226562 -0.065918 -0.202148
v 0.251953 -0.072266 -0.219727
v 0.248047 -0.084961 -0.163086
v 0.281250 -0.103027 -0.118164
v 0.235352 -0.098633 -0.118164
v 0.209961 -0.089844 -0.165039
v -0.337891 0.050781 0.163086
v -0.365234 0.042969 0.153320
v -0.314453 0.040039 0.159180
v -0.347656 0.030396 0.213867
v -0.174805 -0.177734 -0.081055
v -0.233398 -0.187500 -0.096191
v -0.205078 -0.182617 -0.071777
v -0.193359 -0.188477 -0.111328
v -0.223633 -0.189453 -0.139648
v 0.029541 -0.052246 0.149414
v -0.008667 -0.029175 0.065430
v 0.380859 -0.090820 -0.285156
v 0.386719 -0.052490 -0.265625
v 0.343750 -0.102051 -0.320312
v 0.376953 -0.055420 -0.296875
v 0.386719 -0.123047 -0.263672
v 0.361328 -0.135742 -0.294922
v -0.153320 0.017334 0.023560
v -0.180664 0.023438 0.000629
v -0.179688 0.034424 -0.001358
v -0.253906 -0.036865 0.164062
v -0.233398 -0.059326 0.168945
v -0.220703 -0.034180 0.169922
v -0.215820 -0.084473 0.166016
v -0.243164 -0.089844 0.164062
v 0.292969 0.095215 -0.085449
v 0.255859 0.142578 -0.140625
v 0.294922 0.114258 -0.128906
v 0.316406 0.085938 -0.130859
v 0.330078 0.097168 -0.151367
v -0.067871 -0.159180 0.035889
v -0.103027 -0.147461 0.029541
v -0.087402 -0.164062 0.046875
v -0.080078 -0.152344 0.037598
v -0.068359 -0.148438 0.023560
v -0.216797 -0.020874 -0.263672
v -0.209961 -0.029053 -0.259766
v -0.192383 -0.003860 -0.248047
v -0.234375 -0.044922 -0.267578
v -0.322266 -0.168945 0.184570
v -0.318359 -0.168945 0.190430
v -0.312500 -0.158203 0.183594
v -0.322266 -0.179688 0.191406
v -0.322266 -0.159180 0.170898
v -0.326172 -0.185547 0.185547
v -0.328125 -0.172852 0.175781
v 0.178711 0.055420 -0.172852
v 0.185547 0.022827 -0.188477
v 0.153320 0.037354 -0.177734
v 0.204102 0.046631 -0.181641
v 0.304688 -0.037354 0.038818
v 0.287109 -0.005219 0.008362
v 0.300781 -0.014709 -0.005463
v 0.316406 -0.029297 0.003555
v 0.306641 -0.048340 0.062256
v 0.287109 -0.026978 0.047363
v -0.082031 0.214844 -0.371094
v 0.001106 0.208008 -0.382812
v -0.097656 0.170898 -0.421875
v -0.010254 0.218750 -0.320312
v -0.050293 -0.093262 -0.022095
v -0.075684 -0.096680 -0.057861
v -0.083984 -0.107910 -0.009338
v 0.239258 -0.195312 -0.222656
v 0.279297 -0.175781 -0.239258
v 0.265625 -0.163086 -0.263672
v 0.190430 -0.191406 -0.219727
v -0.335938 -0.035400 0.091309
v -0.337891 -0.038086 0.082520
v -0.263672 -0.140625 -0.193359
v -0.228516 -0.135742 -0.215820
v -0.144531 0.026367 0.092773
v -0.117188 -0.001740 0.095703
v -0.125000 0.010376 0.062988
v -0.116211 -0.011292 0.039551
v 0.345703 -0.197266 -0.048584
v 0.322266 -0.173828 -0.041260
v 0.375000 -0.223633 -0.034912
v 0.318359 -0.198242 -0.054199
v -0.330078 -0.067383 0.367188
v -0.339844 -0.049072 0.359375
v -0.341797 -0.101074 0.408203
v -0.326172 -0.083496 0.367188
v -0.320312 -0.049805 0.314453
v -0.269531 -0.201172 0.059082
v -0.292969 -0.210938 0.058594
v -0.277344 -0.209961 0.025391
v -0.263672 -0.189453 0.081543
v 0.306641 -0.009338 -0.292969
v 0.308594 0.039551 -0.281250
v 0.312500 -0.007935 -0.281250
v 0.296875 0.036133 -0.281250
v 0.289062 -0.008545 -0.285156
v 0.292969 -0.059082 -0.285156
v 0.302734 -0.058350 -0.277344
v -0.146484 -0.100098 0.134766
v -0.164062 -0.124512 0.140625
v -0.166992 -0.102051 0.148438
v -0.132812 -0.073730 0.127930
v -0.151367 -0.124512 0.126953
v -0.147461 -0.073730 0.144531
v -0.138672 -0.108887 0.115723
v -0.433594 0.036133 -0.045410
v -0.400391 0.110352 -0.095703
v -0.417969 0.078613 -0.104004
v -0.390625 0.117188 -0.180664
v -0.367188 0.147461 -0.165039
v -0.388672 -0.078613 0.306641
v -0.396484 -0.057373 0.308594
v -0.392578 -0.069336 0.255859
v -0.400391 -0.044434 0.253906
v -0.382812 -0.070312 0.171875
v -0.376953 -0.083008 0.253906
v 0.103027 0.117676 -0.174805
v 0.122559 0.145508 -0.208984
v 0.083984 0.166992 -0.213867
v 0.034668 0.138672 -0.151367
v 0.345703 -0.180664 -0.030273
v 0.359375 -0.204102 0.003403
v 0.349609 -0.182617 0.004211
v 0.359375 -0.205078 -0.028931
v 0.347656 -0.152344 -0.038818
v -0.161133 -0.007599 -0.277344
v -0.171875 -0.021729 -0.269531
v -0.199219 -0.025024 -0.287109
v -0.144531 -0.020508 -0.265625
v -0.139648 -0.002747 -0.251953
v -0.087402 -0.199219 -0.032715
v -0.111816 -0.202148 -0.055908
v -0.062500 -0.186523 -0.007660
v -0.101074 -0.184570 -0.075195
v 0.162109 -0.077637 0.382812
v 0.169922 -0.097656 0.376953
v 0.163086 -0.070801 0.365234
v 0.153320 -0.062988 0.380859
v 0.162109 -0.092285 0.390625
v 0.154297 -0.077637 0.392578
v 0.257812 -0.156250 -0.229492
v 0.255859 -0.124023 -0.244141
v 0.261719 -0.085938 -0.242188
v 0.255859 -0.148438 -0.228516
v 0.263672 -0.090820 -0.257812
v -0.314453 0.021851 0.080078
v -0.302734 0.058838 0.094238
v -0.306641 0.023071 0.111328
v -0.208008 -0.135742 -0.234375
v -0.172852 -0.123047 -0.255859
v -0.208008 -0.115234 -0.265625
v -0.203125 -0.148438 -0.195312
v -0.246094 -0.141602 -0.209961
v -0.243164 -0.123535 -0.247070
v 0.007324 -0.030518 0.041260
v 0.378906 -0.118164 -0.120605
v 0.349609 -0.123047 -0.089355
v 0.390625 -0.119141 -0.079590
v 0.408203 -0.113770 -0.132812
v 0.365234 -0.109863 -0.156250
v 0.416016 -0.122070 -0.097168
v 0.335938 -0.112793 -0.134766
v -0.192383 0.036377 0.122070
v -0.162109 0.030518 0.121094
v -0.171875 0.043701 0.092773
v -0.176758 0.017822 0.148438
v -0.215820 0.016479 0.145508
v -0.206055 0.051514 0.091309
v -0.230469 0.033203 0.120117
v -0.214844 -0.133789 -0.031006
v -0.265625 -0.120605 0.027954
v -0.229492 -0.138672 0.038086
v -0.267578 -0.131836 -0.015015
v -0.232422 -0.134766 -0.002243
v 0.237305 0.081543 -0.376953
v 0.259766 0.106445 -0.328125
v 0.302734 0.034424 -0.363281
v 0.250000 0.039307 -0.394531
v 0.291016 0.074219 -0.347656
v 0.326172 0.071289 -0.298828
v 0.294922 0.104004 -0.291016
v -0.166992 -0.155273 0.052734
v -0.138672 -0.139648 0.065918
v -0.171875 -0.163086 0.084473
v -0.117676 -0.110352 0.050781
v -0.121094 -0.114258 0.078613
v -0.146484 -0.143555 0.095215
v -0.369141 -0.050537 -0.129883
v -0.341797 -0.057129 -0.229492
v -0.332031 -0.174805 0.121582
v -0.332031 -0.176758 0.077637
v -0.314453 -0.206055 0.061035
v -0.316406 -0.204102 0.113770
v -0.326172 -0.192383 0.103516
v -0.326172 -0.189453 0.055664
v -0.328125 -0.191406 0.137695
v 0.234375 0.024902 -0.218750
v 0.210938 0.022949 -0.204102
v 0.242188 -0.009216 -0.246094
v 0.253906 0.016235 -0.243164
v 0.166992 -0.117188 0.349609
v 0.168945 -0.115723 0.365234
v 0.160156 -0.093262 0.332031
v 0.167969 -0.090820 0.357422
v -0.104980 0.073730 -0.094727
v -0.076660 0.032959 -0.093262
v -0.103516 0.027588 -0.096191
v -0.098145 0.125977 -0.106445
v -0.141602 0.051758 -0.087891
v 0.045410 -0.061279 -0.480469
v -0.026001 -0.120117 -0.466797
v -0.027222 -0.061035 -0.498047
v 0.046143 -0.002563 -0.488281
v 0.042969 -0.115234 -0.457031
v 0.335938 0.055664 -0.015503
v 0.328125 0.044678 0.021484
v 0.347656 0.035645 0.006012
v 0.314453 0.061279 -0.024414
v 0.310547 0.049561 0.013123
v 0.351562 0.041016 -0.018799
v 0.285156 -0.153320 -0.191406
v 0.314453 -0.132812 -0.166992
v 0.269531 -0.147461 -0.214844
v 0.302734 -0.161133 -0.157227
v 0.273438 -0.171875 -0.195312
v 0.287109 -0.177734 -0.167969
v -0.292969 0.008850 0.158203
v -0.310547 -0.026001 0.135742
v -0.349609 -0.053955 0.117676
v -0.324219 -0.022583 0.104004
v -0.298828 -0.028320 0.194336
v -0.324219 -0.061279 0.162109
v -0.222656 -0.165039 -0.078125
v -0.259766 -0.160156 -0.090332
v -0.178711 -0.158203 -0.056641
v -0.233398 -0.150391 -0.043701
v -0.269531 -0.149414 -0.050781
v -0.116699 -0.014648 0.158203
v -0.125000 -0.025269 0.172852
v -0.116211 -0.027588 0.158203
v -0.123047 -0.010498 0.170898
v -0.112793 -0.026001 0.140625
v -0.117676 -0.006836 0.137695
v 0.380859 -0.201172 -0.208984
v 0.406250 -0.160156 -0.219727
v 0.416016 -0.197266 -0.166016
v 0.375000 -0.167969 -0.253906
v 0.373047 -0.222656 -0.170898
v -0.392578 -0.171875 0.492188
v -0.382812 -0.175781 0.478516
v -0.380859 -0.160156 0.486328
v -0.392578 -0.161133 0.500000
v -0.398438 -0.176758 0.494141
v -0.398438 -0.186523 0.482422
v 0.273438 0.077148 -0.056641
v 0.240234 0.066406 -0.061768
v 0.236328 0.041748 -0.071777
v 0.281250 0.044678 -0.046631
v 0.287109 0.036865 -0.022217
v 0.291016 0.055176 -0.038330
v 0.277344 0.024048 -0.067871
v 0.287109 0.019287 -0.030029
v -0.120605 -0.077148 0.096191
v -0.120117 -0.049561 0.120117
v -0.111816 -0.055420 0.087402
v -0.131836 -0.108887 0.090820
v -0.339844 0.131836 -0.157227
v -0.320312 0.161133 -0.237305
v -0.292969 0.180664 -0.217773
v -0.359375 0.103027 -0.170898
v -0.304688 0.145508 -0.143555
v -0.296875 -0.190430 -0.100586
v -0.292969 -0.195312 -0.066406
v -0.302734 -0.173828 -0.080078
v -0.298828 -0.170898 -0.060791
v -0.337891 -0.154297 -0.102051
v -0.289062 -0.152344 -0.055176
v -0.191406 -0.033691 0.165039
v -0.170898 -0.020630 0.165039
v -0.166016 -0.045166 0.161133
v -0.206055 -0.056152 0.161133
v -0.151367 -0.025024 0.164062
v -0.173828 -0.074219 0.154297
v 0.291016 -0.084961 -0.250000
v -0.292969 0.073730 0.067383
v -0.300781 0.045410 0.052246
v -0.291016 0.101074 0.100586
v -0.292969 0.103027 0.079590
v -0.206055 -0.139648 0.131836
v -0.196289 -0.155273 0.113281
v -0.236328 -0.134766 0.120117
v -0.242188 -0.109375 0.139648
v -0.214844 -0.111328 0.148438
v -0.193359 -0.132812 0.141602
v 0.343750 0.051025 -0.201172
v 0.330078 0.013550 -0.226562
v 0.320312 0.036377 -0.210938
v 0.357422 0.033936 -0.222656
v 0.318359 0.062988 -0.184570
v 0.333984 0.083496 -0.177734
v 0.347656 0.068359 -0.207031
v -0.058594 -0.190430 0.012939
v -0.073242 -0.204102 0.002823
v -0.108398 -0.212891 -0.011353
v -0.085938 -0.209961 0.016602
v -0.238281 -0.051514 -0.433594
v -0.217773 -0.106934 -0.410156
v -0.242188 0.001869 -0.447266
v -0.120605 0.002884 -0.500000
v -0.117188 -0.061035 -0.488281
v -0.345703 -0.075684 0.019897
v -0.328125 -0.081543 0.048096
v -0.337891 -0.075684 0.081055
v -0.296875 -0.104980 0.023804
v 0.218750 0.134766 -0.318359
v 0.171875 0.130859 -0.363281
v 0.178711 0.157227 -0.312500
v 0.214844 0.161133 -0.273438
v 0.257812 0.134766 -0.279297
v 0.217773 0.106934 -0.359375
v 0.423828 -0.195312 0.129883
v 0.414062 -0.216797 0.125977
v 0.429688 -0.207031 0.108887
v 0.433594 -0.187500 0.108887
v 0.427734 -0.171875 0.110352
v 0.416016 -0.187500 0.139648
v 0.414062 -0.200195 0.139648
v 0.002563 0.011780 -0.089844
v -0.039062 0.004364 -0.092285
v -0.026733 0.066406 -0.089844
v -0.025146 -0.223633 -0.242188
v -0.019653 -0.205078 -0.190430
v -0.071777 -0.208008 -0.188477
v -0.114746 -0.203125 -0.168945
v -0.082031 -0.226562 -0.237305
v 0.294922 -0.040527 0.080566
v 0.292969 -0.038086 0.068359
v 0.296875 -0.028076 0.094238
v 0.308594 -0.049072 0.078613
v 0.306641 -0.040039 0.092285
v 0.200195 -0.118164 -0.096680
v 0.179688 -0.102539 -0.129883
v 0.177734 -0.145508 -0.099609
v 0.242188 -0.124512 -0.073242
v 0.214844 -0.083984 -0.120605
v -0.382812 -0.041016 0.345703
v -0.367188 -0.037354 0.355469
v -0.388672 -0.028687 0.298828
v -0.396484 -0.057129 0.351562
v -0.277344 -0.113281 -0.232422
v -0.253906 -0.094727 -0.257812
v -0.289062 -0.108398 -0.221680
v -0.271484 -0.125977 -0.225586
v -0.267578 -0.091309 -0.251953
v -0.137695 0.010315 0.024780
v -0.161133 0.028564 0.012329
v -0.152344 0.034912 0.057617
v -0.132812 -0.021729 0.007202
v -0.157227 -0.001183 -0.008911
v 0.328125 -0.195312 -0.115723
v 0.351562 -0.183594 -0.131836
v 0.326172 -0.181641 -0.168945
v 0.289062 -0.195312 -0.089355
v 0.347656 -0.194336 -0.073242
v -0.233398 -0.013000 0.162109
v -0.269531 -0.064941 0.162109
v -0.183594 -0.144531 0.131836
v -0.171875 -0.150391 0.108398
v -0.178711 -0.128906 0.145508
v -0.166992 -0.138672 0.130859
v 0.367188 0.024902 -0.215820
v 0.353516 -0.002289 -0.229492
v 0.373047 0.046875 -0.206055
v 0.384766 0.011536 -0.230469
v 0.125000 -0.083008 0.398438
v 0.116211 -0.093262 0.384766
v 0.137695 -0.081055 0.400391
v 0.130859 -0.069336 0.392578
v 0.121582 -0.104004 0.394531
v 0.133789 -0.090332 0.402344
v -0.261719 0.154297 -0.075195
v -0.316406 0.146484 -0.056152
v -0.243164 0.131836 -0.047363
v -0.285156 0.147461 -0.012634
v -0.257812 0.134766 0.010925
v -0.332031 0.135742 -0.000641
v -0.416016 -0.185547 0.478516
v -0.425781 -0.176758 0.466797
v -0.408203 -0.188477 0.464844
v -0.417969 -0.179688 0.490234
v 0.201172 0.061035 -0.078125
v 0.204102 0.031738 -0.102051
v 0.190430 0.040283 -0.136719
v 0.173828 0.065430 -0.115234
v 0.243164 0.020264 -0.098633
v 0.357422 -0.164062 0.020020
v 0.373047 -0.150391 0.040283
v 0.365234 -0.163086 0.071289
v 0.355469 -0.184570 0.086914
v 0.388672 -0.148438 0.072754
v 0.353516 -0.181641 0.047852
v -0.097168 -0.009766 -0.191406
v -0.079590 -0.010376 -0.159180
v -0.113770 0.007019 -0.176758
v -0.104980 -0.112305 -0.132812
v -0.099609 -0.110352 -0.093750
v -0.139648 -0.133789 -0.142578
v -0.137695 -0.139648 -0.095215
v -0.074219 -0.084473 -0.123535
v -0.071289 -0.086914 -0.162109
v 0.093262 -0.172852 -0.335938
v 0.153320 -0.170898 -0.296875
v 0.155273 -0.154297 -0.341797
v 0.088867 -0.184570 -0.285156
v 0.034912 -0.198242 -0.304688
v -0.408203 -0.011169 0.056641
v -0.396484 -0.019775 0.084473
v -0.427734 0.011169 0.013916
v -0.421875 -0.025024 0.016724
v -0.304688 -0.129883 -0.178711
v -0.283203 -0.163086 -0.085449
v -0.298828 -0.141602 -0.121582
v -0.302734 -0.144531 -0.124512
v -0.271484 -0.161133 -0.124023
v -0.144531 0.004181 0.132812
v -0.183594 0.014832 0.135742
v -0.149414 0.020874 0.093750
v -0.133789 -0.011536 0.148438
v -0.159180 -0.000341 0.153320
v 0.251953 -0.153320 -0.294922
v 0.269531 -0.119141 -0.324219
v 0.294922 -0.126953 -0.296875
v -0.308594 -0.008606 0.035889
v -0.271484 0.016846 0.020142
v -0.332031 -0.028076 0.043457
v -0.291016 -0.172852 0.202148
v -0.291016 -0.182617 0.204102
v -0.285156 -0.168945 0.195312
v -0.298828 -0.166992 0.198242
v -0.279297 -0.181641 0.198242
v 0.351562 0.045166 -0.094727
v -0.103516 -0.059814 0.085938
v -0.101074 -0.052002 0.056885
v -0.105469 -0.082031 0.055176
v -0.124023 -0.103027 0.021729
v -0.114746 -0.072754 0.021606
v -0.214844 0.222656 -0.237305
v -0.255859 0.201172 -0.277344
v -0.298828 0.203125 -0.216797
v -0.122070 0.218750 -0.207031
v -0.153320 0.236328 -0.277344
v -0.182617 0.214844 -0.173828
v -0.255859 0.200195 -0.157227
v -0.304688 -0.208008 0.166016
v -0.320312 -0.202148 0.161133
v -0.302734 -0.209961 0.101562
v -0.291016 -0.208008 0.139648
v -0.304688 -0.208984 0.138672
v 0.263672 -0.007599 -0.213867
v 0.273438 0.001144 -0.185547
v 0.227539 0.001144 -0.201172
v 0.165039 -0.111328 0.386719
v 0.164062 -0.124023 0.376953
v 0.155273 -0.106445 0.396484
v -0.082031 0.022461 -0.029907
v -0.064453 0.002747 -0.044434
v -0.030518 -0.004150 -0.006073
v -0.056396 -0.004974 0.020020
v -0.103516 -0.086914 -0.249023
v -0.088379 -0.069336 -0.249023
v -0.087891 -0.076660 -0.251953
v -0.139648 -0.102051 -0.248047
v -0.107422 -0.098145 -0.253906
v -0.135742 -0.104980 -0.261719
v 0.292969 0.036621 0.020630
v 0.283203 0.020020 0.001358
v 0.296875 0.048096 -0.020508
v 0.281250 0.018433 0.033203
v 0.163086 -0.205078 -0.210938
v -0.392578 -0.047119 0.255859
v -0.390625 -0.023193 0.255859
v -0.380859 -0.067871 0.257812
v -0.237305 -0.158203 -0.158203
v -0.195312 -0.158203 -0.149414
v -0.119629 -0.021484 0.053223
v -0.112305 -0.053711 0.058838
v -0.113770 -0.027588 0.083496
v -0.125000 -0.004333 0.109375
v -0.126953 -0.000231 0.079102
v -0.114258 -0.031738 0.109375
v 0.314453 -0.117188 -0.081543
v 0.363281 -0.131836 -0.054443
v 0.330078 -0.143555 -0.047363
v -0.332031 -0.032227 0.312500
v -0.298828 -0.002884 0.215820
v -0.316406 0.037109 0.208008
v -0.339844 0.016113 0.253906
v -0.322266 0.000473 0.259766
v -0.296875 0.029541 0.185547
v -0.139648 -0.130859 0.035400
v -0.167969 -0.143555 0.021362
v -0.198242 -0.161133 0.033936
v -0.154297 -0.119629 0.002792
v -0.183594 -0.128906 -0.015381
v 0.373047 0.068848 -0.209961
v 0.386719 0.028198 -0.240234
v 0.371094 0.031494 -0.271484
v 0.341797 0.031738 -0.314453
v 0.375000 -0.011658 -0.291016
v 0.355469 0.071289 -0.255859
v 0.039795 -0.123047 0.153320
v -0.112305 -0.015991 -0.170898
v -0.086426 -0.024902 -0.149414
v -0.125000 0.000372 -0.153320
v -0.142578 -0.002060 -0.185547
v -0.359375 -0.059326 0.145508
v -0.365234 -0.044678 0.101074
v -0.386719 -0.048340 0.136719
v -0.357422 -0.072754 0.195312
v -0.330078 -0.050537 0.149414
v -0.341797 -0.043701 0.115723
v -0.386719 -0.061279 0.189453
v 0.246094 0.157227 -0.232422
v 0.275391 0.146484 -0.193359
v 0.229492 0.160156 -0.183594
v 0.386719 -0.149414 -0.038818
v 0.384766 -0.166016 -0.025391
v 0.320312 -0.182617 -0.052979
v 0.347656 -0.158203 -0.041748
v -0.020508 0.059814 -0.496094
v -0.107422 0.121582 -0.460938
v -0.012939 0.115234 -0.470703
v -0.115234 0.063477 -0.490234
v -0.027222 0.000992 -0.500000
v 0.048584 0.051514 -0.476562
v -0.191406 -0.190430 -0.038330
v -0.135742 -0.182617 -0.053467
v -0.086426 -0.169922 -0.032227
v 0.128906 -0.054688 0.318359
v 0.131836 -0.054443 0.353516
v 0.149414 -0.056396 0.357422
v 0.167969 -0.127930 -0.373047
v 0.225586 -0.120605 -0.349609
v 0.095703 -0.147461 -0.378906
v -0.394531 0.035645 0.090820
v -0.376953 0.064941 0.097168
v -0.394531 0.025635 0.123047
v -0.410156 0.024658 0.058838
v -0.439453 -0.161133 0.500000
v -0.445312 -0.148438 0.500000
v -0.441406 -0.160156 0.488281
v -0.429688 -0.156250 0.500000
v -0.135742 -0.056885 -0.002670
v -0.143555 -0.089844 -0.005005
v -0.166992 -0.069336 -0.020020
v -0.111328 -0.041016 0.029419
v -0.161133 -0.034180 -0.016113
v 0.065918 -0.098145 0.100586
v 0.089355 -0.098633 0.167969
v 0.071289 -0.077148 0.096680
v 0.053711 -0.113281 0.107910
v 0.018433 -0.110840 0.061768
v -0.154297 0.042480 -0.104004
v -0.109863 0.045166 -0.124023
v -0.125977 0.019897 -0.127930
v -0.128906 0.024048 -0.116211
v -0.060059 0.010986 -0.133789
v -0.104492 0.019897 -0.143555
v -0.054932 -0.079590 -0.081543
v -0.039062 -0.045898 -0.064453
v -0.055908 -0.076172 -0.108398
v -0.056396 -0.052002 -0.090332
v -0.080078 -0.117188 -0.070312
v -0.031250 -0.080078 -0.051270
v -0.055420 -0.100586 -0.061035
v 0.257812 -0.137695 -0.248047
v 0.273438 -0.101562 -0.265625
v -0.308594 0.000900 0.052490
v -0.322266 -0.006866 0.067383
v -0.285156 0.042236 0.036377
v -0.177734 -0.101562 -0.275391
v 0.013367 -0.042969 0.000950
v -0.017700 -0.026855 -0.031494
v -0.039795 0.012390 -0.007996
v 0.003815 -0.021484 0.014343
v 0.026001 -0.032227 0.061768
v 0.035645 -0.051025 0.053467
v -0.012878 -0.008911 0.033691
v 0.400391 -0.227539 -0.103516
v 0.373047 -0.227539 -0.098145
v 0.384766 -0.232422 -0.065918
v 0.427734 -0.210938 -0.116211
v -0.226562 -0.168945 0.052490
v -0.201172 -0.169922 0.074219
v 0.287109 0.016724 -0.221680
v 0.359375 0.009949 -0.240234
v -0.127930 -0.077637 0.130859
v -0.131836 -0.105469 0.121094
v -0.115723 -0.063477 0.115234
v -0.275391 0.112793 0.000713
v -0.263672 0.121094 -0.054199
v -0.306641 0.125000 -0.072266
v -0.242188 0.114746 -0.047363
v -0.357422 -0.060791 0.052979
v 0.114258 0.133789 -0.408203
v 0.124512 0.166016 -0.355469
v 0.055908 0.105957 -0.457031
v 0.115234 0.081543 -0.439453
v 0.061035 0.155273 -0.427734
v 0.367188 -0.207031 0.127930
v 0.380859 -0.220703 0.125000
v 0.375000 -0.204102 0.133789
v 0.361328 -0.208008 0.113281
v -0.065918 -0.014648 -0.144531
v -0.056396 -0.050781 -0.136719
v 0.032715 -0.217773 -0.246094
v 0.089355 -0.207031 -0.242188
v 0.033936 -0.222656 -0.306641
v 0.037109 -0.196289 -0.190430
v 0.351562 -0.019775 0.051025
v 0.339844 -0.046387 0.072266
v 0.335938 -0.049072 0.087402
v 0.322266 -0.052246 0.082520
v 0.324219 -0.052002 0.064941
v 0.351562 -0.034668 0.082031
v 0.265625 -0.122559 -0.090820
v 0.310547 -0.136719 -0.062012
v 0.285156 -0.152344 -0.056641
v 0.322266 -0.130859 -0.090332
v 0.227539 -0.129883 -0.089355
v -0.328125 -0.012817 0.269531
v -0.318359 0.017822 0.210938
v -0.345703 0.001320 0.261719
v -0.220703 -0.152344 -0.008301
v -0.212891 -0.163086 -0.039062
v -0.236328 -0.180664 -0.062500
v -0.182617 -0.163086 -0.045654
v -0.130859 -0.038330 0.166992
v -0.136719 -0.009338 0.179688
v -0.141602 -0.022949 0.180664
v 0.339844 -0.055176 -0.238281
v 0.345703 -0.029175 -0.240234
v 0.378906 -0.080078 -0.230469
v 0.291016 -0.057129 -0.224609
v -0.197266 0.081055 0.033691
v -0.157227 0.058105 0.019287
v -0.239258 0.064941 0.037842
v -0.150391 0.069824 0.027588
v -0.182617 0.100098 0.011902
v -0.234375 0.076172 0.021606
v -0.339844 -0.091797 0.283203
v -0.345703 -0.112305 0.337891
v -0.333984 -0.082520 0.209961
v -0.318359 -0.073242 0.267578
v -0.357422 -0.103516 0.310547
v -0.330078 -0.093262 0.324219
v 0.275391 0.107422 -0.174805
v 0.296875 0.067383 -0.173828
v 0.328125 0.045898 -0.178711
v 0.310547 0.079590 -0.155273
v 0.275391 0.094238 -0.173828
v 0.296875 0.083008 -0.169922
v 0.292969 0.089844 -0.163086
v 0.285156 0.095215 -0.180664
v -0.157227 -0.201172 0.011475
v -0.132812 -0.193359 -0.022705
v -0.097656 -0.182617 0.011047
v -0.190430 -0.194336 -0.017822
v -0.221680 -0.194336 0.004364
v -0.382812 -0.017090 -0.261719
v -0.371094 -0.066406 -0.237305
v -0.322266 -0.063477 -0.339844
v -0.324219 -0.161133 0.108398
v -0.324219 -0.159180 0.076660
v -0.310547 -0.148438 0.078125
v -0.314453 -0.151367 0.048584
v 0.036621 -0.004120 -0.464844
v 0.104004 -0.007263 -0.441406
v 0.111328 0.096191 -0.408203
v 0.105957 0.046875 -0.431641
v 0.052246 0.088867 -0.439453
v 0.030151 0.054443 -0.460938
v 0.115234 -0.098145 0.230469
v 0.095215 -0.111816 0.216797
v 0.144531 -0.085938 0.291016
v 0.144531 -0.105957 0.296875
v 0.116699 -0.082520 0.227539
v -0.165039 0.167969 -0.120117
v -0.154297 0.123047 -0.104004
v -0.198242 0.123047 -0.074707
v -0.186523 0.196289 -0.175781
v -0.218750 0.151367 -0.090332
v -0.056152 -0.094727 -0.171875
v -0.064453 -0.091797 -0.136719
v -0.090332 -0.116699 -0.162109
v -0.084961 -0.110840 -0.200195
v 0.324219 0.003998 0.106934
v 0.322266 -0.016968 0.110352
v 0.337891 0.002365 0.105469
v 0.332031 0.017090 0.093750
v 0.332031 -0.007416 0.109375
v 0.277344 -0.198242 -0.064453
v 0.285156 -0.169922 -0.045410
v 0.277344 -0.211914 -0.096680
v 0.224609 -0.189453 -0.086914
v 0.226562 -0.160156 -0.066406
v -0.437500 -0.112793 0.500000
v -0.416016 -0.108398 0.500000
v -0.388672 -0.109375 0.488281
v -0.408203 -0.096191 0.488281
v -0.431641 -0.102539 0.492188
v -0.390625 -0.120117 0.496094
v -0.205078 -0.142578 -0.040527
v -0.193359 -0.112305 -0.037842
v 0.417969 -0.141602 -0.199219
v -0.291016 -0.206055 0.170898
v -0.273438 -0.197266 0.153320
v -0.277344 -0.195312 0.180664
v -0.292969 -0.203125 0.190430
v 0.324219 -0.001511 -0.204102
v 0.312500 -0.009277 -0.223633
v -0.130859 -0.128906 -0.007538
v -0.191406 -0.148438 -0.005310
v -0.107910 -0.103516 0.018066
v -0.318359 0.059326 -0.332031
v -0.361328 -0.003036 -0.253906
v -0.320312 0.001266 -0.332031
v -0.416016 -0.140625 0.435547
v -0.400391 -0.117676 0.396484
v -0.404297 -0.156250 0.425781
v -0.417969 -0.168945 0.451172
v -0.429688 -0.145508 0.458984
v 0.216797 0.045654 -0.091797
v 0.185547 0.099121 -0.108398
v 0.402344 -0.233398 0.001602
v -0.096191 -0.032715 -0.204102
v -0.113770 -0.032227 -0.240234
v -0.084473 -0.049316 -0.230469
v -0.067383 -0.055176 -0.200195
v 0.045654 -0.165039 -0.145508
v 0.058105 -0.118652 -0.119629
v -0.001244 -0.140625 -0.118652
v 0.089844 -0.184570 -0.188477
v 0.347656 -0.010010 0.103027
v 0.355469 -0.013977 0.085449
v 0.349609 0.003067 0.091797
v 0.335938 -0.016235 0.108887
v 0.351562 -0.025024 0.098145
v 0.180664 -0.096680 -0.414062
v 0.181641 -0.052002 -0.423828
v 0.302734 -0.056641 -0.369141
v 0.251953 -0.006317 -0.404297
v 0.245117 -0.100586 -0.388672
v 0.249023 -0.056152 -0.400391
v -0.292969 0.093750 0.054199
v -0.300781 0.102051 0.043945
v -0.176758 -0.185547 -0.292969
v -0.146484 -0.202148 -0.251953
v -0.135742 -0.184570 -0.320312
v -0.180664 -0.146484 -0.357422
v -0.070312 -0.031738 0.041504
v -0.043701 -0.062500 0.092773
v -0.089844 0.006958 0.015320
v -0.029175 -0.042236 0.086426
v 0.394531 -0.102539 -0.166016
v 0.425781 -0.131836 -0.163086
v -0.181641 0.035400 0.101562
v -0.193359 -0.008972 0.157227
v 0.202148 0.171875 -0.225586
v -0.375000 0.067871 -0.034424
v -0.373047 0.054688 0.012329
v -0.382812 0.019043 0.007446
v -0.390625 0.031250 -0.041260
v -0.369141 0.078613 -0.094727
v -0.353516 0.099121 -0.031738
v -0.314453 -0.100098 -0.203125
v -0.283203 -0.141602 -0.183594
v -0.277344 -0.110840 -0.308594
v -0.177734 0.052734 0.057617
v -0.181641 0.049316 0.024658
v -0.211914 0.058594 0.055420
v 0.357422 -0.137695 -0.057129
v -0.318359 -0.034180 0.275391
v -0.320312 -0.058594 0.271484
v -0.219727 -0.187500 0.019897
v -0.209961 -0.166992 0.021240
v -0.201172 -0.186523 0.028687
v -0.236328 -0.203125 -0.003372
v 0.347656 -0.014954 -0.277344
v 0.316406 -0.041504 -0.310547
v 0.357422 -0.015320 -0.257812
v 0.361328 0.013000 -0.245117
v 0.345703 -0.045410 -0.283203
v 0.343750 0.018799 -0.263672
v -0.043701 -0.085449 0.100586
v -0.042480 -0.107422 0.083496
v -0.004974 -0.113281 0.136719
v -0.004974 -0.092285 0.150391
v -0.068359 -0.072754 0.058350
v -0.259766 0.153320 -0.116699
v -0.263672 0.184570 -0.182617
v -0.312500 -0.173828 0.197266
v -0.300781 -0.181641 0.204102
v -0.314453 -0.186523 0.196289
v -0.306641 -0.164062 0.193359
v 0.294922 0.010193 -0.173828
v 0.253906 0.022705 -0.141602
v 0.208984 0.048828 -0.148438
v 0.229492 0.033447 -0.108398
v 0.271484 0.027222 -0.182617
v 0.292969 0.009155 -0.127930
v 0.423828 -0.141602 0.000175
v 0.396484 -0.131836 0.002670
v 0.421875 -0.149414 0.037109
v 0.439453 -0.166016 0.038574
v 0.445312 -0.161133 0.002594
v 0.071289 0.197266 -0.328125
v 0.065430 0.184570 -0.384766
v -0.002655 0.168945 -0.433594
v -0.102051 -0.150391 -0.064453
v -0.152344 -0.154297 -0.052490
v -0.134766 -0.159180 -0.084961
v -0.118164 -0.142578 -0.037842
v -0.142578 -0.144531 -0.015442
v 0.207031 -0.225586 -0.222656
v 0.255859 -0.231445 -0.191406
v -0.347656 -0.039062 0.081543
v -0.267578 -0.208008 -0.072754
v -0.247070 -0.211914 -0.040039
v -0.275391 -0.209961 -0.038818
v -0.257812 -0.206055 -0.099609
v 0.326172 -0.102051 -0.287109
v 0.308594 -0.139648 -0.267578
v 0.341797 -0.107910 -0.271484
v 0.343750 -0.072754 -0.281250
v 0.314453 -0.078613 -0.306641
v 0.351562 -0.080566 -0.267578
v -0.242188 0.039062 0.008118
v -0.273438 0.027100 0.020020
v -0.244141 0.045898 0.026123
v -0.244141 0.048828 0.057129
v -0.275391 0.023438 0.049561
v -0.330078 -0.103516 0.371094
v -0.320312 -0.072754 0.318359
v 0.335938 0.066406 -0.047119
v 0.328125 0.072266 -0.090820
v 0.333984 0.065430 -0.140625
v 0.351562 0.050537 -0.076172
v 0.357422 0.043213 -0.122559
v -0.058594 -0.184570 0.029419
v -0.059326 -0.163086 0.027344
v -0.063477 -0.176758 0.039307
v -0.075684 -0.188477 0.046143
v -0.067383 -0.194336 0.035156
v -0.188477 -0.018311 -0.248047
v -0.195312 -0.031982 -0.277344
v -0.287109 -0.099609 0.121094
v -0.326172 -0.067383 0.100098
v -0.314453 -0.090332 0.102051
v -0.289062 -0.109375 0.088867
v 0.185547 0.138672 -0.277344
v 0.133789 0.148438 -0.330078
v 0.149414 0.151367 -0.287109
v 0.384766 -0.208984 0.138672
v 0.396484 -0.212891 0.139648
v 0.378906 -0.188477 0.138672
v 0.404297 -0.197266 0.145508
v 0.390625 -0.195312 0.145508
v -0.062500 -0.026245 -0.104492
v -0.076172 -0.015625 -0.094238
v -0.110840 -0.121094 -0.457031
v -0.100586 -0.167969 -0.408203
v 0.035400 -0.070801 0.048340
v 0.011841 -0.066406 -0.007874
v -0.018921 -0.057129 -0.046631
v 0.150391 -0.023560 -0.168945
v 0.155273 -0.062500 -0.172852
v 0.106445 -0.044922 -0.145508
v 0.191406 -0.058594 -0.190430
v -0.347656 0.093262 0.093750
v -0.335938 0.116699 0.054932
v -0.316406 0.108887 0.106445
v -0.382812 -0.046875 0.109863
v -0.398438 -0.046143 0.149414
v -0.394531 -0.029053 0.110352
v -0.369141 -0.054199 0.110840
v 0.111816 0.178711 -0.267578
v 0.043701 0.204102 -0.273438
v 0.144531 0.169922 -0.245117
v 0.140625 0.174805 -0.300781
v 0.112305 -0.115723 0.363281
v 0.117676 -0.131836 0.355469
v 0.123047 -0.132812 0.376953
v 0.116211 -0.116211 0.382812
v 0.102051 -0.087891 0.332031
v 0.112793 -0.095703 0.365234
v -0.212891 0.078125 -0.037598
v -0.165039 0.064453 -0.052490
v -0.118164 0.036621 -0.062012
v -0.185547 0.088867 -0.015381
v -0.143555 0.076172 -0.025024
v -0.171875 0.064941 -0.067871
v -0.024902 -0.205078 -0.365234
v -0.097168 -0.203125 -0.349609
v 0.041260 -0.163086 -0.416016
v 0.035889 -0.201172 -0.365234
v -0.024658 -0.168945 -0.419922
v -0.025146 -0.225586 -0.302734
v 0.316406 -0.020630 -0.025513
v 0.221680 -0.040039 -0.224609
v -0.384766 0.019165 0.148438
v 0.019531 -0.051514 0.164062
v 0.006622 -0.068848 0.165039
v 0.038574 -0.065430 0.209961
v 0.055420 -0.044922 0.185547
v 0.054199 -0.052002 0.210938
v 0.380859 -0.022583 -0.247070
v 0.388672 -0.015076 -0.261719
v -0.201172 0.073242 0.007629
v -0.382812 -0.140625 0.496094
v -0.122559 -0.184570 0.050781
v -0.133789 -0.202148 0.034912
v -0.090820 -0.178711 0.050537
v -0.172852 -0.173828 0.038574
v -0.165039 -0.191406 0.038818
v -0.092285 -0.191406 0.048340
v -0.137695 -0.161133 0.037109
v -0.318359 -0.194336 0.190430
v -0.306641 -0.196289 0.195312
v -0.320312 -0.199219 0.180664
v 0.194336 -0.018799 -0.185547
v 0.164062 -0.023193 -0.164062
v 0.170898 -0.049316 -0.166016
v 0.196289 0.008057 -0.184570
v 0.162109 0.013794 -0.166016
v 0.353516 -0.157227 -0.023804
v -0.004852 0.110840 -0.451172
v -0.000656 0.155273 -0.417969
v -0.021729 0.098633 -0.457031
v 0.275391 -0.163086 -0.214844
v 0.263672 -0.166016 -0.213867
v -0.242188 -0.114258 -0.246094
v -0.228516 -0.089844 -0.267578
v -0.087402 -0.009766 0.038574
v -0.114746 -0.004517 0.032227
v -0.090332 -0.039062 0.026489
v -0.070312 -0.043945 0.052490
v -0.068359 0.008362 0.034668
v 0.355469 -0.212891 -0.065430
v 0.345703 -0.217773 -0.102539
v -0.198242 -0.007141 0.166016
v 0.281250 -0.002563 -0.349609
v 0.300781 0.063965 -0.283203
v 0.279297 0.033447 -0.341797
v 0.314453 0.029419 -0.296875
v -0.330078 0.170898 -0.163086
v -0.335938 0.180664 -0.242188
v -0.332031 0.155273 -0.104492
v -0.292969 -0.118652 -0.222656
v -0.275391 -0.102539 -0.253906
v -0.265625 -0.111816 -0.253906
v -0.283203 -0.142578 -0.173828
v -0.277344 -0.127930 -0.226562
v -0.131836 -0.012146 0.028564
v -0.137695 0.011169 0.053467
v -0.154297 -0.018188 0.002533
v -0.121094 -0.048340 0.032715
v 0.324219 0.003967 -0.155273
v 0.332031 0.003525 -0.094727
v 0.316406 0.020020 -0.191406
v 0.363281 0.011597 -0.120605
v -0.322266 0.082031 0.132812
v -0.294922 0.082520 0.120605
v -0.304688 0.059326 0.158203
v 0.320312 0.096680 -0.202148
v 0.333984 0.059082 -0.243164
v 0.308594 0.110840 -0.164062
v 0.117676 -0.131836 0.339844
v 0.127930 -0.136719 0.337891
v -0.180664 0.013733 -0.020752
v -0.367188 -0.123535 0.359375
v -0.359375 -0.142578 0.394531
v -0.343750 -0.122070 0.378906
v 0.231445 0.130859 -0.104004
v 0.269531 0.121094 -0.109375
v 0.249023 0.105469 -0.078613
v 0.439453 -0.208984 0.073730
v 0.443359 -0.209961 0.039551
v 0.441406 -0.187500 0.077148
v 0.419922 -0.222656 0.102051
v -0.114746 -0.185547 -0.132812
v -0.104980 -0.166992 -0.101074
v -0.146484 -0.203125 -0.153320
v -0.094238 -0.160156 -0.125000
v 0.068359 -0.055420 0.102051
v 0.091797 -0.081055 0.161133
v 0.108887 -0.129883 -0.427734
v -0.369141 0.011719 0.047607
v -0.351562 0.083008 0.021484
v -0.371094 0.044922 0.052490
v -0.271484 -0.153320 -0.056396
v -0.248047 -0.157227 -0.039795
v -0.255859 -0.174805 -0.043213
v -0.267578 -0.166016 -0.076660
v -0.261719 -0.173828 -0.116699
v -0.294922 -0.142578 -0.120117
v -0.126953 -0.023926 0.149414
v -0.120117 -0.029785 0.132812
v -0.127930 -0.042236 0.142578
v -0.138672 -0.024292 0.161133
v -0.123535 -0.014465 0.131836
v -0.143555 -0.045166 0.153320
v 0.300781 -0.231445 -0.214844
v 0.337891 -0.209961 -0.235352
v 0.341797 -0.223633 -0.189453
v 0.292969 -0.216797 -0.255859
v -0.215820 -0.146484 0.138672
v -0.202148 -0.168945 0.112305
v -0.169922 -0.159180 0.112305
v -0.111328 -0.101562 0.010071
v -0.298828 -0.209961 0.026978
v 0.402344 -0.166992 0.128906
v 0.398438 -0.175781 0.138672
v -0.051270 0.104492 -0.135742
v 0.026001 0.069824 -0.120117
v -0.052490 0.053711 -0.126953
v -0.095215 -0.096680 -0.217773
v -0.135742 -0.121582 -0.198242
v -0.068359 -0.084961 -0.193359
v 0.306641 0.034668 0.054199
v 0.291016 0.024536 0.060547
v 0.310547 0.022583 0.085938
v 0.328125 0.029907 0.066406
v 0.308594 0.009155 0.100586
v 0.159180 -0.133789 -0.137695
v 0.158203 -0.088867 -0.153320
v -0.392578 -0.060547 0.392578
v -0.417969 -0.083496 0.441406
v -0.404297 -0.071777 0.433594
v -0.421875 -0.089844 0.472656
v -0.320312 -0.185547 0.011169
v -0.308594 -0.176758 -0.034424
v -0.310547 -0.202148 0.014465
v -0.306641 -0.158203 -0.031738
v -0.302734 -0.198242 -0.033691
v -0.159180 -0.048340 0.164062
v -0.142578 -0.070312 0.151367
v -0.187500 -0.031982 0.171875
v -0.192383 -0.053223 0.167969
v -0.163086 -0.035156 0.170898
v -0.146484 -0.037354 0.172852
v 0.330078 -0.108887 -0.209961
v 0.306641 -0.064941 -0.234375
v 0.333984 -0.081055 -0.237305
v -0.294922 0.046875 0.133789
v -0.221680 -0.082031 0.156250
v -0.190430 -0.105957 0.150391
v -0.263672 -0.082031 0.146484
v 0.308594 0.127930 -0.158203
v 0.314453 0.131836 -0.201172
v -0.058594 -0.156250 0.013794
v -0.063965 -0.148438 0.000881
v -0.082520 -0.141602 0.014221
v -0.206055 -0.018433 -0.273438
v -0.172852 -0.001518 -0.255859
v -0.223633 -0.048340 -0.289062
v -0.267578 -0.149414 0.034424
v -0.257812 -0.168945 0.058838
v -0.279297 -0.140625 0.000927
v -0.291016 -0.142578 0.047852
v 0.183594 0.048828 -0.412109
v 0.173828 0.095215 -0.398438
v 0.406250 -0.210938 0.141602
v 0.398438 -0.222656 0.128906
v -0.047119 -0.107910 -0.115723
v 0.017578 -0.030518 -0.091309
v 0.010620 -0.086426 -0.103027
v -0.031738 -0.052734 -0.104492
v -0.161133 -0.194336 -0.191406
v 0.186523 -0.068848 -0.152344
v -0.373047 0.002625 0.248047
v -0.394531 0.002075 0.192383
v -0.371094 0.023071 0.199219
v -0.222656 -0.095215 -0.279297
v -0.214844 -0.072266 -0.287109
v -0.243164 -0.099609 -0.271484
v -0.234375 -0.073242 -0.285156
v -0.122559 0.038574 0.013550
v -0.131836 0.023438 0.032715
v -0.117676 0.042480 -0.020020
v -0.124023 0.002670 0.016113
v 0.353516 -0.173828 -0.133789
v -0.165039 -0.206055 0.019165
v -0.201172 -0.201172 0.004150
v -0.165039 -0.211914 -0.006622
v -0.123535 -0.214844 0.015564
v 0.378906 -0.054443 -0.250000
v 0.106445 -0.127930 0.300781
v 0.118652 -0.127930 0.298828
v 0.139648 -0.137695 0.332031
v 0.075684 -0.115723 0.253906
v 0.097168 -0.121094 0.308594
v -0.208008 0.089844 -0.057129
v -0.153320 0.090332 -0.085449
v -0.410156 -0.166016 0.500000
v -0.443359 -0.137695 0.500000
v -0.417969 -0.152344 0.500000
v 0.416016 -0.153320 0.075684
v 0.386719 -0.155273 0.105469
v 0.410156 -0.160156 0.112793
v 0.433594 -0.168945 0.075684
v 0.394531 -0.141602 0.038574
v -0.022339 0.214844 -0.261719
v -0.077148 0.231445 -0.296875
v -0.065918 0.215820 -0.233398
v 0.005035 0.188477 -0.203125
v -0.123047 -0.143555 -0.094238
v -0.171875 -0.167969 -0.070312
v -0.120117 -0.143555 -0.061768
v 0.109863 -0.052246 0.273438
v 0.156250 -0.198242 -0.324219
v 0.166992 -0.169922 -0.361328
v 0.225586 -0.178711 -0.333984
v 0.089844 -0.212891 -0.294922
v 0.096680 -0.197266 -0.349609
v 0.144531 -0.207031 -0.277344
v 0.206055 -0.207031 -0.294922
v -0.390625 -0.042480 0.063477
v -0.380859 -0.039795 0.087402
v -0.365234 -0.049805 0.089355
v -0.376953 -0.094727 0.308594
v -0.361328 -0.083496 0.200195
v -0.113281 -0.001579 -0.480469
v -0.113770 -0.058105 -0.468750
v -0.109863 0.054443 -0.470703
v -0.030273 -0.001495 -0.488281
v -0.085938 -0.143555 -0.026733
v -0.105957 -0.139648 -0.000240
v 0.261719 -0.047363 -0.257812
v 0.242188 -0.048340 -0.241211
v 0.265625 -0.007996 -0.263672
v -0.310547 0.116699 0.069824
v -0.302734 0.124023 0.037109
v -0.181641 -0.213867 -0.185547
v -0.155273 -0.218750 -0.265625
v -0.136719 -0.219727 -0.210938
v 0.011658 -0.067383 0.158203
v 0.003632 -0.088867 0.157227
v -0.045898 -0.086914 0.086426
v -0.079102 -0.059082 0.044922
v 0.363281 -0.141602 -0.083008
v 0.373047 -0.166992 -0.080566
v -0.170898 -0.017212 0.173828
v -0.156250 -0.022705 0.177734
v -0.153320 -0.006683 0.175781
v -0.166016 0.001083 0.166016
v 0.265625 0.096191 -0.277344
v 0.300781 0.098633 -0.238281
v 0.289062 0.123535 -0.194336
v 0.261719 0.124512 -0.233398
v -0.396484 -0.006317 -0.044434
v -0.384766 0.039795 -0.105957
v -0.376953 0.053711 -0.180664
v -0.388672 -0.005219 -0.107910
v 0.200195 -0.007660 -0.204102
v 0.146484 -0.099121 0.402344
v 0.145508 -0.076172 0.396484
v 0.153320 -0.091797 0.398438
v 0.140625 -0.118164 0.394531
v -0.136719 0.090332 0.005157
v 0.033936 -0.109375 -0.439453
v 0.355469 0.015381 0.001495
v 0.353516 -0.000315 0.059570
v 0.351562 0.014404 0.030029
v 0.277344 -0.219727 -0.136719
v 0.310547 -0.231445 -0.167969
v -0.335938 -0.076660 0.269531
v -0.359375 -0.081543 0.263672
v -0.330078 -0.064453 0.201172
v -0.300781 -0.122559 -0.177734
v -0.291016 -0.130859 -0.181641
v 0.324219 -0.150391 -0.312500
v -0.212891 0.037354 0.010071
v -0.212891 0.045654 0.002335
v -0.185547 0.035156 0.004791
v -0.201172 0.040527 0.038818
v -0.296875 -0.195312 0.199219
v 0.296875 0.020020 -0.077148
v -0.129883 -0.109375 0.064453
v -0.159180 -0.132812 0.039551
v -0.168945 -0.149414 0.072754
v -0.145508 -0.127930 0.055908
v -0.148438 -0.134766 0.083008
v -0.382812 0.068359 -0.267578
v -0.408203 0.061523 -0.193359
v -0.361328 0.132812 -0.257812
v -0.316406 0.118652 -0.333984
v -0.339844 0.060547 -0.343750
v -0.408203 -0.000341 -0.192383
v -0.449219 -0.143555 0.496094
v -0.439453 -0.155273 0.476562
v -0.429688 -0.176758 0.482422
v 0.141602 0.016479 -0.169922
v 0.101562 0.004578 -0.142578
v 0.040771 0.029907 -0.112793
v 0.098145 0.055908 -0.159180
v 0.065430 -0.087402 0.109863
v 0.043701 -0.060303 0.078613
v 0.069824 -0.066406 0.123047
v -0.076172 0.215820 -0.298828
v -0.120117 0.206055 -0.213867
v -0.146484 0.221680 -0.275391
v -0.243164 0.186523 -0.273438
v -0.075195 -0.136719 -0.151367
v -0.017944 -0.112793 -0.139648
v -0.063477 -0.098145 -0.138672
v 0.310547 -0.004700 0.106445
v 0.306641 -0.016602 0.104492
v 0.101562 -0.164062 -0.394531
v 0.238281 -0.142578 -0.367188
v -0.373047 -0.025879 0.036377
v -0.390625 -0.015564 0.001343
v -0.214844 -0.050537 -0.291016
v -0.216797 -0.070312 -0.275391
v -0.056885 0.022705 0.014099
v -0.110840 0.039062 0.036621
v -0.095215 0.055908 -0.005432
v -0.098145 0.054443 0.017334
v 0.314453 -0.185547 -0.134766
v 0.378906 -0.185547 -0.076172
v -0.227539 -0.032715 0.160156
v -0.265625 -0.180664 0.130859
v -0.269531 -0.180664 0.166016
v 0.296875 -0.034180 -0.230469
v -0.165039 -0.070312 0.160156
v -0.162109 -0.100586 0.157227
v -0.121582 -0.049805 0.138672
v -0.306641 0.107910 -0.017944
v -0.326172 0.091309 0.043701
v -0.339844 -0.110840 0.051758
v -0.302734 -0.134766 0.027588
v -0.376953 -0.073730 0.058350
v -0.369141 -0.088379 0.031250
v -0.351562 -0.103027 0.077148
v -0.337891 -0.113281 0.023926
v 0.175781 0.118652 -0.335938
v 0.166992 0.096191 -0.373047
v 0.218750 0.087402 -0.333984
v 0.118164 0.130859 -0.378906
v 0.384766 -0.226562 0.106445
v -0.058105 -0.074707 -0.113770
v -0.064453 -0.021973 -0.079102
v 0.039062 -0.167969 -0.191406
v 0.045898 -0.137695 -0.156250
v 0.031982 -0.194336 -0.251953
v -0.017700 -0.174805 -0.190430
v 0.024902 -0.074707 0.044922
v -0.351562 -0.015625 0.306641
v -0.353516 -0.051514 0.380859
v -0.373047 -0.012024 0.292969
v -0.208984 -0.208008 -0.031494
v 0.074707 -0.064453 0.269531
v 0.353516 -0.123535 -0.222656
v 0.333984 -0.136719 -0.179688
v 0.349609 -0.095215 -0.245117
v -0.230469 0.031250 0.055664
v -0.209961 0.039795 0.080566
v -0.238281 0.021118 0.098145
v -0.294922 -0.104980 0.140625
v -0.251953 -0.125977 0.143555
v -0.228516 -0.118652 0.155273
v -0.275391 -0.092773 0.156250
v -0.306641 -0.059570 0.142578
v 0.287109 0.083496 -0.191406
v 0.279297 0.101562 -0.200195
v -0.178711 -0.150391 -0.009888
v -0.221680 -0.051270 -0.417969
v -0.227539 0.001968 -0.429688
v -0.302734 -0.059570 -0.324219
v -0.384766 -0.107910 -0.082031
v -0.402344 -0.052002 -0.147461
v -0.400391 -0.085938 -0.035645
v -0.416016 -0.056885 -0.073730
v -0.333984 -0.153320 -0.062500
v -0.361328 -0.129883 -0.037354
v -0.373047 -0.103516 -0.144531
v -0.141602 0.012146 0.142578
v 0.343750 -0.126953 -0.253906
v -0.259766 0.014709 0.054443
v -0.375000 -0.172852 0.457031
v -0.371094 -0.165039 0.429688
v -0.355469 -0.146484 0.441406
v -0.392578 -0.188477 0.466797
v -0.369141 -0.156250 0.468750
v 0.341797 -0.008972 -0.062988
v 0.357422 0.003830 -0.098145
v 0.355469 0.007935 -0.056152
v 0.332031 -0.018555 -0.029663
v 0.314453 -0.017456 -0.059814
v -0.032715 -0.118652 0.064941
v -0.020996 -0.116699 0.035156
v 0.000111 -0.124023 0.119141
v 0.016968 -0.126953 0.096680
v -0.058838 -0.113281 0.020752
v -0.166016 0.007782 -0.224609
v -0.136719 0.004852 -0.216797
v -0.269531 -0.152344 0.076660
v -0.320312 -0.116699 0.102539
v -0.237305 -0.165039 0.093262
v -0.306641 -0.132812 0.063965
v 0.289062 0.065918 -0.263672
v 0.417969 -0.173828 0.128906
v 0.410156 -0.182617 0.140625
v -0.028931 -0.112793 -0.449219
v -0.032227 -0.059326 -0.478516
v 0.034912 -0.058594 -0.462891
v -0.107422 -0.109863 -0.443359
v -0.097656 -0.154297 -0.394531
v 0.178711 -0.185547 -0.176758
v 0.225586 -0.202148 -0.145508
v 0.151367 -0.149414 -0.171875
v 0.181641 -0.175781 -0.133789
v -0.402344 -0.014832 0.144531
v -0.402344 -0.054932 0.202148
v -0.410156 -0.018311 0.189453
v -0.255859 -0.174805 -0.166016
v -0.234375 -0.172852 -0.239258
v -0.104492 -0.030884 0.086914
v 0.324219 0.109375 -0.250000
v 0.289062 0.135742 -0.240234
v 0.345703 0.104004 -0.210938
v 0.056396 -0.104980 0.117676
v -0.002350 -0.109863 0.061768
v 0.030151 -0.114746 0.131836
v -0.165039 0.046143 -0.056396
v -0.121094 0.083008 -0.115234
v -0.126953 0.024048 -0.070312
v -0.376953 -0.113281 0.353516
v -0.375000 -0.147461 0.398438
v -0.386719 -0.135742 0.392578
v 0.187500 0.058594 -0.132812
v 0.427734 -0.229492 0.004822
v 0.396484 -0.235352 -0.034668
v 0.423828 -0.231445 -0.034912
v 0.376953 -0.223633 0.001877
v -0.078125 -0.057617 -0.253906
v -0.093750 -0.027954 -0.259766
v -0.076172 -0.116211 -0.040527
v -0.136719 -0.144531 -0.035889
v -0.202148 -0.165039 -0.040039
v 0.141602 -0.062988 0.388672
v 0.137695 -0.055908 0.376953
v 0.124023 -0.062988 0.378906
v 0.166992 -0.100586 -0.166992
v -0.382812 0.047119 0.144531
v -0.355469 0.069336 0.134766
v -0.160156 0.033936 0.061279
v -0.371094 -0.098633 0.449219
v -0.375000 -0.131836 0.480469
v -0.359375 -0.120605 0.445312
v -0.347656 -0.079102 0.406250
v -0.373047 -0.074219 0.423828
v 0.355469 0.037354 -0.231445
v -0.296875 0.177734 -0.138672
v 0.328125 -0.004517 -0.161133
v 0.229492 0.014587 -0.182617
v 0.445312 -0.156250 -0.033203
v 0.453125 -0.182617 -0.071777
v 0.445312 -0.149414 -0.068359
v 0.451172 -0.185547 -0.031738
v -0.064941 -0.047363 -0.094727
v 0.204102 -0.179688 -0.259766
v 0.207031 -0.158203 -0.306641
v 0.146484 -0.174805 -0.255859
v -0.380859 0.003311 0.071289
v -0.376953 0.034180 0.078125
v -0.375000 -0.025879 0.064941
v -0.369141 -0.017212 0.050293
v -0.261719 -0.152344 -0.136719
v -0.259766 -0.180664 -0.020020
v 0.283203 -0.079590 -0.337891
v 0.316406 -0.006653 -0.306641
v -0.239258 0.093262 -0.008606
v -0.229492 0.110352 -0.035889
v -0.246094 0.113770 0.015442
v -0.269531 0.092773 0.044189
v -0.267578 0.075684 0.023926
v -0.238281 0.080078 0.003891
v 0.369141 0.023071 -0.090820
v -0.053955 -0.174805 0.013550
v 0.248047 0.138672 -0.184570
v 0.220703 0.141602 -0.226562
v 0.210938 0.144531 -0.170898
v 0.186523 0.146484 -0.219727
v 0.223633 0.119141 -0.277344
v -0.088379 -0.226562 -0.291016
v 0.172852 -0.129883 -0.140625
v 0.194336 -0.154297 -0.103516
v 0.114746 -0.124512 -0.165039
v -0.396484 -0.017212 0.135742
v -0.289062 -0.210938 -0.002701
v -0.261719 -0.211914 -0.009338
v 0.113281 -0.027100 -0.455078
v 0.118164 0.030396 -0.451172
v 0.184570 0.000013 -0.421875
v 0.111816 -0.085449 -0.445312
v -0.102539 0.005341 -0.092773
v -0.127930 0.013428 -0.165039
v -0.083984 -0.097656 -0.230469
v 0.341797 0.030029 0.035645
v 0.345703 0.016602 0.068359
v 0.237305 -0.189453 -0.110840
v 0.279297 -0.201172 -0.131836
v -0.398438 -0.078125 0.357422
v -0.398438 -0.018066 0.247070
v -0.133789 -0.136719 -0.028687
v -0.167969 -0.144531 -0.021240
v 0.435547 -0.173828 -0.158203
v 0.447266 -0.179688 -0.118164
v -0.277344 -0.166016 0.184570
v -0.294922 -0.156250 0.176758
v -0.273438 -0.180664 0.187500
v 0.287109 0.040039 -0.196289
v -0.283203 0.166016 -0.312500
v -0.182617 0.215820 -0.341797
v -0.435547 -0.128906 0.500000
v -0.447266 -0.120605 0.498047
v 0.200195 0.123047 -0.100586
v 0.173828 0.135742 -0.137695
v -0.144531 0.010254 -0.194336
v -0.012085 -0.178711 -0.145508
v -0.059082 -0.153320 -0.121094
v -0.073730 -0.185547 -0.149414
v 0.326172 -0.030396 0.105957
v 0.322266 -0.046387 0.092285
v 0.330078 -0.040771 0.099121
v 0.339844 -0.027588 0.104980
v 0.310547 -0.029297 0.102539
v -0.265625 0.095703 -0.000885
v -0.294922 0.068848 0.049072
v -0.253906 0.071289 -0.001060
v -0.118164 -0.037109 0.010864
v 0.343750 -0.095703 -0.196289
v 0.287109 -0.076660 -0.202148
v 0.386719 -0.092773 -0.199219
v 0.312500 -0.095703 -0.169922
v 0.337891 -0.079102 -0.224609
v -0.242188 0.043457 0.088379
v -0.291016 -0.153320 0.117188
v -0.271484 -0.158203 0.085449
v -0.308594 -0.152344 0.111328
v -0.287109 -0.148438 0.083496
v 0.267578 0.076660 -0.217773
v 0.277344 0.035156 -0.261719
v 0.263672 0.046143 -0.235352
v -0.425781 -0.037842 -0.034180
v -0.425781 -0.009705 -0.109863
v -0.447266 -0.131836 0.486328
v 0.143555 0.065918 -0.166992
v 0.123047 -0.001907 -0.129883
v 0.106934 0.058594 -0.145508
v 0.037598 0.045166 -0.084473
v -0.079590 -0.202148 0.037598
v -0.067871 -0.201172 0.025513
v -0.081055 -0.031494 -0.169922
v -0.120605 -0.019897 -0.194336
v -0.144531 -0.020752 -0.227539
v -0.111328 -0.155273 -0.085938
v -0.099609 -0.165039 -0.077148
v -0.082520 -0.116211 -0.097656
v 0.141602 -0.068359 0.292969
v 0.136719 -0.057373 0.304688
v -0.337891 0.085449 0.070801
v -0.357422 0.073242 0.060547
v 0.004303 -0.063477 -0.000065
v 0.439453 -0.144531 -0.111816
v 0.402344 -0.110840 -0.206055
v -0.214844 0.025269 0.118164
v -0.152344 -0.133789 0.110840
v -0.109375 0.177734 -0.130859
v -0.061523 0.184570 -0.171875
v -0.013794 0.155273 -0.147461
v -0.019897 -0.147461 -0.156250
v -0.073242 -0.170898 -0.177734
v 0.322266 -0.213867 -0.081543
v 0.349609 -0.152344 -0.181641
v -0.308594 -0.204102 0.185547
v 0.292969 -0.003830 -0.131836
v 0.333984 -0.003799 -0.110352
v 0.289062 0.004578 -0.100098
v 0.255859 0.006744 -0.134766
v 0.308594 -0.012451 -0.095215
v -0.380859 -0.001724 -0.180664
v -0.341797 0.124023 -0.250000
v -0.363281 0.064453 -0.255859
v -0.243164 -0.208008 -0.129883
v 0.296875 -0.101074 -0.359375
v -0.211914 -0.110352 0.159180
v -0.195312 -0.082031 0.164062
v -0.186523 -0.104980 0.159180
v 0.337891 0.064453 -0.166016
v -0.213867 -0.051514 -0.279297
v -0.279297 -0.134766 0.115723
v -0.051025 0.001266 -0.044189
v 0.208008 -0.040527 -0.184570
v 0.251953 -0.063477 -0.177734
v 0.217773 -0.058594 -0.163086
v -0.332031 0.061279 0.170898
v -0.367188 0.053223 0.188477
v 0.034424 -0.086426 0.208984
v -0.028076 -0.063477 0.119629
v -0.235352 0.082031 -0.050049
v 0.238281 0.040771 -0.165039
v 0.398438 -0.122559 -0.035645
v 0.371094 -0.134766 -0.027588
v 0.120117 -0.059570 0.359375
v -0.378906 -0.037598 0.096191
v -0.384766 -0.015442 0.097168
v 0.308594 -0.099121 -0.121094
v 0.271484 -0.096191 -0.098633
v -0.339844 0.046387 0.210938
v -0.200195 -0.128906 -0.004456
v -0.180664 -0.133789 0.017700
v -0.186523 -0.108887 -0.010498
v 0.304688 -0.009766 -0.369141
v -0.075195 -0.170898 0.046631
v -0.246094 -0.071289 -0.263672
v -0.250000 -0.077637 -0.273438
v -0.357422 -0.091797 0.257812
v 0.271484 0.127930 -0.147461
v 0.236328 0.130859 -0.131836
v 0.449219 -0.188477 0.003250
v 0.443359 -0.211914 -0.034180
v 0.445312 -0.211914 0.004059
v -0.023804 0.053223 -0.478516
v -0.367188 0.045410 0.114746
v -0.351562 0.069336 0.091309
v -0.333984 0.079102 0.118164
v -0.382812 0.013733 0.103516
v -0.140625 0.000946 0.170898
v -0.127930 -0.000092 0.156250
v -0.147461 0.007507 0.158203
v 0.359375 0.027100 -0.052002
v 0.357422 0.021606 -0.021729
v -0.281250 -0.207031 0.089355
v 0.135742 -0.170898 -0.182617
v 0.139648 -0.131836 -0.161133
v 0.101074 -0.151367 -0.148438
v -0.400391 -0.033691 0.189453
v -0.402344 -0.064453 0.011597
v 0.092773 0.172852 -0.316406
v 0.067871 0.165039 -0.373047
v 0.099609 -0.119629 0.259766
v 0.127930 -0.121094 0.289062
v 0.073730 -0.116699 0.207031
v -0.083008 -0.017456 -0.108887
v -0.068359 -0.052490 -0.132812
v 0.294922 -0.138672 -0.052734
v -0.380859 -0.056152 0.398438
v -0.398438 -0.077637 0.449219
v -0.215820 -0.173828 -0.106445
v -0.232422 -0.176758 -0.061523
v 0.088379 -0.052490 0.263672
v 0.102539 -0.064941 0.322266
v 0.113770 -0.056641 0.320312
v -0.211914 0.053711 0.021240
v -0.136719 -0.208984 -0.064941
v -0.145508 -0.215820 -0.028564
v -0.343750 0.004242 -0.343750
v -0.243164 0.061768 -0.439453
v 0.167969 0.051025 -0.157227
v 0.197266 0.027832 -0.169922
v -0.023315 0.205078 -0.306641
v -0.015625 -0.074219 -0.132812
v -0.046387 -0.044189 -0.134766
v 0.049561 -0.060791 -0.123535
v -0.306641 0.008850 0.028931
v -0.332031 -0.001183 0.041504
v -0.201172 -0.089355 -0.281250
v -0.242188 -0.058105 0.159180
v -0.273438 -0.163086 0.125977
v -0.291016 -0.154297 0.152344
v -0.273438 -0.165039 0.160156
v 0.289062 0.053223 -0.205078
v 0.300781 0.026367 -0.250000
v -0.365234 0.133789 -0.046143
v -0.369141 0.132812 -0.089355
v -0.332031 -0.173828 0.158203
v -0.328125 -0.187500 0.171875
v -0.326172 -0.161133 0.138672
v 0.171875 -0.008179 -0.183594
v 0.134766 -0.105469 0.400391
v -0.201172 0.066406 -0.030762
v 0.241211 -0.170898 -0.080078
v -0.176758 -0.157227 -0.103027
v -0.176758 -0.146484 -0.156250
v -0.010315 -0.048096 0.127930
v 0.014099 -0.037109 0.125977
v -0.027954 -0.035156 0.087891
v 0.333984 -0.181641 -0.277344
v -0.353516 -0.144531 0.419922
v -0.386719 -0.181641 0.449219
v 0.271484 0.037598 -0.065430
v -0.116699 -0.082520 0.066895
v -0.103516 0.105469 -0.443359
v -0.079102 -0.180664 -0.041016
v 0.343750 -0.039307 0.096680
v 0.273438 -0.121582 -0.231445
v -0.220703 -0.151367 -0.165039
v -0.216797 -0.163086 -0.113770
v -0.172852 -0.133789 -0.208984
v -0.263672 -0.121582 0.056885
v -0.255859 -0.131836 0.070801
v 0.302734 0.067383 -0.253906
v -0.198242 -0.160156 0.085938
v -0.257812 -0.146484 -0.275391
v -0.291016 -0.038330 0.126953
v -0.300781 -0.065430 0.125977
v -0.275391 -0.059814 0.145508
v -0.261719 -0.033447 0.146484
v -0.193359 -0.154297 0.053223
v 0.113770 -0.074707 0.361328
v 0.071289 -0.085938 0.271484
v 0.294922 -0.000496 -0.077148
v -0.090332 -0.114258 -0.123535
v -0.361328 -0.032959 0.059570
v -0.120117 -0.039551 0.150391
v -0.055420 -0.169922 -0.000622
v -0.335938 -0.052734 0.063965
v -0.009216 -0.032227 -0.125977
v -0.008728 0.013733 -0.123047
v -0.093750 -0.196289 -0.222656
v -0.202148 -0.192383 -0.199219
v 0.005432 -0.038330 0.011902
v 0.113281 -0.089844 -0.155273
v 0.049805 -0.102051 -0.137695
v -0.384766 0.002457 0.247070
v -0.388672 0.036377 0.189453
v -0.402344 0.015503 0.173828
v -0.376953 -0.103027 -0.002106
v 0.275391 -0.132812 -0.245117
v 0.285156 -0.119141 -0.239258
v -0.048340 -0.113281 -0.009094
v -0.086914 -0.117676 -0.012024
v -0.087891 -0.108398 0.022705
v -0.227539 0.117676 -0.421875
v -0.205078 0.170898 -0.386719
v -0.445312 -0.111816 0.488281
v -0.107910 -0.072754 0.011780
v -0.086914 -0.070801 0.028687
v 0.326172 -0.126953 -0.128906
v -0.249023 0.000320 0.146484
v 0.345703 0.107422 -0.176758
v 0.363281 0.080566 -0.180664
v 0.127930 -0.124512 0.390625
v -0.392578 -0.096191 0.353516
v 0.273438 0.104980 -0.098145
v 0.289062 0.065918 -0.059814
v -0.163086 -0.159180 -0.112793
v 0.007385 -0.026245 0.083984
v 0.053955 -0.041260 0.146484
v 0.153320 0.090332 -0.150391
v 0.133789 0.106445 -0.177734
v 0.002625 -0.088867 -0.004608
v 0.028687 -0.093262 0.051270
v -0.036865 -0.102051 -0.029419
v -0.355469 -0.071777 0.154297
v -0.176758 -0.100098 -0.265625
v -0.191406 -0.121094 -0.241211
v -0.203125 -0.088379 -0.271484
v 0.443359 -0.208984 -0.073730
v -0.147461 -0.013794 0.160156
v -0.255859 -0.199219 0.025146
v -0.128906 -0.117188 0.100098
v -0.120605 -0.090820 0.105957
v 0.098633 0.166016 -0.265625
v 0.152344 -0.125977 0.328125
v 0.146484 -0.141602 0.357422
v 0.279297 -0.054688 -0.231445
v 0.281250 -0.020142 -0.233398
v 0.316406 -0.020996 -0.239258
v -0.320312 0.092285 0.087402
v -0.310547 0.069824 0.105957
v -0.137695 -0.049561 0.157227
v -0.388672 -0.090332 0.462891
v 0.283203 -0.041748 -0.349609
v -0.285156 0.110840 0.057861
v -0.343750 -0.119629 0.410156
v 0.306641 0.076172 -0.054199
v 0.171875 0.174805 -0.263672
v 0.349609 -0.226562 -0.140625
v 0.316406 -0.213867 -0.117676
v -0.308594 -0.061768 0.205078
v -0.310547 -0.049805 0.263672
v -0.195312 -0.155273 0.010864
v -0.142578 -0.146484 0.015991
v 0.343750 -0.056152 -0.330078
v 0.345703 -0.010742 -0.328125
v 0.011780 -0.110352 0.145508
v -0.034180 -0.106445 0.072266
v -0.068359 -0.098145 0.030396
v -0.162109 0.180664 -0.100586
v -0.213867 0.171875 -0.080566
v 0.221680 0.021851 -0.138672
v 0.369141 -0.146484 0.003647
v 0.008301 0.189453 -0.369141
v 0.062012 0.139648 -0.410156
v 0.090820 -0.172852 -0.236328
v 0.145508 -0.164062 -0.214844
v -0.400391 0.008118 0.086914
v 0.144531 0.138672 -0.187500
v 0.208984 0.151367 -0.137695
v 0.361328 -0.205078 0.081543
v -0.226562 -0.153320 0.092773
v 0.125977 -0.110352 0.267578
v -0.105469 0.019409 -0.081055
v -0.251953 -0.146484 0.003998
v -0.296875 -0.160156 0.188477
v -0.308594 -0.153320 0.172852
v 0.294922 0.057617 -0.231445
v 0.063965 -0.116699 0.157227
v -0.063965 -0.055908 -0.166016
v -0.028320 -0.196289 -0.242188
v 0.253906 -0.076660 -0.133789
v -0.365234 0.019043 0.243164
v -0.238281 -0.210938 -0.069336
v -0.189453 -0.211914 -0.054199
v 0.118652 -0.076172 0.384766
v -0.186523 0.043945 0.067383
v 0.312500 0.092773 -0.146484
v 0.291016 0.108887 -0.127930
v 0.328125 0.072266 -0.122559
v -0.107422 -0.164062 0.045166
v -0.231445 -0.044922 -0.279297
v -0.429688 -0.171875 0.496094
v 0.069336 -0.065430 -0.103516
v 0.178711 -0.213867 -0.251953
v 0.237305 -0.222656 -0.265625
v 0.257812 -0.230469 -0.232422
v -0.316406 -0.045654 0.096680
v -0.353516 -0.028687 0.044189
v -0.369141 -0.045410 0.037354
v -0.206055 -0.101074 -0.394531
v -0.101074 0.046875 -0.033447
v -0.261719 -0.176758 0.097168
v -0.269531 -0.196289 0.118652
v 0.300781 -0.013184 -0.259766
v 0.294922 -0.051514 -0.259766
v -0.345703 0.111328 -0.085449
v 0.034180 -0.105957 0.201172
v 0.069336 -0.105469 0.265625
v 0.039551 -0.117188 0.184570
v 0.267578 0.105957 -0.185547
v 0.275391 0.073242 -0.194336
v 0.222656 -0.007874 -0.228516
v -0.308594 -0.136719 -0.079590
v -0.136719 0.014709 0.121582
v 0.275391 -0.190430 -0.298828
v 0.289062 -0.143555 -0.339844
v -0.283203 -0.193359 0.196289
v -0.009521 -0.105957 0.010193
v -0.308594 -0.153320 0.146484
v -0.125977 -0.118652 -0.240234
v 0.294922 -0.181641 -0.171875
v 0.287109 -0.167969 -0.198242
v -0.314453 -0.025513 0.267578
v -0.237305 -0.152344 0.124023
v 0.337891 -0.048584 -0.248047
v 0.347656 -0.018677 -0.249023
v 0.355469 -0.045898 -0.265625
v 0.099121 -0.112305 0.326172
v 0.174805 -0.136719 -0.396484
v -0.221680 -0.211914 -0.092773
v 0.353516 -0.066895 -0.255859
v -0.073730 -0.161133 -0.035400
v 0.125977 -0.050537 -0.132812
v -0.404297 -0.078125 0.398438
v -0.139648 0.131836 -0.083008
v 0.351562 0.049072 -0.044434
v 0.234375 -0.205078 -0.181641
v -0.125977 -0.135742 -0.059326
v 0.386719 -0.084961 -0.255859
v -0.109863 -0.086914 0.083496
v -0.208984 0.208008 -0.237305
v -0.408203 -0.098145 0.400391
v 0.180664 0.131836 -0.163086
v 0.371094 -0.217773 0.037109
v 0.386719 -0.228516 0.074707
v 0.373047 -0.220703 0.079102
v -0.109863 -0.029053 -0.265625
v -0.091309 -0.046875 -0.255859
v -0.240234 -0.165039 -0.017944
v 0.216797 -0.021484 -0.200195
v 0.247070 -0.048096 -0.205078
v 0.253906 -0.030640 -0.214844
v -0.219727 -0.209961 -0.157227
v -0.204102 -0.212891 -0.117676
v -0.296875 -0.099609 0.066406
v -0.437500 -0.000916 -0.039062
v -0.421875 0.041748 -0.129883
v -0.075195 -0.119141 -0.116211
v -0.337891 -0.008789 0.088867
v -0.318359 -0.024658 0.136719
v -0.308594 0.007874 0.148438
v -0.034424 -0.010986 0.049561
v -0.058350 -0.024170 0.058105
v 0.417969 -0.228516 -0.069824
v 0.314453 0.036621 -0.273438
v 0.165039 0.166992 -0.211914
v 0.182617 0.161133 -0.178711
v 0.154297 -0.119141 0.390625
v -0.320312 0.029907 0.092285
v -0.271484 -0.174805 -0.082520
v -0.108887 -0.032471 0.115234
v -0.153320 0.060547 -0.012024
v 0.314453 0.080078 -0.095215
v 0.324219 0.056885 -0.065918
v -0.343750 -0.110840 -0.218750
v -0.324219 -0.166992 0.023071
v 0.285156 -0.194336 -0.197266
v 0.310547 -0.163086 -0.237305
v 0.335938 -0.154297 -0.215820
v 0.345703 0.020874 -0.166992
v 0.355469 0.039551 -0.136719
v -0.077637 -0.077637 -0.224609
v 0.283203 -0.082520 -0.146484
v -0.187500 -0.047852 -0.026367
v -0.187500 -0.081055 -0.033691
v 0.213867 0.094727 -0.072266
v 0.177734 0.096191 -0.100586
v -0.173828 -0.212891 -0.078613
v -0.166016 -0.207031 -0.124023
v 0.357422 -0.000097 -0.148438
v -0.228516 0.058838 -0.421875
v -0.294922 -0.144531 -0.023682
v -0.302734 -0.144531 0.022339
v 0.279297 0.002609 0.062988
v 0.277344 -0.002991 0.037354
v -0.125000 -0.089844 0.040039
v -0.253906 -0.003128 0.130859
v -0.224609 -0.001907 0.147461
v 0.421875 -0.124512 -0.058594
v 0.427734 -0.134766 -0.029663
v -0.239258 -0.180664 0.026001
v -0.250000 -0.183594 0.036865
v -0.249023 -0.165039 0.029297
v -0.165039 -0.045654 -0.004181
v 0.202148 -0.037598 -0.204102
v -0.050293 -0.052979 0.082031
v -0.230469 -0.155273 0.013550
v -0.271484 -0.143555 -0.028198
v -0.174805 0.037598 0.028564
v -0.388672 -0.166016 0.423828
v 0.447266 -0.188477 0.038574
v 0.040771 0.191406 -0.314453
v 0.357422 0.061035 -0.182617
v 0.053955 -0.051270 0.134766
v 0.033691 -0.038818 0.088379
v 0.114746 -0.102539 -0.125977
v -0.326172 -0.154297 -0.153320
v -0.287109 -0.188477 -0.142578
v -0.127930 -0.194336 -0.099609
v 0.158203 -0.068848 0.339844
v -0.049316 0.130859 -0.122070
v 0.097656 -0.154297 -0.191406
v -0.102539 -0.208008 0.037109
v -0.263672 0.046387 0.026489
v 0.373047 -0.220703 0.108398
v -0.150391 -0.127930 0.143555
v -0.171875 -0.104492 -0.017944
v 0.291016 -0.099609 -0.261719
v -0.163086 -0.007385 -0.218750
v 0.267578 0.097656 -0.197266
v -0.084961 -0.203125 -0.281250
v 0.300781 -0.006409 -0.040283
v 0.386719 -0.185547 -0.043457
v -0.191406 0.066895 -0.080078
v -0.090820 -0.109375 -0.035400
v -0.398438 -0.001122 0.112305
v 0.044678 -0.014587 -0.114746
v -0.201172 -0.107422 -0.030273
v -0.341797 -0.058350 0.102539
v -0.075684 0.004913 -0.063965
v 0.292969 -0.122559 -0.203125
v 0.302734 -0.105469 -0.174805
v 0.275391 -0.092285 -0.219727
v -0.310547 -0.009216 0.208984
v 0.277344 -0.052490 -0.273438
v -0.103516 -0.108887 -0.175781
v -0.112793 -0.009277 -0.241211
v 0.133789 -0.199219 -0.230469
v -0.343750 -0.016602 0.060547
v -0.125977 -0.011536 -0.271484
v -0.184570 0.131836 -0.062256
v -0.185547 -0.190430 -0.148438
v 0.394531 -0.112305 -0.235352
v 0.300781 -0.104980 -0.139648
v 0.333984 -0.154297 -0.124512
v -0.335938 -0.100586 -0.126953
v 0.032471 0.097168 -0.110840
v -0.170898 -0.158203 0.026978
v 0.357422 -0.202148 0.041992
v -0.255859 -0.130859 0.090820
v -0.235352 -0.149414 0.071289
v 0.386719 -0.225586 -0.134766
v -0.066895 -0.101562 0.045166
v -0.106445 -0.019897 0.062988
v -0.312500 -0.041260 0.202148
v -0.400391 -0.181641 0.445312
v 0.277344 -0.088867 -0.188477
v 0.076172 -0.005188 -0.096191
v 0.235352 0.045166 -0.188477
v 0.255859 0.050537 -0.209961
v 0.378914 -0.170928 -0.052158
v -0.355064 -0.039622 0.265072
v -0.152508 -0.001973 0.012052
v -0.196289 0.069336 0.028809
v -0.296875 0.038818 0.036133
v -0.264357 0.060923 0.021496
v -0.256527 0.028107 0.014237
v -0.238281 0.031250 0.013977
v 0.320656 0.036236 -0.079065
vn -0.5288 -0.7934 -0.3015
vn -0.4012 -0.7201 -0.5661
vn -0.3236 -0.8647 -0.3841
vn -0.3420 -0.9218 -0.1824
vn -0.4468 -0.8789 -0.1669
vn -0.6443 -0.7225 -0.2509
vn -0.5239 -0.7085 -0.4728
vn -0.6758 -0.6009 -0.4268
vn -0.4762 0.0550 0.8776
vn -0.2804 0.0757 0.9569
vn -0.3865 -0.0406 0.9214
vn -0.9246 -0.3650 0.1094
vn -0.9903 -0.1390 -0.0013
vn -0.6012 0.4156 0.6825
vn -0.3585 0.3163 0.8783
vn 0.8521 -0.1590 -0.4986
vn 0.1450 -0.5630 -0.8137
vn 0.3456 -0.5622 -0.7513
vn 0.7077 -0.4832 -0.5155
vn 0.9996 -0.0265 0.0060
vn 0.8039 -0.2514 -0.5390
vn 0.8251 -0.1977 -0.5292
vn -0.6730 0.6466 0.3591
vn -0.6698 0.7047 0.2342
vn -0.5990 0.7272 0.3352
vn -0.5935 0.4356 0.6767
vn -0.6021 0.6647 0.4423
vn -0.6145 0.6167 0.4920
vn 0.0810 0.8690 -0.4881
vn -0.7709 0.3699 -0.5185
vn -0.6859 0.4094 -0.6016
vn -0.2094 0.9778 0.0037
vn 0.2550 0.7007 -0.6664
vn 0.8825 0.4555 0.1169
vn 0.8512 0.4878 0.1935
vn 0.8557 -0.3786 0.3529
vn 0.8677 -0.3191 0.3812
vn 0.7514 -0.2385 0.6153
vn 0.8535 -0.4395 0.2800
vn 0.7035 -0.3886 0.5951
vn 0.7374 -0.6353 0.2293
vn -0.9681 0.1489 0.2013
vn -0.6304 -0.2068 0.7482
vn -0.9727 0.1658 0.1626
vn -0.5186 0.0164 0.8548
vn 0.2282 0.0778 -0.9705
vn -0.0000 -0.0000 1.0000
vn 0.1708 0.0833 0.9818
vn 0.0829 0.0553 0.9950
vn 0.3677 -0.3698 -0.8533
vn 0.8252 0.2305 -0.5157
vn 0.5572 -0.5332 -0.6365
vn 0.0065 -0.7038 -0.7103
vn 0.1169 -0.0387 -0.9924
vn 0.5127 0.3104 -0.8005
vn 0.2445 -0.7972 -0.5520
vn 0.1118 -0.9927 0.0442
vn -0.3257 -0.9454 0.0140
vn -0.0221 -0.9965 0.0802
vn 0.5660 -0.8186 0.0981
vn -0.2912 -0.9554 -0.0487
vn 0.1439 -0.9755 0.1665
vn 0.5438 -0.7970 0.2627
vn 0.9303 0.2870 -0.2282
vn 0.8428 0.5314 -0.0860
vn 0.9974 0.0721 0.0060
vn 0.8206 -0.2484 -0.5147
vn 0.8518 0.3765 -0.3642
vn 0.6958 0.6945 -0.1832
vn 0.8540 -0.4135 -0.3156
vn -0.4902 0.8190 -0.2984
vn -0.2818 0.8435 -0.4573
vn -0.3789 0.8955 -0.2334
vn -0.3589 0.5255 -0.7714
vn -0.4264 0.8940 -0.1373
vn -0.3391 0.9352 -0.1016
vn -0.1177 0.9703 0.2115
vn -0.0660 0.2277 -0.9715
vn 0.5308 0.8312 -0.1652
vn 0.8623 0.3625 -0.3537
vn 0.5347 0.8384 -0.1055
vn 0.1758 0.9844 0.0037
vn 0.5601 0.8065 -0.1891
vn 0.2185 0.9739 0.0623
vn 0.8740 0.3491 -0.3380
vn -0.3635 0.2456 0.8986
vn -0.4550 0.3567 0.8160
vn -0.4646 0.1107 0.8786
vn -0.3754 0.2426 0.8945
vn -0.2939 0.5404 0.7884
vn -0.3934 0.0711 0.9166
vn -0.3593 0.4635 0.8100
vn -0.7889 0.5411 0.2914
vn -0.8009 0.5861 0.1225
vn -0.9104 0.4040 0.0894
vn -0.5267 0.7986 0.2913
vn -0.8249 0.4478 0.3449
vn -0.6414 0.6822 0.3510
vn -0.9100 0.3210 0.2624
vn 0.6798 0.7107 -0.1807
vn 0.5820 0.7898 -0.1936
vn 0.4800 0.8499 -0.2173
vn 0.8587 0.4920 -0.1435
vn 0.9284 0.3675 0.0550
vn 0.7640 0.6450 -0.0151
vn 0.5430 0.7902 -0.2842
vn 0.5900 -0.4402 -0.6769
vn 0.3966 -0.6561 -0.6421
vn 0.4719 -0.7870 -0.3975
vn 0.6045 -0.5975 -0.5269
vn -0.3320 -0.7101 -0.6209
vn 0.5469 -0.8202 -0.1677
vn 0.4170 -0.9075 -0.0508
vn 0.4689 -0.8463 -0.2528
vn 0.5891 -0.7570 -0.2826
vn 0.5071 -0.8426 -0.1812
vn 0.6087 -0.7107 -0.3527
vn 0.0710 -0.6396 0.7654
vn -0.0024 -0.8379 0.5458
vn 0.4176 -0.8385 0.3501
vn 0.5389 -0.5798 0.6111
vn 0.2269 -0.2576 0.9392
vn -0.1030 -0.4248 0.8994
vn 0.9309 -0.2223 -0.2897
vn 0.6320 -0.7656 0.1201
vn 0.9445 0.1222 0.3049
vn 0.8471 0.5276 -0.0642
vn 0.9996 -0.0215 -0.0173
vn 0.3813 -0.9048 -0.1895
vn 0.5872 -0.8079 -0.0498
vn -0.1719 0.9655 0.1958
vn -0.4429 0.7900 0.4240
vn -0.2285 0.9667 -0.1154
vn 0.3610 0.8223 -0.4399
vn -0.5939 0.6129 0.5212
vn -0.6325 0.5223 0.5720
vn -0.0965 0.9778 0.1857
vn 0.4015 -0.6678 0.6268
vn 0.1395 -0.6701 0.7290
vn 0.0546 -0.8750 0.4810
vn 0.6934 -0.4840 0.5338
vn 0.4549 -0.4703 0.7562
vn 0.2514 -0.8880 0.3850
vn 0.5105 -0.7301 0.4543
vn -0.2755 -0.9183 0.2842
vn -0.3775 -0.9260 -0.0023
vn -0.4388 -0.8797 0.1833
vn -0.4440 -0.8176 0.3665
vn -0.0558 -0.9979 -0.0326
vn -0.2685 -0.9333 0.2386
vn 0.0211 -0.9660 0.2576
vn -0.4676 -0.4379 0.7679
vn -0.6888 -0.3493 0.6352
vn -0.5415 -0.6302 0.5565
vn -0.4835 -0.1178 0.8674
vn -0.4501 -0.4791 0.7536
vn -0.4066 -0.1844 0.8948
vn -0.7106 0.5352 0.4568
vn -0.2923 0.5874 0.7547
vn -0.2611 0.8558 0.4466
vn -0.9612 0.1155 0.2506
vn -0.7690 0.1081 0.6301
vn -0.7743 0.5966 0.2109
vn -0.5324 0.4295 0.7294
vn -0.1902 -0.7389 -0.6465
vn -0.1025 -0.3744 -0.9216
vn -0.3248 -0.4148 -0.8499
vn -0.2521 -0.5363 -0.8055
vn -0.2264 -0.9041 -0.3625
vn -0.2301 -0.8990 -0.3726
vn -0.2862 -0.7603 -0.5831
vn -0.3515 -0.7045 -0.6166
vn 0.3654 -0.9178 -0.1551
vn 0.5250 -0.8511 0.0083
vn 0.4456 -0.8883 -0.1111
vn 0.1867 -0.9378 -0.2926
vn 0.3583 -0.8463 -0.3942
vn 0.5042 -0.8401 -0.2000
vn 0.2805 -0.9447 -0.1701
vn -0.9030 0.1314 0.4090
vn -0.8396 -0.3994 0.3681
vn -0.6485 -0.1832 0.7388
vn -0.5549 0.3196 0.7681
vn -0.6669 0.5815 0.4659
vn -0.9475 0.2644 0.1797
vn -0.9570 -0.2876 0.0390
vn -0.5831 -0.7419 0.3310
vn -0.6773 -0.6757 0.2911
vn -0.3517 -0.9193 0.1764
vn -0.1929 -0.9451 0.2638
vn -0.2994 -0.8799 0.3690
vn -0.6842 -0.5029 0.5282
vn -0.7895 -0.3066 0.5316
vn -0.9118 0.2261 -0.3427
vn -0.7689 0.6291 -0.1138
vn -0.9310 0.3326 -0.1502
vn -0.9252 -0.0594 -0.3748
vn -0.8852 -0.1497 -0.4404
vn -0.8985 0.0093 -0.4390
vn -0.8209 0.5630 -0.0956
vn -0.7252 -0.2679 0.6343
vn -0.6211 -0.0420 0.7826
vn -0.5610 0.3744 0.7383
vn -0.6863 -0.7062 0.1740
vn -0.5477 -0.7376 0.3950
vn -0.8439 -0.0814 0.5303
vn 0.3757 -0.6266 -0.6828
vn 0.3578 0.3052 -0.8825
vn -0.3572 -0.5498 -0.7551
vn -0.2708 -0.7809 -0.5629
vn 0.7073 -0.5369 -0.4598
vn 0.2046 -0.8998 -0.3853
vn 0.4558 -0.8342 0.3105
vn 0.7913 -0.6053 0.0858
vn 0.5607 -0.6492 0.5140
vn 0.3111 -0.6030 0.7346
vn 0.0583 -0.8023 0.5940
vn 0.6873 -0.6927 -0.2187
vn -0.2707 -0.9566 0.1083
vn 0.2855 -0.9582 -0.0171
vn -0.8465 -0.0854 0.5255
vn -0.7146 0.3822 0.5859
vn -0.7765 -0.3374 0.5322
vn -0.8235 0.4580 0.3348
vn -0.7252 -0.5186 0.4530
vn -0.9298 -0.1590 0.3318
vn -0.0048 0.9099 0.4148
vn -0.1883 0.7561 0.6268
vn -0.0125 0.7706 0.6372
vn 0.1394 0.8976 0.4183
vn -0.1647 0.8909 0.4232
vn -0.0442 0.9958 0.0797
vn 0.7336 -0.6606 -0.1596
vn 0.9777 -0.2092 -0.0196
vn 0.7025 -0.6789 -0.2136
vn 0.9462 -0.3197 -0.0490
vn 0.6954 -0.7103 -0.1088
vn 0.1830 -0.9348 -0.3043
vn 0.3204 -0.9058 -0.2771
vn -0.0944 -0.9436 -0.3172
vn -0.3565 -0.7425 -0.5671
vn -0.5483 -0.7699 -0.3266
vn -0.2292 -0.8861 -0.4028
vn 0.2163 -0.8165 -0.5354
vn 0.2022 -0.7904 -0.5783
vn -0.4873 -0.8614 -0.1436
vn -0.4722 -0.8805 -0.0413
vn -0.0982 -0.8906 -0.4441
vn 0.5923 -0.7691 -0.2400
vn 0.1095 -0.9566 -0.2702
vn -0.7947 -0.5463 -0.2646
vn -0.7327 -0.5696 -0.3723
vn 0.0464 -0.8691 -0.4924
vn -0.1524 0.9812 -0.1185
vn -0.3415 0.8932 -0.2924
vn 0.2349 0.9663 -0.1053
vn -0.1237 0.9324 -0.3395
vn 0.2083 0.9780 -0.0059
vn -0.1513 0.9832 -0.1019
vn 0.4041 -0.7669 -0.4986
vn 0.2208 -0.9102 -0.3505
vn 0.3890 -0.7618 -0.5180
vn -0.0592 -0.9584 -0.2793
vn 0.8487 -0.1142 -0.5163
vn 0.9947 0.0774 0.0670
vn 0.9918 0.1280 0.0012
vn 0.6259 -0.2537 -0.7374
vn 0.8240 0.0392 -0.5653
vn 0.8958 -0.0848 -0.4362
vn 0.6678 -0.3620 -0.6504
vn -0.7971 -0.5177 0.3108
vn -0.1792 0.3083 -0.9342
vn -0.6920 -0.5880 0.4188
vn -0.3976 -0.8999 0.1788
vn -0.6450 -0.7620 0.0575
vn -0.0954 -0.0411 0.9946
vn -0.3302 0.2314 0.9151
vn -0.3436 0.0175 0.9389
vn -0.0984 0.0925 0.9908
vn 0.0345 -0.1688 0.9850
vn 0.0699 -0.1567 0.9852
vn -0.1186 -0.2355 0.9646
vn 0.5726 0.6834 0.4528
vn 0.3628 0.8064 0.4671
vn 0.4362 0.7939 0.4235
vn 0.4457 0.8056 0.3904
vn 0.3057 0.8953 0.3239
vn 0.7496 0.5664 0.3425
vn 0.6923 0.2560 0.6747
vn 0.1777 0.7659 0.6180
vn 0.5183 0.7949 0.3155
vn 0.1542 0.9686 0.1952
vn 0.3659 0.2274 0.9024
vn 0.5699 0.5021 0.6505
vn -0.0920 0.8595 0.5028
vn 0.0189 0.3997 0.9164
vn -0.7379 0.6598 0.1422
vn -0.3755 0.8175 -0.4367
vn -0.6986 0.5593 -0.4463
vn 0.0560 -0.5585 0.8276
vn -0.6962 0.5052 0.5100
vn -0.4293 0.5429 0.7218
vn -0.7860 0.4417 0.4325
vn -0.5839 0.3893 0.7124
vn -0.3128 0.8164 0.4854
vn -0.7135 0.0515 0.6988
vn -0.6499 0.7494 0.1264
vn -0.9188 -0.1402 0.3689
vn -0.9418 0.2107 0.2620
vn 0.2071 0.7673 -0.6069
vn 0.5109 0.8453 -0.1562
vn 0.3677 0.9299 0.0074
vn -0.3723 0.2635 -0.8899
vn -0.2197 0.0846 -0.9719
vn -0.0177 0.8860 -0.4633
vn -0.4934 -0.8008 -0.3396
vn -0.8290 -0.4680 -0.3063
vn -0.6837 -0.6891 -0.2401
vn -0.3132 -0.8948 -0.3182
vn 0.1507 -0.9637 -0.2206
vn -0.3920 -0.8804 -0.2669
vn -0.7549 -0.5932 -0.2797
vn -0.0681 0.8922 -0.4465
vn 0.1086 0.9081 -0.4043
vn -0.1182 0.7010 -0.7033
vn 0.0447 0.9983 -0.0375
vn 0.1636 0.9848 -0.0588
vn -0.3761 0.6949 -0.6130
vn -0.2106 0.8752 -0.4355
vn -0.6176 0.7598 0.2032
vn -0.4995 0.8609 0.0965
vn -0.1060 0.9272 0.3593
vn -0.2954 0.8128 0.5022
vn -0.3031 0.8078 0.5056
vn -0.0597 0.9231 0.3798
vn 0.2847 0.9526 0.1068
vn 0.0673 0.9960 0.0585
vn -0.3197 0.9139 0.2503
vn 0.8577 -0.5137 -0.0198
vn 0.9415 -0.3369 0.0034
vn 0.8034 -0.4892 -0.3395
vn 0.8170 -0.2751 0.5068
vn 0.4574 -0.7664 -0.4510
vn -0.6384 -0.5678 0.5196
vn -0.2959 0.7281 0.6183
vn 0.1993 0.9450 0.2594
vn 0.0112 0.9712 0.2379
vn 0.0174 0.9073 0.4201
vn 0.4032 0.6763 0.6164
vn 0.5671 0.7758 0.2766
vn 0.2440 0.9432 0.2255
vn 0.7591 0.6450 -0.0881
vn 0.7195 0.5861 -0.3726
vn 0.6153 0.7842 -0.0800
vn 0.6219 0.7753 0.1104
vn 0.8379 0.5405 0.0764
vn 0.8283 0.4230 -0.3674
vn 0.9378 0.3352 -0.0908
vn -0.5302 -0.6603 0.5319
vn -0.8745 -0.1958 0.4437
vn -0.2237 -0.0457 0.9736
vn -0.4475 -0.8448 0.2934
vn -0.6066 -0.7903 0.0860
vn -0.1680 -0.6803 0.7135
vn -0.8113 -0.5667 0.1438
vn 0.8259 0.4147 0.3821
vn 0.6165 0.6740 0.4070
vn 0.7276 0.4423 0.5243
vn 0.9205 0.1323 0.3677
vn 0.9710 0.0142 0.2388
vn 0.6421 0.6147 0.4582
vn 0.9028 0.2828 0.3241
vn 0.5919 -0.7934 0.1418
vn 0.0858 -0.9960 0.0253
vn 0.2285 -0.9678 0.1059
vn 0.5278 -0.7890 0.3146
vn 0.4294 -0.9031 -0.0052
vn 0.8530 -0.4976 0.1572
vn 0.8259 -0.2679 0.4961
vn 0.5178 -0.0064 -0.8555
vn 0.5213 0.3611 -0.7732
vn 0.9813 -0.1047 0.1616
vn 0.9721 -0.0853 -0.2184
vn -0.5019 0.2332 -0.8329
vn -0.5439 0.1265 -0.8296
vn -0.0613 -0.3548 -0.9329
vn -0.7188 0.2710 -0.6403
vn -0.5563 0.3560 -0.7509
vn -0.3456 0.1946 -0.9180
vn -0.8286 0.3106 -0.4658
vn -0.8538 0.3751 -0.3610
vn -0.7588 0.4899 -0.4293
vn -0.5441 0.2677 -0.7952
vn -0.9389 0.3404 -0.0513
vn -0.9793 0.2020 0.0135
vn -0.7938 0.6080 -0.0130
vn -0.8833 0.4438 -0.1508
vn -0.9772 0.1287 -0.1687
vn -0.6741 0.7384 0.0208
vn -0.8003 -0.5963 -0.0626
vn -0.5556 -0.8218 -0.1262
vn -0.8623 -0.4871 -0.1385
vn -0.9989 -0.0401 0.0233
vn -0.9810 -0.1632 0.1046
vn -0.8748 -0.4841 0.0200
vn -0.5202 -0.8322 -0.1922
vn 0.4202 0.5644 0.7106
vn 0.1016 0.7922 0.6017
vn 0.3314 0.8033 0.4948
vn 0.3475 0.7021 0.6216
vn 0.3332 0.5259 0.7826
vn 0.5151 0.3538 0.7807
vn -0.3459 0.3935 0.8518
vn -0.8309 -0.5563 0.0110
vn -0.9954 -0.0404 0.0864
vn -0.5029 0.5053 0.7013
vn -0.8380 0.4291 0.3370
vn 0.0929 0.5955 -0.7980
vn 0.1566 -0.9767 -0.1469
vn -0.0299 0.4878 -0.8725
vn -0.0811 0.9248 -0.3717
vn -0.2341 -0.8395 -0.4904
vn 0.1752 0.9534 -0.2457
vn 0.0667 0.6103 -0.7894
vn 0.5410 -0.7610 -0.3580
vn 0.5398 -0.8141 -0.2142
vn 0.2232 -0.9652 -0.1361
vn 0.4396 -0.8466 -0.3001
vn 0.8114 -0.3157 -0.4918
vn 0.8093 -0.4568 -0.3692
vn 0.7176 -0.5426 -0.4366
vn 0.8543 0.3750 0.3600
vn 0.9796 0.1172 0.1631
vn 0.8880 0.4596 0.0173
vn 0.5908 0.7028 0.3964
vn 0.7852 0.1265 0.6062
vn 0.6060 0.4062 0.6839
vn -0.9895 0.0826 0.1186
vn -0.6603 -0.4172 -0.6245
vn -0.2087 -0.6039 -0.7692
vn -0.8078 0.0855 0.5833
vn -0.6922 0.2693 0.6696
vn -0.9904 -0.1235 0.0621
vn -0.8431 0.0124 -0.5376
vn 0.8295 -0.3141 0.4619
vn 0.9286 -0.2345 -0.2876
vn 0.9502 -0.3052 0.0628
vn -0.0288 -0.9055 -0.4234
vn 0.1392 -0.8184 -0.5576
vn -0.0763 -0.7012 -0.7088
vn 0.0600 -0.9627 -0.2639
vn -0.1548 -0.9298 -0.3340
vn -0.1474 -0.8143 -0.5614
vn -0.0913 -0.8784 -0.4691
vn -0.5715 -0.8205 0.0106
vn -0.6258 -0.7441 0.2339
vn -0.5328 -0.8221 0.2008
vn 0.0035 0.9877 0.1563
vn 0.0826 0.9563 0.2805
vn -0.0517 0.9936 0.1009
vn 0.3962 0.9090 0.1293
vn 0.0232 0.9427 0.3329
vn 0.3559 0.9335 0.0444
vn 0.2778 0.9425 0.1857
vn 0.0360 0.8697 0.4923
vn 0.3504 0.8690 0.3495
vn 0.3750 0.8994 0.2248
vn 0.0327 0.7839 0.6200
vn -0.1348 0.6886 0.7125
vn -0.0066 0.9509 0.3093
vn -0.2925 0.8235 0.4861
vn 0.0236 0.9891 -0.1452
vn -0.5613 0.7680 -0.3085
vn -0.0679 0.8670 -0.4937
vn -0.4865 0.8375 0.2488
vn 0.4437 0.8905 -0.1006
vn 0.2959 0.9252 0.2374
vn 0.2773 0.8954 -0.3485
vn 0.5464 0.5862 -0.5981
vn 0.3910 0.5503 -0.7378
vn 0.4477 0.7548 -0.4794
vn 0.6086 0.2994 -0.7348
vn 0.3822 0.3237 -0.8655
vn 0.6745 0.5578 -0.4836
vn 0.5310 0.7246 -0.4393
vn 0.7155 -0.6982 -0.0217
vn 0.6500 -0.6700 -0.3586
vn 0.8497 -0.5104 -0.1325
vn 0.5537 -0.7953 -0.2468
vn 0.7000 -0.7059 0.1077
vn 0.4197 -0.9076 -0.0139
vn 0.8513 -0.4992 0.1616
vn 0.3935 -0.8910 -0.2262
vn 0.8644 0.4721 0.1729
vn 0.8223 0.5130 0.2461
vn 0.9711 0.1509 0.1848
vn 0.9901 0.0613 0.1262
vn 0.7694 0.6189 0.1580
vn -0.8720 -0.4887 -0.0287
vn -0.9937 0.1114 -0.0113
vn -0.9972 -0.0480 0.0572
vn -0.5649 -0.8250 -0.0152
vn -0.5978 -0.8017 -0.0058
vn -0.9066 -0.4070 -0.1113
vn -0.8966 -0.4426 -0.0131
vn -0.5075 0.5772 -0.6398
vn -0.4535 0.4819 -0.7497
vn -0.1616 0.9291 -0.3326
vn -0.6331 0.1478 -0.7598
vn -0.6740 0.1512 -0.7231
vn -0.6840 0.3986 -0.6110
vn -0.8598 0.5062 0.0663
vn 0.9311 -0.1895 -0.3118
vn 0.9811 -0.1932 0.0127
vn 0.7219 -0.5589 -0.4081
vn 0.9396 0.0337 -0.3406
vn 0.9731 0.1350 -0.1865
vn 0.1851 0.1222 0.9751
vn -0.0894 -0.0884 0.9921
vn -0.0037 0.2343 0.9722
vn 0.2785 0.1449 0.9494
vn 0.3792 0.3179 0.8690
vn 0.3999 0.2365 0.8855
vn 0.3692 -0.0480 0.9281
vn 0.5347 0.4839 0.6928
vn 0.1599 0.5269 0.8348
vn 0.2922 -0.2828 -0.9136
vn 0.4067 -0.0745 -0.9105
vn 0.3425 -0.2742 -0.8986
vn 0.0269 -0.5896 -0.8072
vn 0.0343 -0.2858 -0.9577
vn 0.2992 0.0183 -0.9540
vn 0.2021 -0.5394 -0.8174
vn 0.4314 0.8503 0.3014
vn 0.3241 0.8908 0.3184
vn 0.7947 0.5582 0.2384
vn 0.8347 0.5403 0.1062
vn 0.4825 0.8631 0.1492
vn -0.1569 0.9125 0.3777
vn -0.2243 0.9334 0.2800
vn 0.8450 0.4969 0.1977
vn -0.7425 0.4001 0.5371
vn -0.8624 0.1362 0.4876
vn -0.8430 0.1183 0.5247
vn -0.7221 0.3900 0.5714
vn -0.7285 0.3797 0.5701
vn -0.9878 -0.1449 0.0564
vn -0.8970 -0.2238 0.3811
vn 0.8240 -0.4417 -0.3549
vn 0.9833 -0.1378 -0.1192
vn 0.9553 -0.2874 -0.0688
vn 0.6680 -0.6690 -0.3258
vn 0.0020 0.9978 -0.0663
vn -0.3264 0.9441 0.0463
vn 0.0395 0.9934 0.1073
vn 0.2281 0.9732 -0.0307
vn 0.0964 0.9264 -0.3641
vn -0.2144 0.9594 -0.1831
vn 0.3063 0.8878 -0.3435
vn 0.9084 0.2959 0.2954
vn 0.6447 -0.2154 0.7334
vn 0.8737 -0.3068 0.3775
vn 0.5999 0.7606 0.2482
vn 0.6869 0.4912 0.5356
vn 0.9840 -0.0836 0.1571
vn 0.8485 0.5124 0.1326
vn 0.5261 -0.7182 -0.4555
vn 0.8178 -0.3062 -0.4872
vn 0.6405 -0.6314 -0.4370
vn 0.3952 -0.8101 -0.4330
vn 0.6260 -0.5403 -0.5623
vn 0.2518 -0.9430 -0.2175
vn 0.2657 -0.9262 -0.2675
vn 0.6464 -0.4930 0.5823
vn 0.7403 -0.5559 0.3781
vn 0.8151 -0.2229 0.5347
vn 0.4433 -0.2177 0.8695
vn 0.0827 -0.6704 0.7374
vn 0.2459 -0.8773 0.4121
vn -0.7922 0.0436 0.6087
vn -0.1054 0.5776 0.8095
vn -0.2820 0.1010 0.9541
vn -0.3863 -0.5946 0.7051
vn -0.6502 -0.6680 0.3621
vn -0.9229 0.3510 0.1584
vn -0.5142 0.5788 0.6330
vn -0.9466 -0.3220 -0.0182
vn -0.9120 0.3016 -0.2779
vn -0.9080 0.2584 -0.3298
vn -0.9499 0.3107 0.0335
vn -0.8640 0.4731 -0.1724
vn -0.9847 0.1263 -0.1201
vn 0.6566 -0.7388 -0.1518
vn 0.6759 -0.7068 0.2088
vn 0.4455 -0.8930 -0.0643
vn 0.9084 -0.4181 0.0076
vn 0.8971 -0.4408 0.0289
vn 0.8217 -0.5622 -0.0935
vn 0.4152 -0.8593 -0.2986
vn 0.5490 -0.8231 -0.1455
vn -0.8919 -0.3545 0.2808
vn -0.5853 -0.8068 -0.0807
vn -0.7837 -0.6027 -0.1504
vn -0.9696 0.0427 -0.2410
vn -0.6958 -0.7170 -0.0429
vn -0.4790 0.8265 -0.2956
vn -0.1591 0.2439 -0.9567
vn 0.0670 -0.0209 -0.9975
vn 0.0189 -0.1990 -0.9798
vn -0.2136 0.2249 -0.9507
vn 0.0280 0.1465 -0.9888
vn -0.1813 0.1596 -0.9704
vn -0.4590 0.3313 -0.8244
vn 0.9262 -0.0329 0.3757
vn 0.9468 -0.0881 -0.3096
vn 0.7276 -0.4515 -0.5164
vn 0.8909 -0.0347 0.4528
vn 0.8851 -0.3276 0.3305
vn 0.6557 -0.2180 0.7229
vn 0.9331 0.2824 0.2226
vn 0.7521 -0.1456 0.6428
vn 0.8780 0.2694 0.3957
vn 0.2979 0.6677 -0.6822
vn -0.1072 0.8015 -0.5883
vn 0.0085 0.9598 -0.2806
vn 0.4283 0.7483 -0.5066
vn 0.3465 0.5167 -0.7829
vn 0.1857 0.3909 -0.9015
vn 0.1777 0.4956 -0.8502
vn -0.5829 0.2028 -0.7868
vn -0.2025 0.4903 -0.8477
vn 0.0338 0.5946 -0.8033
vn -0.6905 0.3508 -0.6326
vn 0.0719 0.6712 -0.7377
vn -0.9079 -0.1842 -0.3765
vn -0.8664 -0.4943 -0.0710
vn 0.8679 -0.4864 -0.1009
vn 0.6157 -0.7742 0.1467
vn 0.2567 -0.9647 0.0582
vn -0.5344 -0.3545 -0.7673
vn -0.2677 -0.2976 -0.9164
vn -0.4982 -0.5446 -0.6748
vn -0.4807 -0.0786 -0.8733
vn -0.2466 -0.0318 -0.9686
vn -0.7262 -0.4378 -0.5301
vn 0.5340 0.8409 -0.0880
vn 0.7448 0.3540 -0.5657
vn 0.7501 0.6232 -0.2214
vn 0.5310 0.8470 0.0238
vn 0.4084 0.7826 -0.4698
vn 0.4488 0.7092 -0.5436
vn 0.3717 0.8486 -0.3764
vn 0.3559 0.8861 -0.2970
vn 0.4525 0.8016 -0.3908
vn 0.4022 0.7147 -0.5722
vn 0.8612 -0.1091 0.4965
vn 0.6164 -0.6662 0.4199
vn 0.8817 -0.3522 0.3139
vn 0.9476 0.1350 0.2894
vn 0.7590 0.5692 0.3162
vn 0.7427 0.1917 0.6416
vn 0.6803 -0.2998 0.6688
vn -0.0752 -0.0494 0.9959
vn -0.1008 -0.1477 0.9839
vn -0.0141 -0.1435 0.9896
vn 0.2298 0.1873 0.9550
vn 0.0919 -0.9122 0.3993
vn 0.0793 -0.9802 0.1816
vn 0.1089 -0.9135 0.3921
vn 0.1300 -0.7590 0.6380
vn 0.1364 -0.9074 0.3976
vn 0.0736 -0.9851 0.1552
vn -0.6866 -0.6715 0.2785
vn -0.7597 -0.6473 -0.0623
vn -0.5704 -0.4507 0.6867
vn -0.4015 -0.8835 0.2415
vn -0.4082 -0.6915 0.5960
vn -0.4620 0.4800 0.7458
vn -0.5742 0.4607 0.6768
vn -0.7079 -0.0104 0.7063
vn -0.2783 0.5581 0.7817
vn -0.2230 0.7743 0.5922
vn -0.4407 0.0098 0.8976
vn -0.5666 0.7786 0.2698
vn -0.0949 0.9262 0.3650
vn -0.1220 0.9112 0.3934
vn -0.6472 0.7592 0.0697
vn -0.4248 0.8087 0.4068
vn -0.7973 0.5261 0.2959
vn -0.9123 0.4045 0.0646
vn 0.5325 0.5650 0.6302
vn 0.1285 0.7162 0.6859
vn 0.3271 0.4408 0.8359
vn 0.0086 0.9478 0.3188
vn -0.1691 0.8224 0.5432
vn 0.6442 0.6597 -0.3870
vn 0.7134 0.2193 -0.6655
vn 0.7181 0.4156 -0.5582
vn 0.6342 0.2806 -0.7204
vn -0.1953 0.9754 0.1025
vn -0.7701 0.5032 0.3921
vn -0.4611 0.8180 0.3440
vn -0.0799 0.9839 -0.1601
vn 0.1975 0.9261 -0.3214
vn -0.0167 0.9982 -0.0572
vn -0.2674 0.4395 0.8575
vn -0.4456 0.5753 0.6859
vn -0.4407 0.8850 -0.1504
vn -0.1562 0.4073 -0.8998
vn -0.5029 0.7045 -0.5007
vn 0.5056 -0.4934 0.7078
vn 0.2569 -0.5051 0.8239
vn 0.6513 -0.3130 0.6912
vn 0.8087 -0.2661 0.5246
vn 0.6768 -0.3265 0.6598
vn -0.5954 0.2630 0.7592
vn -0.8602 0.3165 0.3998
vn -0.9514 0.0566 0.3026
vn -0.3484 0.6097 0.7119
vn -0.1743 0.0843 0.9811
vn 0.0328 0.3569 0.9336
vn -0.6395 -0.1342 0.7570
vn 0.0865 0.9805 0.1762
vn -0.0911 0.9126 0.3985
vn -0.1515 0.9689 0.1958
vn 0.3682 0.7981 0.4769
vn 0.4671 0.8124 0.3491
vn -0.2343 0.9362 0.2619
vn 0.0369 0.9382 0.3441
vn -0.3109 -0.9217 0.2318
vn -0.7529 -0.4908 -0.4384
vn -0.3582 -0.8893 -0.2843
vn -0.1482 -0.7680 0.6231
vn -0.6390 -0.7689 0.0194
vn -0.5419 -0.7685 0.3401
vn -0.5825 -0.2567 0.7712
vn -0.6039 -0.7782 0.1722
vn -0.4159 -0.9019 0.1167
vn -0.8265 -0.4052 0.3909
vn -0.3292 -0.8813 0.3390
vn -0.7787 0.6157 0.1206
vn -0.8544 0.5038 0.1271
vn -0.9878 0.1145 0.1058
vn -0.5615 0.8147 0.1448
vn -0.9903 0.1160 0.0770
vn -0.1724 0.9607 0.2178
vn -0.2391 0.9256 0.2933
vn 0.5533 0.8045 -0.2160
vn 0.7042 0.6336 -0.3205
vn 0.4204 0.8467 -0.3261
vn 0.3075 0.9318 -0.1929
vn 0.4573 0.8664 -0.2007
vn -0.6001 0.7987 0.0445
vn -0.6417 0.7624 0.0838
vn -0.8775 0.4792 0.0183
vn -0.4866 0.8701 0.0785
vn -0.4504 0.8817 0.1404
vn -0.8280 0.5568 -0.0658
vn -0.5138 0.8518 0.1022
vn -0.2220 0.9111 0.3473
vn -0.1469 0.9617 0.2313
vn -0.2573 0.8435 0.4715
vn -0.2397 0.9694 0.0523
vn -0.1491 0.9809 0.1251
vn -0.2489 0.7506 0.6121
vn -0.9137 -0.2010 0.3533
vn -0.8252 -0.4030 0.3957
vn -0.9127 -0.3773 0.1569
vn -0.9629 0.0332 0.2678
vn -0.9289 0.1264 0.3481
vn -0.9648 0.0433 0.2593
vn -0.9053 -0.3205 0.2787
vn -0.4598 -0.8613 -0.2162
vn -0.7195 0.5852 0.3741
vn 0.2842 0.8731 0.3962
vn 0.0758 0.7795 0.6217
vn -0.4556 -0.8639 -0.2146
vn -0.3258 -0.9053 -0.2726
vn -0.2189 -0.9384 -0.2673
vn -0.9309 0.1221 -0.3442
vn -0.4489 -0.8273 -0.3377
vn -0.0593 -0.8050 -0.5904
vn -0.5459 -0.8056 -0.2303
vn -0.7984 -0.5838 -0.1474
vn -0.8292 -0.4940 -0.2615
vn -0.6281 -0.5963 -0.4999
vn -0.1530 -0.7113 -0.6860
vn -0.2953 0.8183 0.4931
vn -0.5078 0.5327 0.6770
vn -0.2579 0.8460 0.4666
vn -0.5391 0.5886 0.6024
vn 0.1930 -0.6574 -0.7284
vn 0.1086 -0.4816 -0.8696
vn 0.0392 0.2375 -0.9706
vn 0.3797 -0.5368 -0.7534
vn -0.7038 0.5515 -0.4477
vn 0.2383 0.4057 0.8824
vn -0.1877 -0.0221 0.9820
vn 0.2529 -0.2017 0.9462
vn 0.5193 0.6132 0.5952
vn -0.0514 0.6786 0.7327
vn 0.6835 0.0902 0.7244
vn -0.8940 0.3777 -0.2409
vn -0.5740 -0.7551 -0.3167
vn -0.7065 -0.7056 0.0553
vn -0.4028 -0.2603 -0.8775
vn -0.9081 -0.3722 0.1918
vn 0.9642 -0.2422 -0.1083
vn 0.9930 0.0122 -0.1173
vn 0.9724 -0.1328 0.1918
vn 0.8750 -0.1000 -0.4737
vn 0.9305 -0.3096 0.1958
vn 0.7869 -0.4040 -0.4665
vn -0.1425 0.9873 0.0696
vn -0.3911 0.8783 -0.2749
vn -0.3448 0.9366 0.0630
vn 0.1399 0.9439 0.2990
vn -0.1455 0.9891 0.0222
vn 0.0081 0.9597 0.2808
vn -0.2292 0.9232 0.3086
vn -0.1871 -0.9816 0.0379
vn -0.1351 -0.9868 0.0896
vn -0.6383 -0.7666 0.0705
vn -0.1086 -0.9912 0.0759
vn 0.2643 -0.9635 0.0417
vn 0.1440 -0.6453 0.7502
vn 0.1967 -0.7458 0.6365
vn -0.1298 -0.9801 0.1501
vn 0.0996 -0.5287 0.8429
vn 0.4161 0.0697 0.9067
vn 0.2515 -0.0781 0.9647
vn 0.8312 -0.2373 0.5029
vn 0.8173 -0.4981 0.2897
vn 0.4917 -0.2442 0.8359
vn -0.4410 -0.8951 0.0658
vn -0.4387 -0.8765 0.1982
vn -0.4531 -0.8665 0.2095
vn -0.6149 -0.6654 0.4233
vn -0.6087 -0.7431 0.2780
vn -0.2591 -0.7953 -0.5481
vn -0.1687 0.9627 -0.2116
vn -0.5184 0.7913 0.3243
vn -0.8410 0.3420 0.4193
vn -0.9830 0.1248 0.1346
vn 0.5281 -0.3929 -0.7528
vn 0.2448 0.6268 -0.7397
vn -0.0620 0.9878 0.1426
vn 0.4545 -0.5626 -0.6906
vn -0.7004 0.6963 0.1567
vn -0.9896 0.1149 -0.0869
vn -0.6062 0.7583 0.2398
vn -0.9059 0.4217 0.0394
vn -0.2421 0.9164 0.3187
vn -0.6527 0.7104 0.2633
vn -0.3462 -0.6839 0.6422
vn -0.4723 -0.8653 0.1678
vn 0.6878 0.1936 -0.6996
vn 0.9875 0.1521 0.0425
vn 0.7775 -0.2891 -0.5585
vn 0.6109 0.7455 -0.2665
vn 0.6356 0.7487 0.1882
vn -0.0950 -0.9601 -0.2631
vn 0.0709 -0.9785 -0.1937
vn 0.1402 -0.9583 -0.2491
vn -0.9635 -0.2675 0.0081
vn -0.9181 -0.3328 0.2151
vn -0.9833 0.0320 0.1792
vn -0.8181 -0.5745 0.0272
vn -0.9795 -0.1355 -0.1493
vn 0.3817 0.8945 0.2328
vn 0.1866 0.8401 0.5093
vn -0.3087 0.9026 0.3002
vn -0.0463 0.7217 0.6906
vn 0.6632 0.5746 0.4797
vn 0.2678 0.8191 0.5073
vn 0.9578 0.1094 0.2660
vn 0.9052 0.3278 0.2704
vn 0.5807 0.6849 0.4402
vn 0.1959 0.8072 0.5568
vn 0.9358 0.2879 0.2033
vn 0.4933 -0.7660 -0.4122
vn 0.1912 -0.9467 -0.2593
vn 0.5878 -0.5410 -0.6015
vn 0.7079 -0.2034 -0.6764
vn 0.8163 0.4148 -0.4020
vn 0.8883 0.4567 -0.0490
vn 0.9505 0.2605 -0.1693
vn 0.7440 0.1347 -0.6544
vn 0.7439 0.3502 -0.5692
vn 0.8033 0.1922 -0.5638
vn 0.7650 0.5389 -0.3527
vn 0.0473 -0.9963 0.0724
vn 0.4519 -0.8872 -0.0928
vn 0.1109 -0.9922 -0.0573
vn -0.3099 -0.9259 0.2160
vn -0.3541 -0.9095 0.2177
vn 0.3154 -0.9262 -0.2064
vn -0.4959 -0.8162 0.2964
vn -0.6783 -0.7250 0.1198
vn -0.6918 -0.6574 0.2986
vn -0.7239 -0.5081 0.4667
vn -0.4350 -0.8435 0.3152
vn -0.6502 -0.7545 0.0891
vn 0.0320 0.9607 0.2757
vn 0.1256 0.9289 0.3484
vn 0.7257 0.6493 0.2275
vn 0.0524 0.9929 0.1065
vn -0.5979 0.7592 0.2573
vn -0.5972 0.6853 0.4168
vn 0.2387 0.9589 0.1534
vn 0.3652 0.9233 -0.1191
vn 0.1736 0.9843 0.0309
vn 0.3449 0.9361 0.0687
vn -0.3040 0.8956 0.3249
vn -0.0752 0.8998 0.4297
vn 0.0453 0.9695 0.2410
vn -0.5892 0.0508 -0.8064
vn 0.2400 -0.3559 -0.9032
vn -0.6678 -0.5207 -0.5319
vn 0.2547 0.6203 -0.7418
vn -0.8965 0.3714 -0.2415
vn 0.1245 0.2818 -0.9514
vn -0.1730 0.5433 -0.8215
vn 0.0692 0.4938 -0.8668
vn -0.2140 0.3015 -0.9291
vn 0.3223 0.2408 -0.9155
vn 0.0778 0.0382 -0.9962
vn -0.2570 0.8863 0.3853
vn -0.1935 0.9600 0.2022
vn -0.4014 0.8611 0.3120
vn -0.0128 0.9285 0.3711
vn -0.4112 0.7630 0.4987
vn 0.0710 0.9975 -0.0018
vn -0.1080 0.9928 0.0511
vn 0.4380 0.8967 -0.0645
vn 0.1056 0.9939 0.0321
vn -0.2638 0.9593 0.1010
vn 0.4858 0.8706 -0.0782
vn -0.3271 0.6435 0.6920
vn -0.3849 0.6385 0.6665
vn -0.9030 0.3368 0.2666
vn -0.7505 0.5981 0.2811
vn -0.9408 0.3317 0.0703
vn -0.4952 -0.4470 0.7450
vn 0.0057 -0.0880 0.9961
vn -0.5467 -0.2272 0.8059
vn -0.8957 -0.4331 -0.1009
vn -0.4300 -0.6013 0.6735
vn 0.6350 0.0182 -0.7723
vn 0.6125 -0.2178 -0.7598
vn 0.4790 -0.0153 -0.8777
vn 0.8670 0.1544 -0.4739
vn 0.5129 0.0504 -0.8570
vn 0.8056 -0.4799 -0.3475
vn 0.9359 -0.1187 -0.3316
vn 0.7795 -0.5088 -0.3654
vn 0.7555 -0.4853 -0.4402
vn 0.8832 -0.0615 -0.4650
vn 0.5361 -0.7988 -0.2730
vn 0.5225 -0.7326 -0.4362
vn -0.4136 0.0877 -0.9062
vn -0.1324 0.3068 -0.9425
vn -0.9898 0.0990 -0.1024
vn -0.7135 -0.6591 -0.2378
vn 0.1952 0.2220 -0.9553
vn 0.2573 0.7237 -0.6403
vn -0.2895 -0.1069 -0.9512
vn -0.0056 0.0016 -1.0000
vn -0.5860 -0.7759 -0.2336
vn 0.8522 -0.3861 -0.3532
vn 0.8730 0.2309 -0.4295
vn 0.7365 0.2285 -0.6366
vn 0.6946 -0.6990 -0.1698
vn 0.9149 -0.3945 -0.0858
vn 0.9953 0.0229 -0.0946
vn 0.6255 -0.7669 -0.1434
vn 0.6854 -0.3922 -0.6134
vn 0.5919 -0.7104 -0.3808
vn 0.2782 -0.5148 -0.8109
vn 0.3018 -0.6945 -0.6532
vn -0.3114 -0.4687 -0.8266
vn 0.2942 0.5290 0.7960
vn 0.7717 -0.2026 0.6028
vn 0.5956 0.0101 0.8032
vn 0.1922 -0.2295 -0.9542
vn 0.6898 0.6719 -0.2696
vn 0.8408 0.3555 -0.4083
vn 0.7326 0.4649 -0.4971
vn 0.6624 0.7261 -0.1843
vn 0.5770 0.8066 -0.1282
vn 0.8370 0.3359 -0.4320
vn 0.4328 0.8879 0.1558
vn 0.2086 -0.9642 -0.1635
vn -0.2193 -0.9748 0.0420
vn 0.2708 -0.9540 -0.1285
vn 0.3958 -0.9051 -0.1552
vn -0.2285 -0.9735 0.0125
vn 0.6299 -0.7216 -0.2873
vn -0.1374 -0.9829 -0.1226
vn -0.4426 -0.8917 0.0944
vn -0.2990 -0.9397 0.1657
vn 0.0977 -0.9935 -0.0585
vn 0.6953 0.3263 -0.6404
vn -0.4885 0.4534 -0.7455
vn -0.4860 0.2431 -0.8395
vn -0.2262 0.2264 -0.9474
vn 0.8280 -0.2738 0.4894
vn 0.8762 -0.3190 0.3614
vn 0.5642 -0.2531 0.7859
vn 0.8954 -0.2498 0.3685
vn 0.8342 -0.3458 0.4297
vn 0.0078 -0.9528 -0.3034
vn -0.3257 -0.9210 -0.2138
vn 0.2485 -0.9448 -0.2134
vn 0.2705 -0.8857 -0.3774
vn 0.0808 -0.8538 -0.5142
vn 0.2445 -0.9292 -0.2770
vn -0.4942 -0.5504 -0.6729
vn 0.6974 0.7129 -0.0739
vn 0.4667 0.5923 -0.6568
vn 0.3476 0.8334 -0.4297
vn 0.4329 0.8141 -0.3872
vn 0.2926 0.3818 -0.8767
vn 0.3405 0.6148 -0.7114
vn 0.4199 0.5137 -0.7482
vn 0.4286 0.3491 -0.8333
vn -0.6724 -0.4519 0.5862
vn -0.3694 -0.8030 0.4676
vn -0.5181 -0.3070 0.7983
vn -0.8892 -0.4382 0.1317
vn 0.5546 0.3420 -0.7586
vn 0.9954 0.0801 0.0520
vn 0.1424 -0.9658 0.2165
vn 0.1490 -0.9872 -0.0571
vn 0.1327 -0.9570 0.2581
vn 0.0858 -0.9884 -0.1252
vn 0.1631 -0.8849 0.4363
vn 0.5391 -0.8299 -0.1434
vn 0.9405 -0.3175 -0.1209
vn 0.4165 -0.8665 0.2751
vn -0.0248 -0.9782 0.2063
vn 0.8735 -0.4869 0.0024
vn 0.0186 -0.7888 -0.6143
vn 0.0641 -0.8135 -0.5781
vn 0.3141 -0.2159 -0.9245
vn -0.2327 -0.9568 -0.1745
vn 0.4490 -0.4378 -0.7789
vn -0.1680 -0.4751 -0.8638
vn -0.9916 -0.1242 -0.0370
vn -0.3768 -0.2314 -0.8969
vn -0.0189 -0.6957 -0.7181
vn -0.2232 0.9537 -0.2015
vn -0.1164 0.9783 -0.1712
vn -0.2327 0.8995 -0.3699
vn 0.4449 0.8263 -0.3453
vn 0.0636 0.9911 -0.1166
vn 0.2980 0.9503 0.0900
vn 0.4703 -0.6109 0.6369
vn 0.2583 0.2906 0.9213
vn 0.0926 -0.2397 0.9664
vn 0.2079 0.2448 0.9470
vn 0.5823 0.2013 0.7877
vn 0.2415 -0.2039 0.9487
vn 0.3561 0.4446 0.8219
vn 0.5711 0.6694 0.4751
vn 0.0915 0.7510 0.6539
vn 0.0272 0.2194 0.9752
vn 0.2553 -0.8351 0.4873
vn -0.4249 -0.9006 0.0915
vn 0.0572 0.2717 0.9607
vn 0.0789 0.3771 0.9228
vn -0.0394 0.9586 0.2820
vn -0.4252 0.8147 0.3942
vn 0.4350 -0.8894 -0.1406
vn 0.4167 -0.8543 -0.3106
vn -0.1706 -0.9365 -0.3064
vn -0.1310 -0.9820 -0.1357
vn 0.3553 -0.9217 -0.1556
vn 0.7864 -0.6175 -0.0182
vn 0.7827 -0.5954 -0.1814
vn 0.3923 -0.4781 0.7858
vn 0.8196 0.5509 -0.1572
vn 0.3902 0.8809 0.2678
vn -0.3994 -0.4544 0.7963
vn -0.6097 -0.3829 0.6940
vn -0.8193 -0.1034 0.5640
vn -0.9044 -0.3840 0.1861
vn 0.6768 0.6772 -0.2887
vn -0.0903 0.9816 0.1685
vn 0.0710 0.9827 0.1709
vn -0.3739 0.9225 0.0958
vn 0.1357 0.9721 0.1912
vn -0.8948 -0.2014 -0.3985
vn -0.8886 0.1680 -0.4267
vn -0.8189 -0.1172 -0.5618
vn -0.8229 -0.4769 -0.3089
vn -0.9468 -0.1561 -0.2814
vn -0.7593 0.6503 -0.0261
vn -0.6939 0.7187 0.0454
vn -0.3607 0.9259 0.1123
vn -0.5879 0.8075 -0.0488
vn -0.9503 0.2486 -0.1872
vn -0.4031 -0.2433 0.8822
vn -0.3251 -0.2135 0.9213
vn -0.3222 -0.0198 0.9465
vn -0.3746 0.0178 0.9270
vn -0.4362 -0.4382 0.7860
vn -0.3361 -0.4275 0.8392
vn -0.3695 -0.3096 0.8761
vn 0.8404 -0.3785 -0.3878
vn 0.7104 -0.5842 -0.3924
vn 0.5077 -0.8211 -0.2608
vn 0.9303 0.0143 -0.3664
vn 0.8383 -0.2948 -0.4586
vn 0.9256 -0.0669 -0.3724
vn -0.2403 -0.5965 -0.7658
vn -0.1797 -0.7141 -0.6766
vn -0.5196 -0.2177 -0.8262
vn -0.5233 -0.1941 -0.8297
vn 0.0614 -0.9342 -0.3515
vn -0.1807 -0.9298 -0.3207
vn 0.8312 -0.5521 0.0659
vn 0.8187 -0.5541 0.1505
vn -0.0456 0.4505 0.8916
vn -0.3038 0.1709 0.9373
vn -0.1541 -0.0866 0.9843
vn 0.4446 0.5002 0.7430
vn 0.2949 0.7826 0.5483
vn 0.1927 0.1507 0.9696
vn -0.2699 0.5697 0.7763
vn -0.2293 -0.7213 0.6536
vn -0.2703 -0.0520 0.9614
vn -0.1575 -0.9298 0.3328
vn -0.1395 -0.9354 0.3248
vn -0.4576 -0.6585 0.5975
vn 0.0378 0.3981 0.9166
vn -0.2746 0.3970 0.8758
vn 0.5755 0.5273 0.6251
vn 0.1531 0.7431 0.6514
vn -0.3174 0.7969 0.5140
vn 0.5008 0.3030 0.8108
vn 0.2712 0.6224 -0.7342
vn 0.0138 0.8896 -0.4565
vn -0.0969 -0.0978 -0.9905
vn 0.9269 0.2887 -0.2397
vn 0.8983 0.0360 -0.4379
vn 0.3251 -0.9369 0.1288
vn 0.1675 -0.9048 0.3915
vn -0.2493 -0.8911 0.3792
vn 0.7453 -0.6617 0.0815
vn 0.7615 -0.6132 0.2100
vn 0.0727 -0.9973 0.0036
vn 0.0150 -0.9992 -0.0380
vn 0.2646 -0.8667 0.4229
vn 0.0857 -0.8769 0.4729
vn 0.1924 -0.9724 0.1318
vn -0.3875 -0.7241 0.5705
vn 0.2932 -0.8616 0.4143
vn -0.3703 -0.1928 0.9087
vn 0.7607 -0.2588 0.5953
vn 0.7976 0.1236 0.5904
vn 0.5069 -0.2694 0.8188
vn 0.9105 -0.1809 0.3719
vn 0.8948 0.2473 0.3717
vn -0.8257 -0.2359 -0.5124
vn -0.8391 -0.1574 -0.5208
vn -0.8058 -0.3873 -0.4480
vn -0.6917 -0.4219 -0.5861
vn -0.7225 -0.4114 -0.5556
vn 0.4729 0.7846 -0.4009
vn -0.1175 -0.9925 0.0348
vn -0.6699 -0.7425 -0.0039
vn -0.5814 -0.8126 0.0400
vn -0.8084 -0.5120 0.2906
vn -0.4828 -0.8346 0.2652
vn -0.4078 -0.9125 0.0323
vn -0.3383 -0.2399 -0.9099
vn -0.9013 -0.3806 0.2070
vn 0.1852 -0.6688 0.7200
vn 0.1223 -0.7117 0.6918
vn 0.1707 -0.4072 0.8972
vn 0.0753 -0.4037 0.9118
vn 0.2234 -0.7802 0.5843
vn 0.1534 -0.8602 0.4863
vn 0.3121 -0.5469 0.7768
vn 0.7277 0.1521 0.6689
vn 0.9879 0.0683 0.1392
vn 0.8118 0.4401 0.3837
vn 0.3160 -0.1398 0.9384
vn 0.8149 -0.2153 0.5381
vn 0.4170 -0.1587 -0.8949
vn 0.3348 -0.3172 -0.8873
vn 0.3454 -0.1146 -0.9314
vn 0.6348 0.0137 -0.7726
vn 0.5665 -0.1351 -0.8129
vn 0.4069 0.0571 -0.9117
vn 0.3941 -0.3654 -0.8433
vn 0.1517 -0.9378 -0.3122
vn -0.7914 -0.3107 -0.5264
vn -0.7877 -0.3833 -0.4823
vn 0.3711 0.8640 0.3404
vn 0.1156 0.9909 0.0695
vn 0.2285 0.8926 0.3886
vn 0.3550 0.9205 0.1633
vn 0.4225 0.7461 0.5145
vn 0.5312 0.8144 0.2335
vn 0.2060 0.9783 0.0213
vn 0.5209 -0.5093 -0.6851
vn 0.5958 -0.5524 -0.5830
vn 0.6757 -0.3013 -0.6728
vn 0.2117 0.9105 0.3552
vn 0.1176 0.9069 0.4046
vn 0.8481 0.5106 -0.1418
vn 0.4348 0.8784 0.1984
vn 0.2498 -0.8430 -0.4763
vn -0.2104 -0.9108 -0.3551
vn 0.1059 -0.5013 -0.8588
vn 0.2451 -0.5976 -0.7634
vn 0.4380 0.8520 -0.2866
vn 0.8817 -0.4659 -0.0745
vn 0.8890 -0.4171 -0.1888
vn 0.9419 -0.1927 -0.2751
vn 0.9620 -0.2598 -0.0842
vn 0.6016 -0.7757 -0.1908
vn 0.7538 0.6253 0.2020
vn 0.7180 0.6763 0.1645
vn 0.5859 0.7483 0.3110
vn 0.6658 0.6124 0.4263
vn 0.3814 0.9244 -0.0030
vn 0.3648 0.8794 -0.3059
vn -0.0883 0.9959 0.0196
vn -0.1295 -0.8938 -0.4294
vn -0.9419 0.3139 0.1193
vn -0.8079 0.4859 -0.3334
vn -0.1126 -0.6414 0.7589
vn -0.1831 0.4336 0.8823
vn 0.5320 -0.2458 0.8103
vn -0.3929 -0.3591 0.8466
vn 0.1511 -0.9230 0.3540
vn -0.1620 -0.9230 0.3491
vn -0.8128 -0.1137 0.5713
vn -0.7427 -0.3864 0.5469
vn -0.7459 -0.1628 0.6458
vn -0.7070 0.0267 0.7067
vn -0.7762 0.0586 0.6277
vn -0.9888 0.0878 0.1211
vn -0.8677 -0.2596 0.4239
vn -0.8405 -0.0566 0.5389
vn -0.8007 -0.1569 0.5781
vn -0.7902 0.2637 0.5532
vn -0.7618 -0.4236 0.4902
vn -0.6492 -0.6134 0.4498
vn -0.8438 -0.1020 0.5269
vn -0.6841 -0.6507 0.3296
vn -0.7472 0.2952 0.5954
vn 0.2778 -0.9067 -0.3173
vn -0.4480 0.3580 0.8192
vn -0.5109 -0.1354 0.8489
vn -0.2501 0.7094 0.6590
vn 0.4110 0.9043 0.1154
vn 0.2630 0.9605 -0.0913
vn 0.2674 0.9319 0.2450
vn 0.3475 0.9134 0.2122
vn 0.4193 0.8875 -0.1913
vn 0.3562 0.8073 0.4705
vn 0.4508 0.8603 0.2380
vn -0.0679 0.9671 0.2453
vn 0.4774 0.8566 0.1956
vn 0.8058 0.5635 0.1821
vn 0.8511 0.5068 0.1370
vn 0.6224 0.7554 0.2051
vn -0.0126 0.9838 0.1789
vn 0.3164 0.9435 -0.0990
vn 0.0980 0.6739 -0.7323
vn 0.1055 0.9696 -0.2208
vn -0.1257 0.9814 -0.1452
vn -0.3102 0.9081 -0.2812
vn -0.2010 0.9737 -0.1072
vn -0.0734 0.9944 0.0765
vn 0.0639 0.9931 -0.0981
vn -0.2304 -0.9720 -0.0472
vn -0.1091 -0.9888 0.1014
vn 0.6670 0.6062 0.4333
vn 0.7741 0.4604 0.4345
vn -0.6894 0.6677 0.2809
vn 0.0043 0.8935 0.4491
vn -0.2897 -0.9512 -0.1059
vn 0.0640 -0.9960 0.0616
vn -0.2450 -0.9623 -0.1183
vn -0.2777 -0.9545 -0.1089
vn -0.0518 -0.9986 -0.0075
vn -0.0923 -0.9939 -0.0608
vn -0.6112 0.4052 0.6799
vn -0.4366 0.6940 0.5726
vn -0.7265 0.4083 0.5527
vn -0.7405 0.1747 0.6490
vn -0.6490 0.2739 0.7098
vn -0.8990 0.2035 0.3879
vn -0.3942 0.8911 -0.2247
vn -0.4695 0.1818 -0.8640
vn -0.5420 0.7943 -0.2743
vn 0.0020 0.9478 -0.3189
vn -0.1351 0.3211 -0.9373
vn -0.2477 0.9646 -0.0911
vn -0.5865 0.7973 0.1429
vn -0.6180 0.7827 -0.0740
vn 0.9102 -0.4137 0.0183
vn 0.9576 -0.1993 0.2080
vn 0.7865 -0.6080 -0.1080
vn 0.9679 -0.2131 0.1332
vn 0.6947 0.7191 -0.0170
vn 0.6060 0.7931 0.0609
vn 0.1510 0.8778 0.4546
vn 0.7488 0.6626 0.0167
vn 0.7969 0.6035 0.0276
vn 0.8101 0.5857 -0.0266
vn 0.7631 -0.0096 0.6462
vn 0.9191 -0.2332 0.3176
vn 0.8832 0.2782 0.3776
vn 0.7080 -0.4776 0.5203
vn 0.4311 -0.3311 0.8394
vn -0.3999 -0.6920 0.6010
vn -0.2323 0.9180 0.3214
vn -0.2868 -0.9362 0.2033
vn 0.5365 -0.8315 0.1443
vn -0.6237 -0.5029 0.5983
vn 0.7096 0.5453 -0.4461
vn 0.8498 -0.1634 -0.5011
vn 0.5152 0.5760 -0.6347
vn 0.4781 0.8321 -0.2811
vn 0.5882 0.8087 0.0038
vn -0.3897 -0.8798 0.2722
vn -0.5064 -0.7341 0.4524
vn -0.4422 -0.8012 0.4032
vn -0.2720 -0.9441 0.1862
vn -0.0442 -0.9987 -0.0254
vn -0.4588 -0.8209 0.3401
vn -0.2584 -0.9646 -0.0519
vn -0.3776 -0.3881 0.8407
vn -0.1845 -0.5809 0.7928
vn -0.4387 0.1567 0.8849
vn 0.0906 -0.0349 0.9953
vn -0.2283 0.0940 0.9690
vn -0.0669 -0.1424 0.9875
vn -0.1524 -0.1817 0.9715
vn 0.8374 0.5349 -0.1126
vn -0.0755 -0.0877 0.9933
vn -0.2665 -0.6159 -0.7414
vn -0.1743 -0.7929 -0.5839
vn 0.8478 -0.1034 -0.5201
vn 0.8316 -0.1704 -0.5286
vn 0.7477 0.0883 -0.6582
vn -0.4907 -0.0400 -0.8704
vn -0.4001 -0.0618 -0.9144
vn -0.4452 0.0607 -0.8934
vn -0.3864 -0.3242 -0.8635
vn -0.4490 -0.1589 -0.8793
vn -0.4924 -0.0487 -0.8690
vn -0.4859 -0.1368 -0.8632
vn -0.5500 0.7431 0.3811
vn -0.4328 0.8591 0.2732
vn -0.0556 0.8329 0.5507
vn 0.0020 0.8970 0.4420
vn -0.3491 0.8842 0.3105
vn -0.6548 -0.6976 -0.2908
vn -0.8686 -0.4229 -0.2582
vn -0.9062 -0.3866 -0.1715
vn -0.2234 -0.9210 -0.3192
vn -0.7279 -0.6827 -0.0631
vn 0.2533 0.9317 0.2602
vn -0.1402 0.9365 0.3215
vn 0.2627 0.9474 0.1826
vn 0.2785 0.9549 -0.1026
vn -0.9372 -0.2676 0.2239
vn -0.7550 -0.6467 0.1082
vn -0.7065 -0.6229 0.3359
vn -0.9332 0.0811 0.3501
vn -0.9152 -0.2201 0.3375
vn -0.9173 -0.2007 0.3440
vn -0.9727 0.0369 0.2293
vn 0.3231 0.9232 -0.2082
vn 0.4795 0.7254 0.4939
vn 0.3132 0.9497 -0.0041
vn 0.3376 0.7949 -0.5041
vn 0.4551 0.7627 -0.4596
vn 0.4414 0.8076 -0.3911
vn -0.0044 0.9163 -0.4004
vn -0.0359 -0.8998 -0.4347
vn -0.1110 -0.9714 -0.2100
vn -0.1730 -0.8875 -0.4272
vn 0.1428 -0.7436 -0.6532
vn 0.0987 -0.8722 -0.4791
vn -0.0211 -0.7644 -0.6444
vn 0.0262 -0.9863 -0.1630
vn -0.2413 -0.9422 -0.2325
vn -0.7713 -0.6363 -0.0176
vn 0.3058 -0.9314 -0.1974
vn -0.6558 -0.7542 -0.0325
vn -0.1330 -0.9839 -0.1192
vn -0.6246 -0.2630 -0.7354
vn -0.7239 -0.2902 -0.6259
vn 0.8128 -0.5798 -0.0570
vn 0.6140 -0.7342 -0.2898
vn 0.8604 -0.5095 -0.0111
vn -0.5686 0.6841 0.4568
vn -0.5378 0.6647 0.5186
vn -0.7744 0.2668 0.5737
vn -0.6890 0.5108 0.5141
vn -0.4907 0.8166 0.3038
vn -0.1885 0.9739 0.1267
vn -0.1888 0.9074 0.3756
vn 0.5640 -0.1591 0.8103
vn 0.9962 -0.0685 -0.0536
vn -0.1276 -0.9901 -0.0582
vn 0.6778 0.0489 0.7337
vn 0.8497 0.1505 0.5053
vn 0.0776 0.6665 0.7415
vn -0.1452 -0.1040 0.9839
vn -0.1537 -0.7457 0.6483
vn 0.0067 -0.8082 0.5888
vn 0.0508 0.0918 0.9945
vn -0.1124 0.5002 0.8586
vn -0.2475 0.2325 0.9406
vn -0.2891 -0.4329 0.8538
vn 0.0659 -0.4557 0.8877
vn -0.1447 0.6193 0.7717
vn 0.7513 0.4124 0.5152
vn -0.5871 -0.4993 0.6372
vn -0.3126 -0.5781 0.7537
vn -0.6504 -0.7344 0.1941
vn 0.5378 0.3724 0.7564
vn 0.5199 0.0287 0.8537
vn 0.5252 0.0221 0.8507
vn 0.6164 0.0546 0.7855
vn 0.4191 0.2496 0.8730
vn 0.2957 0.6679 0.6830
vn 0.4267 0.0528 0.9029
vn 0.3537 -0.3917 0.8494
vn -0.6230 0.7655 0.1605
vn -0.1056 -0.5188 0.8484
vn -0.1270 -0.6889 0.7136
vn 0.0136 -0.4918 0.8706
vn -0.8060 0.1262 0.5783
vn 0.5533 -0.5982 -0.5797
vn -0.7478 -0.6365 0.1888
vn -0.0759 0.8268 0.5574
vn 0.6151 0.6714 0.4134
vn 0.2048 0.3715 0.9056
vn -0.3505 -0.0190 0.9364
vn -0.4606 -0.2858 0.8403
vn -0.5966 -0.2044 0.7761
vn 0.0785 0.5768 0.8131
vn 0.2011 0.2016 0.9586
vn -0.7753 0.0374 0.6304
vn -0.4504 0.4850 0.7496
vn -0.2356 -0.9595 0.1541
vn -0.0494 -0.0491 0.9976
vn -0.1546 0.4125 0.8977
vn -0.5029 -0.8620 0.0628
vn -0.6826 -0.0860 0.7257
vn -0.6335 -0.5926 0.4975
vn -0.7516 -0.3417 0.5642
vn -0.4915 0.8467 0.2036
vn -0.2990 0.9056 0.3007
vn -0.6289 0.7414 -0.2343
vn -0.5291 0.8454 0.0738
vn -0.3681 0.9076 0.2018
vn -0.4124 -0.8113 -0.4144
vn -0.8740 -0.2502 -0.4166
vn -0.7625 -0.1112 -0.6373
vn -0.3519 -0.5805 -0.7343
vn -0.6630 -0.6926 0.2843
vn -0.7760 -0.6156 0.1373
vn -0.4491 -0.1595 0.8791
vn -0.6847 -0.4670 0.5596
vn -0.9280 0.0045 0.3727
vn -0.1459 0.9613 0.2339
vn -0.2834 0.7698 -0.5719
vn -0.9026 0.3865 -0.1895
vn -0.7634 0.2922 0.5760
vn -0.2258 0.5172 0.8255
vn 0.7758 0.4675 0.4237
vn 0.9730 -0.0800 -0.2164
vn 0.6042 0.6615 0.4441
vn 0.9949 0.0965 0.0309
vn -0.6685 -0.7084 0.2265
vn -0.6074 -0.6952 0.3844
vn -0.7052 -0.5371 0.4628
vn -0.4710 -0.8747 0.1138
vn -0.6624 -0.7247 -0.1899
vn -0.6798 -0.6886 0.2524
vn -0.2802 -0.9579 -0.0631
vn -0.4795 -0.8768 0.0358
vn 0.4124 0.5096 -0.7551
vn -0.1730 -0.8592 -0.4815
vn 0.4348 -0.8030 -0.4076
vn 0.0765 0.8145 0.5751
vn 0.9111 -0.3963 0.1134
vn 0.8995 -0.4288 0.0837
vn 0.9689 0.1727 0.1772
vn 0.4839 -0.8025 0.3491
vn 0.9301 -0.3639 0.0504
vn 0.5544 -0.8063 -0.2065
vn 0.5491 -0.4508 0.7037
vn 0.2249 -0.9564 0.1863
vn 0.8314 0.4754 -0.2877
vn 0.2940 -0.5848 -0.7561
vn 0.2913 -0.5435 -0.7873
vn 1.0000 0.0006 -0.0001
vn 0.6015 -0.7867 -0.1390
vn 0.9570 -0.2868 0.0433
vn 0.5598 0.8198 -0.1204
vn 0.3013 0.8846 -0.3561
vn 0.6273 0.7784 -0.0246
vn 0.5512 0.8343 0.0074
vn 0.6274 0.7783 -0.0246
vn 0.7006 0.7062 0.1020
vn -0.8186 -0.1564 -0.5527
vn -0.9457 0.0492 -0.3213
vn -0.7525 0.3219 -0.5746
vn -0.5375 0.0222 -0.8430
vn 0.1644 -0.9695 -0.1819
vn 0.0446 -0.9867 0.1566
vn 0.2549 -0.8362 -0.4855
vn 0.0109 -0.9846 -0.1745
vn -0.2340 -0.6784 0.6964
vn -0.0318 -0.9560 0.2915
vn 0.4357 -0.8861 0.1579
vn -0.3331 0.8755 -0.3501
vn -0.0437 0.8254 -0.5629
vn -0.4570 0.4823 -0.7473
vn -0.2492 -0.9673 -0.0480
vn 0.1561 0.7804 0.6055
vn -0.0664 0.4637 0.8835
vn -0.2007 -0.2486 -0.9476
vn -0.3963 0.8858 0.2416
vn -0.8453 0.5043 0.1766
vn -0.2863 0.8206 0.4946
vn 0.3652 0.8701 0.3309
vn 0.0053 0.9348 0.3553
vn -0.8342 0.0619 0.5480
vn 0.2711 0.0733 0.9598
vn -0.7434 0.2053 0.6366
vn 0.0696 -0.4578 0.8863
vn -0.3133 0.9219 0.2281
vn -0.4208 0.8748 0.2402
vn -0.9372 -0.2798 -0.2083
vn -0.8409 0.4592 -0.2863
vn -0.9508 -0.0781 -0.2998
vn -0.6810 -0.7212 -0.1270
vn -0.7517 -0.6158 -0.2361
vn 0.1638 -0.3458 0.9239
vn 0.4574 -0.5667 0.6853
vn 0.2775 -0.1573 0.9478
vn -0.1128 -0.3525 0.9290
vn 0.0454 -0.5832 0.8111
vn -0.4641 -0.6145 -0.6380
vn -0.1636 -0.3004 -0.9397
vn -0.4548 -0.4284 -0.7808
vn 0.9410 -0.2240 -0.2536
vn 0.1061 0.2580 -0.9603
vn -0.0315 0.2130 -0.9765
vn 0.3977 0.3541 -0.8464
vn 0.2080 0.0963 -0.9734
vn 0.6893 0.6799 0.2503
vn 0.4941 0.8667 -0.0681
vn 0.9001 0.4289 0.0770
vn 0.6805 0.7231 -0.1188
vn -0.3783 0.3547 -0.8550
vn 0.5054 0.8379 0.2062
vn 0.1936 0.9691 0.1527
vn 0.7037 0.6802 0.2053
vn 0.9077 0.3510 0.2298
vn 0.6609 0.4547 0.5971
vn 0.2330 0.9623 0.1404
vn 0.0190 0.9997 -0.0140
vn 0.0019 0.9966 0.0825
vn 0.3969 0.2829 -0.8732
vn 0.3871 -0.5762 0.7198
vn 0.0554 -0.9129 0.4043
vn 0.0479 -0.2120 0.9761
vn -0.0182 -0.2334 0.9722
vn -0.0712 -0.1749 0.9820
vn -0.1286 0.8035 -0.5813
vn -0.1007 0.9542 -0.2816
vn -0.0220 0.9735 -0.2277
vn -0.2056 0.6709 0.7125
vn 0.5151 -0.6546 -0.5533
vn 0.9047 -0.4137 -0.1016
vn -0.0884 -0.4539 -0.8867
vn 0.4399 -0.0579 -0.8962
vn 0.1108 0.1447 -0.9833
vn -0.4055 -0.4785 -0.7789
vn -0.4036 -0.1164 -0.9075
vn -0.6783 -0.7120 -0.1815
vn -0.6009 -0.7158 -0.3558
vn -0.9061 -0.0750 0.4164
vn -0.3523 -0.9297 0.1072
vn -0.4797 -0.8734 0.0844
vn 0.3593 0.8966 0.2588
vn -0.2258 -0.8770 0.4241
vn -0.1633 -0.9744 0.1548
vn -0.0397 -0.9832 0.1783
vn -0.2858 -0.9582 0.0113
vn 0.0427 -0.9900 -0.1343
vn 0.1315 -0.9421 -0.3084
vn 0.2299 -0.9213 -0.3135
vn -0.3774 -0.9168 0.1307
vn 0.6071 0.1283 0.7842
vn -0.0367 -0.2733 0.9612
vn -0.1391 0.0193 0.9901
vn 0.3719 0.9079 0.1936
vn 0.7555 0.6268 0.1904
vn 0.3054 0.8968 0.3202
vn -0.0664 0.9782 0.1970
vn 0.1997 0.9556 0.2166
vn 0.1863 0.9355 0.3002
vn 0.2443 0.8600 0.4481
vn 0.4781 -0.8718 -0.1064
vn 0.2910 -0.9543 0.0681
vn 0.3434 -0.9238 -0.1691
vn 0.6473 -0.7600 -0.0574
vn 0.4736 -0.8804 0.0240
vn -0.2845 0.9261 0.2476
vn 0.1490 -0.8936 -0.4235
vn 0.2204 -0.7667 -0.6030
vn 0.2150 -0.7793 -0.5886
vn 0.1834 -0.8856 -0.4268
vn -0.0224 -0.9988 -0.0438
vn 0.0127 -0.9062 -0.4226
vn -0.7839 -0.5613 0.2653
vn -0.8054 -0.5208 0.2829
vn -0.5402 -0.7830 0.3084
vn -0.5990 -0.7626 -0.2440
vn -0.1451 -0.9794 -0.1406
vn -0.6372 0.5605 0.5290
vn -0.8899 -0.4554 0.0271
vn 0.2875 -0.0001 0.9578
vn 0.5907 0.4002 0.7007
vn 0.2740 0.3452 0.8976
vn -0.0725 -0.0023 0.9974
vn 0.2426 -0.3100 0.9193
vn 0.6041 0.0023 0.7969
vn 0.4006 0.2388 0.8846
vn 0.6000 0.7210 -0.3467
vn 0.8166 0.3429 -0.4643
vn 0.7020 0.5477 -0.4552
vn 0.1179 0.9914 -0.0571
vn -0.7099 -0.1387 -0.6905
vn -0.6626 0.1129 -0.7404
vn -0.7325 -0.3975 -0.5527
vn -0.6634 -0.0508 -0.7466
vn 0.1890 0.9521 0.2403
vn 0.5055 0.6662 0.5483
vn -0.2304 -0.9730 -0.0165
vn -0.0239 -0.9978 0.0615
vn -0.1467 -0.9852 -0.0889
vn 0.1974 -0.9791 -0.0495
vn -0.0513 -0.9829 0.1767
vn -0.2217 -0.9595 -0.1738
vn 0.7312 -0.2442 -0.6369
vn 0.5914 -0.5946 -0.5447
vn 0.8040 0.0808 -0.5891
vn 0.8181 0.0746 -0.5702
vn -0.7226 -0.5946 0.3527
vn -0.7708 -0.3709 0.5180
vn -0.1871 0.1644 0.9685
vn -0.2257 -0.1654 0.9601
vn -0.1969 0.4857 0.8517
vn -0.1171 0.6235 0.7730
vn -0.4518 -0.7677 0.4546
vn -0.4812 -0.7290 0.4868
vn -0.3739 -0.8769 0.3020
vn 0.9666 -0.2402 0.0898
vn 0.9985 0.0547 0.0078
vn 0.9692 -0.2152 0.1198
vn -0.9882 0.1320 0.0783
vn -0.7444 0.6656 -0.0532
vn -0.6731 0.0983 -0.7329
vn 0.2302 -0.0329 0.9726
vn 0.2466 0.4403 0.8633
vn -0.2490 -0.3368 0.9081
vn 0.0277 -0.4864 0.8733
vn 0.5215 0.1629 0.8376
vn 0.5736 0.7953 -0.1959
vn 0.4332 0.8943 0.1125
vn -0.2390 0.5614 0.7923
vn 0.9903 0.0909 0.1050
vn 0.9884 0.1498 0.0261
vn 0.9497 0.2906 0.1166
vn -0.0813 -0.9662 0.2446
vn -0.1009 -0.9670 0.2339
vn -0.5639 0.8132 0.1442
vn -0.3795 0.8025 -0.4604
vn 0.0701 0.9690 -0.2368
vn -0.3396 0.9111 0.2334
vn 0.6154 0.7731 0.1536
vn 0.5656 -0.3194 -0.7603
vn 0.6943 -0.0661 -0.7167
vn 0.4193 -0.5423 -0.7281
vn 0.4825 -0.4909 -0.7254
vn 0.1297 -0.9759 -0.1755
vn 0.1097 -0.8686 -0.4831
vn 0.0763 -0.9931 0.0886
vn 0.0154 -0.5440 0.8390
vn 0.1625 0.8411 -0.5159
vn -0.7095 0.6658 0.2309
vn -0.8380 0.5394 0.0825
vn -0.8383 0.3648 0.4052
vn -0.5147 0.7811 0.3535
vn -0.4624 0.8769 0.1312
vn -0.7063 0.7075 -0.0254
vn -0.9455 0.2109 -0.2482
vn -0.7913 0.4577 -0.4053
vn -0.6858 0.4527 -0.5699
vn -0.7817 0.2214 -0.5830
vn -0.9870 -0.1583 -0.0269
vn -0.8800 -0.2189 -0.4216
vn -0.3946 -0.3169 -0.8625
vn -0.1973 -0.1891 -0.9619
vn -0.8302 0.1268 0.5429
vn -0.8160 -0.3385 0.4686
vn -0.8271 0.2222 0.5162
vn -0.8626 -0.1270 0.4897
vn -0.6867 0.5593 0.4644
vn 0.1576 -0.9874 0.0127
vn -0.0711 -0.9935 0.0894
vn 0.2848 -0.9569 -0.0575
vn 0.4380 -0.8446 0.3080
vn -0.0533 0.6140 -0.7875
vn -0.0051 0.3383 -0.9410
vn -0.3986 -0.1591 0.9032
vn 0.2283 -0.7580 -0.6110
vn 0.3245 -0.5991 -0.7319
vn 0.8863 0.0403 -0.4613
vn 0.9700 0.0682 -0.2332
vn 0.9221 0.3854 0.0348
vn 0.0719 0.3442 -0.9361
vn 0.8080 0.2405 -0.5379
vn 0.6311 -0.3213 -0.7060
vn 0.8602 -0.1977 0.4701
vn 0.4872 0.2386 0.8401
vn 0.5757 0.6476 0.4992
vn 0.4978 0.7839 0.3712
vn -0.7678 0.5724 0.2878
vn -0.7484 0.0543 0.6611
vn 0.2184 -0.2184 -0.9511
vn 0.9111 0.4115 0.0235
vn 0.9911 -0.0528 0.1224
vn 0.9889 -0.0309 0.1455
vn 0.9577 0.2570 0.1297
vn 0.6479 0.7560 0.0931
vn 0.7293 -0.6819 0.0555
vn 0.7592 0.6474 0.0677
vn 0.3814 -0.1472 0.9126
vn 0.4116 -0.9070 -0.0895
vn -0.6111 -0.7913 0.0216
vn -0.6219 -0.7287 0.2869
vn -0.5465 -0.7766 0.3134
vn -0.5129 -0.5474 0.6612
vn -0.4939 -0.6866 0.5335
vn -0.4806 -0.6699 0.5659
vn -0.5688 -0.7997 0.1923
vn -0.2960 -0.9426 0.1543
vn 0.6852 0.5083 -0.5217
vn -0.1639 0.8574 -0.4879
vn -0.1420 0.6069 -0.7820
vn -0.1945 0.9242 -0.3286
vn -0.1576 0.9562 -0.2467
vn -0.0814 0.8782 -0.4712
vn -0.0982 0.8346 -0.5421
vn 0.3506 0.8007 0.4858
vn -0.3262 0.8178 0.4742
vn 0.1515 -0.9864 0.0634
vn -0.0485 -0.9894 0.1367
vn -0.7411 0.5186 0.4264
vn -0.8633 0.2131 0.4576
vn -0.8811 0.0750 0.4670
vn -0.5527 0.7780 0.2989
vn -0.9776 -0.1113 -0.1785
vn -0.9829 -0.1061 -0.1507
vn 0.2785 -0.9465 -0.1629
vn -0.3406 -0.3092 0.8879
vn -0.4689 -0.4718 0.7467
vn -0.3243 -0.6204 0.7141
vn -0.1907 -0.4594 0.8675
vn -0.5623 0.2778 0.7789
vn 0.8085 0.4644 -0.3614
vn 0.7796 0.6256 -0.0279
vn -0.0953 0.9494 0.2991
vn -0.1725 0.9806 0.0927
vn -0.1506 0.9867 0.0613
vn -0.7907 -0.6074 -0.0773
vn -0.9032 -0.4115 -0.1219
vn -0.8851 -0.4110 -0.2186
vn -0.8210 -0.5613 0.1046
vn -0.5382 -0.8368 0.1009
vn -0.6102 -0.7733 0.1720
vn -0.7836 -0.5848 -0.2096
vn 0.4202 0.8468 0.3260
vn -0.4699 0.7575 0.4532
vn -0.7659 0.5051 0.3978
vn 0.3629 -0.9141 -0.1809
vn 0.7740 -0.6309 0.0530
vn 0.5488 -0.7840 -0.2901
vn 0.9252 -0.2982 0.2349
vn 0.4106 -0.9116 -0.0194
vn 0.3952 -0.8731 -0.2856
vn 0.8642 -0.2903 0.4110
vn 0.4581 -0.8855 -0.0777
vn 0.6645 -0.7466 0.0334
vn 0.8762 -0.4794 0.0490
vn 0.2364 -0.9692 -0.0690
vn -0.1641 -0.9753 -0.1480
vn -0.3319 -0.9403 0.0751
vn 0.1450 -0.9780 -0.1497
vn -0.6580 -0.5811 0.4789
vn -0.1669 -0.9860 0.0034
vn -0.1435 -0.9835 0.1105
vn -0.8163 0.0641 0.5741
vn 0.1460 0.9722 -0.1830
vn -0.4586 -0.7735 0.4374
vn -0.5741 0.3429 -0.7435
vn -0.7229 0.2623 -0.6393
vn 0.5338 0.6508 0.5399
vn 0.2652 0.5091 0.8188
vn 0.2017 0.7125 0.6721
vn -0.0341 0.5985 0.8004
vn 0.2047 0.7892 0.5791
vn -0.0597 0.3129 0.9479
vn 0.2717 0.5955 0.7560
vn -0.2860 0.2584 0.9227
vn 0.5760 0.8109 -0.1031
vn 0.3613 0.8957 -0.2590
vn 0.6982 0.5424 -0.4672
vn 0.2642 0.9386 -0.2220
vn 0.5390 0.6408 -0.5466
vn -0.9893 -0.0239 -0.1438
vn -0.9985 0.0429 -0.0335
vn 0.5390 0.8348 0.1124
vn 0.9742 0.1969 0.1104
vn -0.8249 -0.5578 0.0918
vn 0.5958 0.7184 -0.3591
vn 0.7124 0.6770 -0.1849
vn -0.2540 0.9495 0.1840
vn 0.1123 0.9935 0.0171
vn 0.1864 0.9804 -0.0647
vn -0.4346 -0.8917 0.1265
vn -0.6417 -0.4590 -0.6144
vn -0.4686 0.1423 -0.8719
vn -0.6068 -0.6825 -0.4074
vn -0.1218 -0.7785 -0.6158
vn -0.5683 -0.5742 -0.5894
vn 0.4611 -0.8865 0.0381
vn -0.1394 -0.9902 -0.0021
vn 0.4498 -0.8917 -0.0497
vn 0.6857 -0.0321 -0.7272
vn 0.7210 0.2095 -0.6605
vn 0.3106 -0.8995 0.3072
vn 0.4281 -0.8964 0.1153
vn 0.4177 -0.9061 -0.0674
vn 0.2280 -0.9589 0.1687
vn 0.2260 -0.9199 0.3206
vn 0.4263 -0.8720 0.2406
vn 0.0300 0.7519 0.6586
vn -0.0448 0.9686 0.2444
vn -0.6468 0.6601 0.3820
vn -0.0200 -0.3745 -0.9270
vn -0.3282 0.1017 -0.9391
vn -0.7286 0.6770 0.1043
vn -0.5516 -0.8341 -0.0007
vn 0.7238 0.4571 0.5169
vn 0.8641 0.1650 0.4756
vn 0.4577 0.7204 0.5211
vn 0.5165 0.7134 0.4736
vn 0.1806 0.7927 0.5823
vn -0.2205 0.6814 0.6980
vn -0.7833 -0.4539 0.4248
vn -0.0508 0.7518 0.6574
vn -0.2396 -0.9707 0.0183
vn -0.3315 -0.9349 0.1269
vn -0.1603 -0.9199 0.3579
vn 0.9275 0.3677 0.0677
vn 0.9839 -0.1722 -0.0481
vn 0.8872 0.4600 -0.0358
vn 0.9975 -0.0638 0.0316
vn 0.0698 0.9945 0.0785
vn 0.9637 -0.0270 0.2658
vn 0.9121 -0.4083 -0.0368
vn 0.9581 -0.2764 0.0748
vn 0.9691 0.0850 0.2315
vn 0.0295 0.9679 0.2495
vn -0.6563 0.0685 0.7514
vn -0.5831 0.3460 0.7350
vn 0.8578 0.0920 0.5056
vn 0.7593 0.3342 0.5583
vn 0.8464 0.1859 0.4991
vn -0.0885 0.9738 0.2095
vn 0.9911 0.0984 0.0894
vn 0.9952 0.0066 0.0977
vn -0.2633 -0.9647 0.0017
vn 0.0673 -0.9705 -0.2314
vn -0.8189 -0.4235 0.3874
vn 0.6076 -0.1855 -0.7723
vn 0.6488 0.2240 -0.7272
vn 0.1128 0.3704 -0.9220
vn 0.9843 -0.0154 0.1757
vn -0.2428 -0.9673 -0.0729
vn 0.4198 0.1403 -0.8967
vn 0.3576 0.1023 -0.9283
vn -0.4225 0.8266 0.3717
vn -0.5169 0.8559 -0.0162
vn 0.5753 -0.6847 -0.4474
vn 0.7416 0.6242 0.2457
vn 0.7611 0.6177 0.1980
vn 0.3219 0.8331 -0.4498
vn 0.4357 0.3352 -0.8354
vn -0.9908 0.0977 0.0939
vn -0.9809 -0.1033 -0.1646
vn -0.8946 0.3736 0.2452
vn 0.8784 -0.2062 -0.4312
vn 0.9690 -0.0956 -0.2279
vn 0.7034 0.6521 0.2829
vn 0.2542 0.9315 0.2603
vn 0.1367 0.8755 0.4636
vn 0.9342 -0.0185 0.3563
vn -0.8202 -0.2533 0.5130
vn 0.0005 0.1663 0.9861
vn -0.5445 0.6986 -0.4642
vn -0.0559 0.0132 0.9983
vn -0.7981 0.1791 0.5753
vn -0.3432 0.6742 0.6539
vn -0.6375 0.6118 0.4682
vn -0.7703 0.2103 0.6020
vn -0.3021 0.3872 0.8711
vn -0.3035 0.9471 0.1046
vn 0.0645 -0.8653 0.4970
vn 0.0700 -0.4192 0.9052
vn -0.0652 -0.4607 0.8851
vn -0.1806 -0.7115 0.6791
vn 0.0989 -0.6485 0.7548
vn 0.3161 -0.3742 0.8718
vn -0.3301 -0.4654 0.8213
vn 0.2399 -0.5221 -0.8184
vn -0.8963 0.1934 -0.3990
vn -0.3172 -0.7632 -0.5629
vn -0.4670 -0.0173 -0.8841
vn -0.8909 0.4142 -0.1865
vn -0.7759 -0.4410 -0.4511
vn -0.4043 -0.1350 0.9046
vn -0.3910 0.1167 0.9130
vn 0.3915 0.8419 0.3715
vn 0.3632 0.9094 0.2025
vn -0.4578 0.8425 0.2839
vn -0.4504 0.8894 0.0786
vn 0.5049 0.8440 0.1808
vn -0.2412 0.9683 0.0652
vn 0.2242 0.9719 0.0718
vn -0.9662 0.2281 -0.1203
vn -0.8420 0.3347 -0.4231
vn -0.9248 -0.3784 0.0392
vn -0.9581 -0.1979 -0.2071
vn -0.9297 -0.0000 -0.3684
vn -0.0144 -0.0366 0.9992
vn 0.6004 0.1665 0.7822
vn 0.3972 0.0219 0.9175
vn 0.3722 -0.7441 0.5547
vn 0.3406 -0.2980 0.8917
vn 0.7376 0.5909 -0.3269
vn 0.8661 0.1777 -0.4673
vn 0.8319 -0.3942 0.3906
vn 0.8740 0.3940 -0.2845
vn 0.8411 0.4721 -0.2640
vn -0.0276 -0.9203 -0.3903
vn 0.5131 -0.8517 -0.1064
vn 0.7591 -0.6429 -0.1019
vn 0.8540 0.5145 -0.0767
vn 0.8418 0.5099 -0.1774
vn 0.5130 -0.7191 -0.4687
vn -0.7493 0.6298 -0.2046
vn 0.2420 0.8131 0.5294
vn 0.3579 0.6970 0.6214
vn -0.0459 -0.9989 0.0075
vn -0.7949 0.6062 0.0272
vn -0.9141 0.4055 -0.0070
vn -0.6656 0.6870 0.2917
vn -0.4397 -0.8676 0.2323
vn 0.8286 -0.4635 0.3140
vn -0.4961 -0.8552 -0.1502
vn -0.0835 -0.9965 -0.0079
vn -0.2615 -0.9608 -0.0924
vn -0.0135 -0.2595 0.9656
vn 0.1541 -0.1484 0.9768
vn 0.0797 -0.1626 0.9835
vn 0.8777 0.2444 0.4122
vn -0.3182 -0.7845 0.5323
vn -0.9953 -0.0876 0.0416
vn 0.5985 0.6114 -0.5177
vn -0.9804 -0.1427 -0.1362
vn 0.3816 0.8771 0.2917
vn 0.4551 0.5826 0.6734
vn 0.0659 0.8348 0.5466
vn 0.0606 0.9160 0.3966
vn -0.3624 0.8737 0.3246
vn -0.7332 -0.4951 0.4662
vn -0.8444 -0.0212 0.5352
vn -0.6470 -0.4668 -0.6029
vn -0.5296 0.8108 0.2493
vn -0.6226 0.7487 0.2275
vn 0.3906 0.8943 0.2184
vn 0.0844 0.8461 0.5263
vn 0.1591 0.8796 0.4483
vn -0.2696 0.8615 0.4302
vn -0.1914 0.5465 0.8153
vn -0.9067 0.0927 -0.4114
vn -0.3503 -0.9095 -0.2237
vn -0.3047 -0.7949 -0.5247
vn -0.1165 -0.9186 -0.3777
vn -0.5346 -0.7845 -0.3142
vn 0.9975 -0.0629 0.0320
vn 0.8469 -0.5290 -0.0542
vn 0.9924 0.0500 0.1127
vn 0.8875 -0.4576 0.0548
vn -0.1101 -0.3357 0.9355
vn 0.7164 -0.6778 -0.1654
vn 0.1531 0.9659 -0.2089
vn 0.1829 0.8473 0.4986
vn 0.2424 0.8186 0.5207
vn 0.9814 0.0696 0.1790
vn 0.9830 0.1429 0.1151
vn 0.2844 0.7792 0.5586
vn -0.1336 -0.9310 0.3397
vn -0.3666 -0.9217 0.1270
vn -0.3464 -0.8317 0.4339
vn 0.4781 -0.7613 -0.4379
vn -0.7250 -0.6297 0.2791
vn -0.9873 -0.1558 0.0314
vn -0.0726 0.5759 0.8143
vn 0.1783 0.8761 0.4479
vn 0.0400 -0.9914 0.1243
vn -0.5335 0.7919 0.2972
vn 0.8110 0.4244 -0.4028
vn 0.2747 -0.9406 -0.1995
vn 0.0187 -0.9985 -0.0506
vn -0.5150 0.2295 -0.8259
vn -0.5791 -0.5058 0.6393
vn -0.1912 -0.8070 0.5587
vn -0.1817 -0.9834 -0.0003
vn 0.0781 0.1737 -0.9817
vn 0.2186 0.0891 -0.9717
vn 0.1694 0.0989 -0.9806
vn -0.0949 0.3689 -0.9246
vn -0.0496 0.2428 -0.9688
vn -0.0599 -0.9961 0.0650
vn 0.3178 0.9477 0.0290
vn 0.8913 -0.1235 0.4363
vn 0.8998 -0.0728 0.4301
vn 0.9495 -0.0057 0.3136
vn -0.1481 0.3209 -0.9355
vn 0.8037 -0.2924 0.5182
vn -0.4279 0.8927 0.1417
vn -0.9369 -0.3357 0.0972
vn -0.2744 -0.9610 0.0346
vn -0.3132 0.9296 0.1942
vn -0.1928 0.9618 0.1941
vn -0.3860 0.7663 0.5136
vn 0.4482 -0.6665 -0.5957
vn 0.8262 -0.5585 -0.0744
vn -0.1259 -0.7935 -0.5954
vn 0.1677 0.5240 -0.8351
vn 0.4773 -0.8083 -0.3446
vn 0.2145 -0.5076 0.8344
vn 0.8818 -0.1108 -0.4584
vn 0.5696 -0.6202 0.5394
vn -0.8142 -0.1680 0.5557
vn -0.8061 -0.4898 0.3320
vn -0.1530 0.9608 0.2313
vn -0.2408 0.9080 0.3427
vn 0.5476 0.8298 0.1074
vn 0.6000 0.7816 0.1709
vn 0.9618 0.1705 0.2143
vn -0.0392 0.9987 0.0329
vn 0.4702 0.5935 0.6532
vn 0.5577 0.0290 -0.8295
vn 0.6368 -0.4061 -0.6554
vn 0.5538 -0.3988 -0.7310
vn 0.7024 0.0491 -0.7101
vn 0.3828 -0.1648 -0.9090
vn -0.0505 0.9363 0.3476
vn 0.5269 0.8326 0.1708
vn 0.3622 0.9075 -0.2129
vn -0.9157 0.2641 0.3029
vn -0.8544 0.4292 0.2929
vn 0.3515 0.2273 0.9082
vn -0.2035 -0.7960 -0.5700
vn -0.7310 -0.6820 0.0223
vn 0.1788 0.9486 0.2610
vn 0.7805 -0.5058 0.3674
vn -0.5530 -0.0538 -0.8314
vn -0.0485 0.7162 0.6962
vn 0.9428 0.0772 -0.3242
vn 0.6511 -0.5420 -0.5314
vn 0.1721 0.0312 -0.9846
vn 0.0389 0.9989 0.0260
vn -0.7626 -0.5263 0.3761
vn -0.3024 0.2466 -0.9207
vn -0.6865 0.6358 0.3528
vn -0.7122 0.6524 0.2592
vn -0.9512 0.3076 0.0249
vn -0.6437 -0.6836 0.3440
vn 0.8102 -0.3919 -0.4359
vn 0.1525 -0.9883 -0.0078
vn 0.1885 -0.9700 -0.1535
vn -0.8989 0.4284 -0.0922
vn -0.7275 -0.0454 0.6846
vn -0.7829 -0.5721 0.2445
vn -0.3198 0.6960 0.6429
vn 0.8341 0.1325 0.5355
vn -0.3448 -0.5499 0.7607
vn -0.8333 -0.4591 -0.3078
vn -0.1546 0.0352 -0.9874
vn 0.2210 -0.9502 -0.2198
vn 0.1245 0.9686 0.2151
vn -0.8752 0.0050 0.4838
vn 0.7017 -0.5444 -0.4597
vn 0.4799 -0.7925 -0.3762
vn 0.1062 -0.9419 -0.3187
vn 0.0436 0.8854 0.4628
vn 0.0281 0.8184 0.5740
vn 0.8029 -0.5930 -0.0609
vn -0.2479 -0.4920 -0.8346
vn -0.2816 -0.9248 -0.2557
vn 0.8764 -0.0224 0.4810
vn -0.1653 -0.0463 -0.9851
vn -0.9808 0.0030 -0.1949
vn -0.8024 0.3010 0.5153
vn -0.1617 -0.9863 -0.0335
vn 0.7366 -0.4921 -0.4640
vn 0.1195 0.9891 -0.0861
vn -0.9981 0.0539 -0.0292
vn 0.8374 -0.5370 -0.1023
vn 0.9852 -0.1075 0.1334
vn -0.1892 0.8750 0.4457
vn 0.6509 0.6611 -0.3732
vn 0.7031 0.5270 -0.4773
vn 0.6379 0.6647 -0.3889
vn 0.8297 0.3802 -0.4088
vn 0.6498 0.4154 -0.6365
vn -0.1764 -0.9095 0.3764
vn -0.3753 -0.5884 0.7162
vn -0.5024 0.8638 0.0371
vn -0.0471 0.9717 -0.2313
vn -0.0553 0.9656 -0.2542
vn -0.9897 -0.1408 0.0249
vn -0.8936 -0.4484 0.0196
vn 0.5878 0.7899 -0.1748
vn 0.5935 0.7485 -0.2959
vn 0.6900 0.7105 -0.1384
vn -0.0831 0.9908 0.1066
vn 0.6097 -0.2570 -0.7498
vn -0.9786 -0.2040 -0.0261
vn -0.0489 0.9640 -0.2612
vn 0.1713 0.9088 0.3805
vn -0.0762 -0.9960 0.0473
vn -0.1316 -0.9904 -0.0427
vn -0.9210 -0.2766 -0.2744
vn -0.1308 0.9255 0.3553
vn 0.2621 -0.1887 0.9464
vn 0.4349 -0.2608 0.8619
vn 0.0178 -0.9245 -0.3807
vn -0.2024 -0.9756 -0.0846
vn 0.2584 -0.7591 -0.5976
vn 0.9571 -0.2716 0.1011
vn 0.8127 -0.1242 0.5692
vn -0.6852 -0.7015 -0.1960
vn -0.8262 -0.4459 0.3442
vn -0.9511 0.1746 0.2549
vn 0.6117 0.7890 -0.0580
vn 0.3125 -0.6755 -0.6679
vn 0.5949 -0.5375 0.5976
vn 0.4554 -0.8297 -0.3229
vn -0.1880 0.9821 -0.0106
vn -0.8119 -0.1216 -0.5710
vn 0.5470 -0.0184 0.8369
vn -0.9020 0.2890 0.3206
vn -0.5047 -0.8625 -0.0367
vn -0.6921 -0.7216 0.0165
vn 0.0514 -0.7626 -0.6448
vn 0.0134 -0.9969 -0.0780
vn -0.9969 -0.0759 -0.0222
vn 0.0659 -0.2070 0.9761
vn -0.9168 0.3659 0.1602
vn -0.8713 0.3670 0.3258
vn -0.8015 0.5889 0.1036
vn -0.9967 -0.0348 0.0732
vn 0.9663 0.0326 0.2552
vn -0.3111 0.9036 0.2944
vn -0.9740 0.2205 0.0519
vn -0.9693 -0.2158 0.1176
vn 0.9783 0.0432 0.2025
vn -0.7298 -0.6267 -0.2731
vn -0.4165 0.9027 -0.1083
vn -0.1633 0.2014 -0.9658
vn -0.0717 -0.1576 -0.9849
vn 0.0567 -0.9967 -0.0583
vn -0.4840 0.8731 -0.0593
vn 0.4431 -0.4983 -0.7453
vn 0.5055 0.8615 0.0477
vn 0.3552 -0.9133 -0.1994
vn -0.5856 -0.0382 -0.8097
vn -0.2747 -0.9613 0.0227
vn -0.6545 -0.7514 0.0842
vn 0.8359 -0.5031 -0.2194
vn 0.0833 0.9626 0.2579
vn -0.5459 0.8302 -0.1127
vn -0.0720 0.0651 -0.9953
vn 0.5596 0.6594 -0.5020
vn 0.1344 0.9872 0.0860
vn 0.3601 -0.2971 -0.8844
vn -0.3891 0.1323 -0.9117
vn 0.3173 0.8035 0.5038
vn -0.9738 -0.0794 0.2132
vn 0.2540 -0.0697 -0.9647
vn -0.6844 -0.3551 0.6368
vn 0.4198 0.1722 0.8911
vn -0.1190 -0.3466 -0.9304
vn -0.3908 0.4825 -0.7839
vt 0.608423 0.054676
vt 0.582471 0.083678
vt 0.574341 0.059238
vt 0.606667 0.023739
vt 0.773770 0.323606
vt 0.790737 0.296639
vt 0.814323 0.311457
vt 0.807275 0.336370
vt 0.163561 0.237171
vt 0.194274 0.245694
vt 0.163561 0.289152
vt 0.594869 0.379070
vt 0.588668 0.414246
vt 0.563872 0.372189
vt 0.030204 0.233794
vt 0.037057 0.219504
vt 0.039362 0.230808
vt 0.037406 0.245100
vt 0.029868 0.253066
vt 0.019619 0.237551
vt 0.022080 0.216287
vt 0.879181 0.658375
vt 0.892033 0.660751
vt 0.883337 0.669731
vt 0.046945 0.990211
vt 0.059960 0.985679
vt 0.051699 0.996971
vt 0.701795 0.362986
vt 0.693843 0.376631
vt 0.686018 0.365796
vt 0.965195 0.796673
vt 0.960414 0.780769
vt 0.974381 0.785735
vt 0.953538 0.795463
vt 0.048117 0.977539
vt 0.758773 0.252926
vt 0.774377 0.240312
vt 0.775080 0.260599
vt 0.022590 0.091072
vt 0.022590 0.110195
vt 0.003946 0.097335
vt 0.904826 0.505184
vt 0.905323 0.490900
vt 0.925192 0.500964
vt 0.751492 0.265631
vt 0.758848 0.233237
vt 0.972553 0.438245
vt 0.967394 0.433867
vt 0.974381 0.431051
vt 0.467444 0.182779
vt 0.472511 0.186827
vt 0.475817 0.195169
vt 0.932298 0.650591
vt 0.925366 0.639166
vt 0.934297 0.643014
vt 0.925873 0.649098
vt 0.235465 0.681010
vt 0.243972 0.682611
vt 0.237048 0.691547
vt 0.231315 0.683531
vt 0.017248 0.797643
vt 0.011447 0.792474
vt 0.018383 0.784632
vt 0.007135 0.802588
vt 0.028066 0.794219
vt 0.025038 0.805012
vt 0.109195 0.963073
vt 0.103933 0.948199
vt 0.113319 0.952697
vt 0.102963 0.961174
vt 0.113876 0.965078
vt 0.097300 0.972910
vt 0.889480 0.959848
vt 0.896844 0.959447
vt 0.888046 0.965903
vt 0.882938 0.967334
vt 0.885135 0.953560
vt 0.894702 0.953303
vt 0.834323 0.052773
vt 0.821783 0.078312
vt 0.818290 0.065641
vt 0.722492 0.062666
vt 0.738226 0.056691
vt 0.746348 0.076759
vt 0.719681 0.074111
vt 0.698783 0.061806
vt 0.809451 0.053305
vt 0.828458 0.039007
vt 0.542159 0.209546
vt 0.522237 0.212175
vt 0.526129 0.202779
vt 0.538869 0.196912
vt 0.539414 0.219127
vt 0.584327 0.669747
vt 0.568173 0.670169
vt 0.580399 0.660070
vt 0.876833 0.415592
vt 0.867842 0.418667
vt 0.880168 0.403231
vt 0.889100 0.409945
vt 0.544767 0.968470
vt 0.530715 0.979711
vt 0.530883 0.963900
vt 0.381535 0.902855
vt 0.377677 0.918890
vt 0.366381 0.911489
vt 0.363664 0.896003
vt 0.549689 0.986429
vt 0.390899 0.912435
vt 0.544438 0.955316
vt 0.791287 0.367865
vt 0.772701 0.365418
vt 0.777633 0.349369
vt 0.779016 0.383989
vt 0.795167 0.346998
vt 0.308812 0.708632
vt 0.320138 0.725501
vt 0.308812 0.733421
vt 0.795167 0.393841
vt 0.329814 0.712351
vt 0.754364 0.808013
vt 0.754431 0.817039
vt 0.726923 0.818686
vt 0.077788 0.890747
vt 0.068494 0.880086
vt 0.076053 0.864500
vt 0.731886 0.805940
vt 0.083637 0.865448
vt 0.065647 0.906611
vt 0.086338 0.894631
vt 0.470081 0.655374
vt 0.466659 0.623349
vt 0.486332 0.626825
vt 0.603547 0.484501
vt 0.574171 0.503003
vt 0.575120 0.485645
vt 0.490683 0.658400
vt 0.466659 0.689650
vt 0.604039 0.467311
vt 0.636130 0.483625
vt 0.394629 0.179347
vt 0.413728 0.162038
vt 0.421106 0.179013
vt 0.346578 0.269695
vt 0.359045 0.256508
vt 0.365992 0.285387
vt 0.572279 0.878931
vt 0.546845 0.881927
vt 0.551562 0.863261
vt 0.571181 0.892272
vt 0.401274 0.196188
vt 0.342546 0.244241
vt 0.881825 0.874036
vt 0.882068 0.891551
vt 0.856125 0.891551
vt 0.541218 0.804268
vt 0.524919 0.786741
vt 0.545171 0.791641
vt 0.514291 0.806674
vt 0.538481 0.822275
vt 0.859223 0.864979
vt 0.884021 0.850756
vt 0.675018 0.380879
vt 0.663489 0.389667
vt 0.662569 0.374235
vt 0.677103 0.363515
vt 0.685335 0.390751
vt 0.487285 0.867162
vt 0.500743 0.884512
vt 0.482087 0.876804
vt 0.495062 0.847824
vt 0.503175 0.869388
vt 0.479260 0.853613
vt 0.833473 0.615422
vt 0.824777 0.615353
vt 0.829395 0.605197
vt 0.002069 0.413287
vt 0.001039 0.402049
vt 0.007356 0.404684
vt 0.009641 0.415468
vt 0.001039 0.422471
vt 0.831520 0.624760
vt 0.632475 0.739352
vt 0.640500 0.747970
vt 0.626268 0.748173
vt 0.439872 0.923868
vt 0.454586 0.918459
vt 0.455632 0.936656
vt 0.637600 0.734516
vt 0.447432 0.942755
vt 0.443559 0.912632
vt 0.629895 0.723322
vt 0.512039 0.368970
vt 0.493330 0.368577
vt 0.492202 0.350926
vt 0.512039 0.349126
vt 0.794112 0.087086
vt 0.791375 0.100780
vt 0.771821 0.087013
vt 0.812613 0.090010
vt 0.816251 0.072885
vt 0.796459 0.067792
vt 0.054729 0.322957
vt 0.097381 0.341378
vt 0.077336 0.364357
vt 0.139955 0.248419
vt 0.133425 0.191983
vt 0.162974 0.235771
vt 0.038106 0.345234
vt 0.114275 0.207738
vt 0.114389 0.258690
vt 0.067531 0.299439
vt 0.382599 0.974856
vt 0.367670 0.978045
vt 0.373099 0.958977
vt 0.391560 0.949263
vt 0.372729 0.992532
vt 0.700935 0.504826
vt 0.682432 0.505909
vt 0.701795 0.483556
vt 0.388155 0.993959
vt 0.688755 0.530896
vt 0.522642 0.632984
vt 0.523696 0.606762
vt 0.541273 0.612115
vt 0.504482 0.630279
vt 0.531893 0.657203
vt 0.511061 0.659206
vt 0.921393 0.382437
vt 0.912265 0.381774
vt 0.912622 0.374382
vt 0.519092 0.178908
vt 0.526624 0.176624
vt 0.524913 0.183226
vt 0.518752 0.170941
vt 0.921671 0.371990
vt 0.916713 0.386592
vt 0.919094 0.391953
vt 0.318000 0.681403
vt 0.306913 0.705437
vt 0.280486 0.695210
vt 0.341862 0.707726
vt 0.399777 0.079542
vt 0.361052 0.070034
vt 0.383980 0.043009
vt 0.413770 0.056611
vt 0.434818 0.072577
vt 0.281258 0.675475
vt 0.313473 0.643396
vt 0.892389 0.773897
vt 0.892186 0.750181
vt 0.912179 0.757527
vt 0.895823 0.795703
vt 0.874852 0.785326
vt 0.876702 0.760268
vt 0.915051 0.780813
vt 0.946114 0.158706
vt 0.942255 0.166471
vt 0.938493 0.158331
vt 0.939093 0.153875
vt 0.949488 0.151909
vt 0.957037 0.161294
vt 0.950248 0.168211
vt 0.760866 0.654156
vt 0.742940 0.655771
vt 0.751846 0.637344
vt 0.774083 0.632979
vt 0.546586 0.203837
vt 0.553089 0.180373
vt 0.567022 0.190016
vt 0.558121 0.215765
vt 0.540443 0.223393
vt 0.747539 0.670405
vt 0.831354 0.926790
vt 0.827570 0.933910
vt 0.807109 0.925660
vt 0.812248 0.918309
vt 0.831506 0.917459
vt 0.927695 0.972382
vt 0.913834 0.972809
vt 0.915787 0.961660
vt 0.838841 0.939667
vt 0.926544 0.984609
vt 0.897984 0.465079
vt 0.918352 0.470119
vt 0.897468 0.478435
vt 0.890824 0.452735
vt 0.908839 0.451517
vt 0.239055 0.524087
vt 0.229774 0.508668
vt 0.249996 0.514214
vt 0.881796 0.473444
vt 0.418536 0.077760
vt 0.424472 0.111717
vt 0.406530 0.089058
vt 0.448307 0.015822
vt 0.445045 0.034404
vt 0.424372 0.020168
vt 0.435145 0.089520
vt 0.463167 0.020206
vt 0.431892 0.000242
vt 0.454724 0.000242
vt 0.966457 0.123659
vt 0.970251 0.119823
vt 0.972249 0.127132
vt 0.975098 0.130986
vt 0.964769 0.130458
vt 0.967908 0.114758
vt 0.000825 0.077561
vt 0.008214 0.079659
vt 0.001657 0.083725
vt 0.962764 0.119062
vt 0.007132 0.073707
vt 0.390182 0.842028
vt 0.404264 0.834147
vt 0.402855 0.853169
vt 0.383942 0.822680
vt 0.376341 0.852234
vt 0.373845 0.833440
vt 0.357361 0.306030
vt 0.383065 0.328000
vt 0.353643 0.332515
vt 0.233712 0.624364
vt 0.216907 0.632519
vt 0.231388 0.594301
vt 0.384547 0.304124
vt 0.250633 0.625240
vt 0.358428 0.565257
vt 0.341014 0.585078
vt 0.336419 0.551116
vt 0.691267 0.816579
vt 0.686631 0.809844
vt 0.705130 0.807608
vt 0.672473 0.822066
vt 0.678357 0.826465
vt 0.710454 0.815059
vt 0.694648 0.823750
vt 0.662171 0.268316
vt 0.632452 0.271264
vt 0.635824 0.256317
vt 0.691968 0.122548
vt 0.717209 0.116694
vt 0.709171 0.135390
vt 0.668457 0.281735
vt 0.645909 0.285815
vt 0.944761 0.793635
vt 0.957815 0.818158
vt 0.944761 0.820337
vt 0.657290 0.252238
vt 0.671675 0.244179
vt 0.062906 0.673787
vt 0.046385 0.676144
vt 0.053198 0.653486
vt 0.077991 0.667677
vt 0.072986 0.699390
vt 0.057694 0.701116
vt 0.908794 0.090856
vt 0.913283 0.107032
vt 0.893858 0.106233
vt 0.926198 0.082340
vt 0.925606 0.099393
vt 0.829185 0.471139
vt 0.837355 0.488131
vt 0.817154 0.486444
vt 0.846371 0.472808
vt 0.893869 0.082340
vt 0.121147 0.560461
vt 0.132528 0.560461
vt 0.127416 0.599387
vt 0.000290 0.212421
vt 0.013554 0.249551
vt 0.000290 0.255678
vt 0.493006 0.127523
vt 0.481962 0.111396
vt 0.499125 0.111434
vt 0.486861 0.151996
vt 0.474406 0.125585
vt 0.511003 0.129187
vt 0.507279 0.148942
vt 0.111833 0.942756
vt 0.116154 0.940356
vt 0.099442 0.932689
vt 0.969200 0.033179
vt 0.968215 0.051204
vt 0.962584 0.043632
vt 0.961027 0.030260
vt 0.966565 0.029767
vt 0.017194 0.456273
vt 0.018700 0.469871
vt 0.004681 0.467062
vt 0.525314 0.279606
vt 0.536301 0.272468
vt 0.536054 0.287646
vt 0.013431 0.443112
vt 0.032214 0.441986
vt 0.003818 0.450954
vt 0.525314 0.262194
vt 0.732819 0.303377
vt 0.718067 0.298034
vt 0.732859 0.285109
vt 0.739202 0.319312
vt 0.712283 0.316458
vt 0.493967 0.893508
vt 0.483524 0.903339
vt 0.474457 0.894655
vt 0.749987 0.306900
vt 0.744057 0.292047
vt 0.858667 0.707762
vt 0.850173 0.707741
vt 0.850392 0.699436
vt 0.864357 0.715536
vt 0.856593 0.713820
vt 0.862074 0.697020
vt 0.866047 0.709409
vt 0.427703 0.939615
vt 0.425935 0.944748
vt 0.418172 0.940446
vt 0.831501 0.089329
vt 0.827957 0.086390
vt 0.837012 0.075643
vt 0.834539 0.094142
vt 0.823774 0.101058
vt 0.837869 0.080510
vt 0.018231 0.330163
vt 0.016376 0.327752
vt 0.021744 0.324951
vt 0.012833 0.331216
vt 0.025461 0.330802
vt 0.012813 0.335173
vt 0.019946 0.334716
vt 0.395653 0.101390
vt 0.409722 0.116538
vt 0.396736 0.120244
vt 0.378254 0.095903
vt 0.390665 0.086764
vt 0.385327 0.108496
vt 0.715927 0.822501
vt 0.709741 0.843246
vt 0.700684 0.839272
vt 0.699859 0.828698
vt 0.720544 0.806821
vt 0.724385 0.814178
vt 0.723644 0.829041
vt 0.234627 0.304365
vt 0.225385 0.267471
vt 0.265278 0.298916
vt 0.202157 0.315752
vt 0.200956 0.283262
vt 0.273519 0.349279
vt 0.243139 0.350898
vt 0.601694 0.878744
vt 0.617474 0.883868
vt 0.595405 0.895506
vt 0.767406 0.102121
vt 0.579241 0.887597
vt 0.586377 0.875163
vt 0.944300 0.409631
vt 0.936265 0.389636
vt 0.948779 0.383519
vt 0.861783 0.347627
vt 0.842699 0.332709
vt 0.860856 0.323804
vt 0.880645 0.341616
vt 0.878332 0.362946
vt 0.921152 0.404186
vt 0.838463 0.359810
vt 0.763903 0.281037
vt 0.788337 0.285892
vt 0.768563 0.290203
vt 0.781254 0.274097
vt 0.759649 0.294287
vt 0.752495 0.289446
vt 0.764560 0.277056
vt 0.751511 0.279318
vt 0.943330 0.868672
vt 0.966851 0.872985
vt 0.947128 0.887396
vt 0.929265 0.877279
vt 0.936836 0.855996
vt 0.962579 0.850715
vt 0.727682 0.897678
vt 0.728779 0.911591
vt 0.713013 0.903095
vt 0.714825 0.885925
vt 0.730409 0.879966
vt 0.905741 0.202565
vt 0.919474 0.208363
vt 0.909882 0.220215
vt 0.920464 0.196333
vt 0.905975 0.186469
vt 0.280959 0.791175
vt 0.270776 0.785736
vt 0.279720 0.776273
vt 0.287074 0.801384
vt 0.275912 0.807507
vt 0.290608 0.783855
vt 0.272397 0.797213
vt 0.022599 0.632494
vt 0.031670 0.625196
vt 0.030472 0.647719
vt 0.020831 0.652424
vt 0.015222 0.635094
vt 0.027240 0.603852
vt 0.017623 0.607466
vt 0.177313 0.926996
vt 0.188219 0.931865
vt 0.176611 0.943120
vt 0.165831 0.939116
vt 0.187984 0.916648
vt 0.176150 0.915302
vt 0.162126 0.930358
vt 0.922199 0.606124
vt 0.920684 0.624414
vt 0.910958 0.610350
vt 0.913413 0.589828
vt 0.925756 0.622965
vt 0.932086 0.607904
vt 0.933293 0.589753
vt 0.919293 0.832763
vt 0.924381 0.817231
vt 0.930088 0.819686
vt 0.937115 0.474765
vt 0.950950 0.475817
vt 0.943657 0.483847
vt 0.795849 0.981825
vt 0.804957 0.971547
vt 0.805100 0.987017
vt 0.947027 0.468338
vt 0.927985 0.483645
vt 0.794446 0.971373
vt 0.863010 0.489225
vt 0.856458 0.481787
vt 0.865960 0.478052
vt 0.446100 0.164178
vt 0.428855 0.193046
vt 0.436566 0.150384
vt 0.241128 0.127250
vt 0.275210 0.114302
vt 0.248550 0.147562
vt 0.463094 0.175427
vt 0.241002 0.112141
vt 0.272455 0.093719
vt 0.087879 0.588723
vt 0.096595 0.590478
vt 0.083530 0.606920
vt 0.073400 0.602610
vt 0.083101 0.585114
vt 0.119394 0.764951
vt 0.121712 0.754803
vt 0.144969 0.755878
vt 0.155118 0.768207
vt 0.123543 0.775716
vt 0.472157 0.458628
vt 0.469476 0.480396
vt 0.449407 0.478034
vt 0.443391 0.440068
vt 0.456528 0.417161
vt 0.491450 0.435587
vt 0.486100 0.464037
vt 0.484200 0.228228
vt 0.503043 0.222307
vt 0.499448 0.232475
vt 0.489436 0.216554
vt 0.263632 0.774369
vt 0.259591 0.793407
vt 0.259795 0.781331
vt 0.841998 0.122745
vt 0.836139 0.115054
vt 0.846084 0.103333
vt 0.853624 0.124593
vt 0.833126 0.127923
vt 0.848903 0.137837
vt 0.837979 0.137596
vt 0.505936 0.900246
vt 0.502669 0.885114
vt 0.512818 0.889288
vt 0.520016 0.908374
vt 0.499222 0.909549
vt 0.491840 0.898453
vt 0.397692 0.975887
vt 0.404062 0.961349
vt 0.410548 0.970636
vt 0.514474 0.920395
vt 0.993362 0.130604
vt 0.985496 0.122501
vt 0.994578 0.114326
vt 0.999983 0.128384
vt 0.986808 0.132184
vt 0.991566 0.137027
vt 0.227406 0.213724
vt 0.223170 0.208757
vt 0.227406 0.197600
vt 0.081849 0.984921
vt 0.069368 0.981524
vt 0.073302 0.980229
vt 0.460835 0.568132
vt 0.451153 0.570309
vt 0.452632 0.552620
vt 0.460835 0.581315
vt 0.332812 0.929168
vt 0.325988 0.937607
vt 0.324524 0.930365
vt 0.226642 0.230418
vt 0.720494 0.015718
vt 0.711178 0.027108
vt 0.711434 0.000499
vt 0.787177 0.299694
vt 0.731505 0.000499
vt 0.734927 0.018288
vt 0.165440 0.904268
vt 0.164975 0.884726
vt 0.181414 0.891929
vt 0.151383 0.894800
vt 0.182226 0.912635
vt 0.936195 0.634379
vt 0.937208 0.616155
vt 0.956265 0.627709
vt 0.947418 0.644567
vt 0.099396 0.831069
vt 0.084550 0.834323
vt 0.088801 0.814726
vt 0.009826 0.286140
vt 0.262044 0.915560
vt 0.249667 0.920135
vt 0.252336 0.895434
vt 0.782189 0.152106
vt 0.751122 0.150106
vt 0.763607 0.137030
vt 0.788854 0.140827
vt 0.612760 0.095692
vt 0.621991 0.078471
vt 0.632077 0.094797
vt 0.611370 0.110147
vt 0.595061 0.095196
vt 0.628232 0.108320
vt 0.600023 0.079441
vt 0.689932 0.875771
vt 0.704267 0.874152
vt 0.700479 0.889126
vt 0.696324 0.860649
vt 0.678414 0.861302
vt 0.684230 0.892082
vt 0.672059 0.876284
vt 0.945933 0.285440
vt 0.944693 0.269634
vt 0.956309 0.272817
vt 0.933156 0.277826
vt 0.661718 0.713611
vt 0.677699 0.727849
vt 0.659199 0.731915
vt 0.936941 0.301200
vt 0.677699 0.707631
vt 0.823880 0.880117
vt 0.821279 0.860144
vt 0.839263 0.872755
vt 0.024104 0.476668
vt 0.048236 0.490513
vt 0.022785 0.498733
vt 0.030973 0.457868
vt 0.055734 0.470431
vt 0.796751 0.522538
vt 0.769365 0.523465
vt 0.797840 0.502402
vt 0.000347 0.493210
vt 0.776176 0.543208
vt 0.105420 0.427142
vt 0.090981 0.427703
vt 0.094852 0.412845
vt 0.346989 0.301200
vt 0.351179 0.285876
vt 0.361440 0.301200
vt 0.004392 0.821637
vt 0.016042 0.814098
vt 0.023867 0.827286
vt 0.447851 0.509172
vt 0.457823 0.523845
vt 0.444977 0.524050
vt 0.011517 0.835799
vt 0.434001 0.508371
vt 0.483093 0.546962
vt 0.528051 0.550325
vt 0.499682 0.576937
vt 0.468278 0.568783
vt 0.449569 0.545902
vt 0.462709 0.517860
vt 0.489273 0.517090
vt 0.867359 0.115984
vt 0.875317 0.126480
vt 0.856112 0.122876
vt 0.855878 0.100848
vt 0.872603 0.108286
vt 0.835422 0.164048
vt 0.816693 0.168922
vt 0.816314 0.158228
vt 0.882802 0.117139
vt 0.828159 0.174158
vt 0.359403 0.111074
vt 0.369326 0.105018
vt 0.374803 0.117129
vt 0.301870 0.884082
vt 0.287009 0.893823
vt 0.286151 0.878391
vt 0.296845 0.899638
vt 0.363168 0.122141
vt 0.316965 0.894195
vt 0.303646 0.870245
vt 0.974339 0.111659
vt 0.977425 0.117801
vt 0.963622 0.105397
vt 0.976837 0.099542
vt 0.985679 0.111139
vt 0.771071 0.448823
vt 0.757438 0.439307
vt 0.771071 0.420551
vt 0.751149 0.450540
vt 0.109847 0.733626
vt 0.132914 0.724949
vt 0.135307 0.747160
vt 0.115748 0.756011
vt 0.765715 0.464646
vt 0.100293 0.705505
vt 0.132255 0.701413
vt 0.099340 0.750842
vt 0.198037 0.061167
vt 0.234458 0.055115
vt 0.225617 0.082909
vt 0.161604 0.080811
vt 0.165324 0.049283
vt 0.205567 0.035023
vt 0.192711 0.088292
vt 0.877072 0.034518
vt 0.859313 0.031063
vt 0.868344 0.022889
vt 0.891551 0.029242
vt 0.891234 0.040424
vt 0.877591 0.045501
vt 0.860210 0.040241
vt 0.879959 0.024987
vt 0.646876 0.359236
vt 0.631575 0.365102
vt 0.632303 0.348839
vt 0.065779 0.958146
vt 0.080271 0.956020
vt 0.071599 0.970493
vt 0.647564 0.374270
vt 0.658179 0.371465
vt 0.058287 0.965801
vt 0.051198 0.953209
vt 0.464919 0.275687
vt 0.479789 0.271201
vt 0.479301 0.293933
vt 0.460528 0.296518
vt 0.427163 0.782334
vt 0.431129 0.804917
vt 0.418729 0.790851
vt 0.449646 0.763831
vt 0.447451 0.788029
vt 0.446677 0.279992
vt 0.963263 0.332562
vt 0.947650 0.350748
vt 0.946861 0.331759
vt 0.055984 0.924779
vt 0.064488 0.910694
vt 0.072592 0.931470
vt 0.487943 0.290576
vt 0.487943 0.316260
vt 0.476468 0.304056
vt 0.968415 0.354384
vt 0.980919 0.331867
vt 0.064710 0.948935
vt 0.847940 0.994745
vt 0.856085 0.989666
vt 0.855698 0.996660
vt 0.841076 0.985992
vt 0.849041 0.988152
vt 0.877379 0.905860
vt 0.872171 0.914269
vt 0.868479 0.906206
vt 0.879626 0.911426
vt 0.874850 0.898881
vt 0.416910 0.635650
vt 0.398736 0.651060
vt 0.397181 0.619955
vt 0.439522 0.643542
vt 0.418667 0.661671
vt 0.433433 0.620530
vt 0.420931 0.614087
vt 0.485499 0.944161
vt 0.477374 0.942339
vt 0.483034 0.936723
vt 0.490941 0.941481
vt 0.486327 0.947553
vt 0.480235 0.950172
vt 0.054968 0.574858
vt 0.040897 0.567305
vt 0.048975 0.553313
vt 0.061235 0.552085
vt 0.068207 0.571406
vt 0.877496 0.065807
vt 0.867378 0.059202
vt 0.878425 0.058311
vt 0.049460 0.580078
vt 0.879686 0.079176
vt 0.865573 0.067855
vt 0.820598 0.976795
vt 0.812898 0.961609
vt 0.833444 0.981084
vt 0.827338 0.987935
vt 0.827332 0.966868
vt 0.839794 0.489449
vt 0.846608 0.475976
vt 0.213317 0.414738
vt 0.207704 0.453349
vt 0.190796 0.448295
vt 0.237374 0.386944
vt 0.228944 0.417922
vt 0.348332 0.427217
vt 0.364452 0.457217
vt 0.348332 0.466859
vt 0.191344 0.408232
vt 0.206798 0.385210
vt 0.803868 0.368594
vt 0.816046 0.370844
vt 0.803861 0.381091
vt 0.441547 0.877792
vt 0.435913 0.885598
vt 0.436112 0.871806
vt 0.806349 0.347743
vt 0.442344 0.862282
vt 0.208300 0.380840
vt 0.195537 0.380948
vt 0.201437 0.371629
vt 0.958358 0.465381
vt 0.950518 0.453745
vt 0.966772 0.448477
vt 0.970118 0.460339
vt 0.210310 0.369643
vt 0.218391 0.377025
vt 0.211003 0.394572
vt 0.948300 0.778641
vt 0.955245 0.762879
vt 0.925092 0.796956
vt 0.934388 0.795881
vt 0.916941 0.812229
vt 0.930748 0.784109
vt 0.939987 0.763737
vt 0.361104 0.189288
vt 0.365525 0.173896
vt 0.383283 0.184688
vt 0.345972 0.201849
vt 0.346505 0.182324
vt 0.376292 0.196726
vt 0.356482 0.204424
vt 0.939472 0.455390
vt 0.947017 0.462530
vt 0.936622 0.466859
vt 0.925953 0.449280
vt 0.931092 0.435489
vt 0.943900 0.440684
vt 0.947273 0.454348
vt 0.231770 0.879501
vt 0.210871 0.882648
vt 0.220173 0.873407
vt 0.223911 0.890732
vt 0.255176 0.076194
vt 0.256265 0.060325
vt 0.265354 0.056329
vt 0.239454 0.882798
vt 0.246384 0.081324
vt 0.259799 0.075962
vt 0.414858 0.961155
vt 0.421928 0.966240
vt 0.327427 0.920165
vt 0.323420 0.912410
vt 0.338396 0.906786
vt 0.419179 0.975505
vt 0.573264 0.149094
vt 0.511041 0.141730
vt 0.561881 0.117468
vt 0.105052 0.099274
vt 0.084304 0.085104
vt 0.116228 0.033977
vt 0.074867 0.006618
vt 0.128919 0.009382
vt 0.124368 0.038353
vt 0.084304 0.152902
vt 0.130269 0.113418
vt 0.126504 0.660096
vt 0.112494 0.653835
vt 0.126504 0.643618
vt 0.774605 0.573676
vt 0.778003 0.556148
vt 0.790446 0.568852
vt 0.782272 0.591404
vt 0.767225 0.583972
vt 0.117987 0.679205
vt 0.331522 0.464025
vt 0.340285 0.499494
vt 0.319270 0.481767
vt 0.314008 0.455769
vt 0.333950 0.443055
vt 0.345661 0.449959
vt 0.027891 0.521091
vt 0.045037 0.506698
vt 0.351246 0.480251
vt 0.891250 0.389549
vt 0.891157 0.400221
vt 0.881317 0.392979
vt 0.882725 0.382190
vt 0.887505 0.376276
vt 0.897764 0.387698
vt 0.896923 0.392843
vt 0.378206 0.774050
vt 0.361040 0.765309
vt 0.390297 0.757587
vt 0.358250 0.793966
vt 0.389135 0.793311
vt 0.694523 0.703156
vt 0.667342 0.682968
vt 0.692656 0.679079
vt 0.963839 0.748260
vt 0.948049 0.752999
vt 0.951721 0.730493
vt 0.710213 0.705249
vt 0.669277 0.707936
vt 0.208098 0.918068
vt 0.228876 0.912238
vt 0.208878 0.942266
vt 0.937091 0.172872
vt 0.943581 0.176110
vt 0.941261 0.183732
vt 0.935623 0.164842
vt 0.644245 0.970793
vt 0.638322 0.972564
vt 0.640305 0.965063
vt 0.934130 0.179358
vt 0.930634 0.169512
vt 0.583903 0.234678
vt 0.560270 0.249336
vt 0.570585 0.226618
vt 0.602399 0.224180
vt 0.575335 0.258999
vt 0.591812 0.210466
vt 0.057875 0.617930
vt 0.052695 0.638407
vt 0.047679 0.620346
vt 0.059433 0.641233
vt 0.050167 0.591771
vt 0.060790 0.595543
vt 0.066875 0.622594
vt 0.022106 0.935866
vt 0.026099 0.919245
vt 0.036170 0.925008
vt 0.020996 0.943317
vt 0.000266 0.948275
vt 0.015758 0.932799
vt 0.035567 0.931896
vt 0.132528 0.168342
vt 0.119346 0.174730
vt 0.119346 0.153551
vt 0.926028 0.224086
vt 0.191262 0.311476
vt 0.175716 0.317766
vt 0.175716 0.301508
vt 0.130972 0.186744
vt 0.661963 0.430070
vt 0.662091 0.415536
vt 0.679441 0.425630
vt 0.810943 0.596047
vt 0.810943 0.574838
vt 0.824737 0.598135
vt 0.225900 0.779919
vt 0.221359 0.798715
vt 0.204152 0.782768
vt 0.673532 0.451321
vt 0.661670 0.451799
vt 0.547016 0.277844
vt 0.016404 0.124998
vt 0.001876 0.113007
vt 0.002067 0.124740
vt 0.935225 0.512039
vt 0.934590 0.497709
vt 0.879855 0.467736
vt 0.869642 0.461645
vt 0.879732 0.456701
vt 0.963839 0.474123
vt 0.956547 0.480452
vt 0.956546 0.470243
vt 0.873573 0.472374
vt 0.962439 0.484390
vt 0.633232 0.756450
vt 0.647281 0.752864
vt 0.613029 0.751675
vt 0.621074 0.760611
vt 0.640680 0.766228
vt 0.265345 0.376808
vt 0.258612 0.380118
vt 0.257874 0.372327
vt 0.264734 0.384030
vt 0.014976 0.049035
vt 0.010826 0.052136
vt 0.009518 0.047941
vt 0.012486 0.041926
vt 0.262807 0.367336
vt 0.269574 0.373320
vt 0.858308 0.171784
vt 0.880586 0.191111
vt 0.852487 0.194190
vt 0.885207 0.172613
vt 0.762046 0.762306
vt 0.744355 0.762610
vt 0.748654 0.738846
vt 0.774083 0.782814
vt 0.750906 0.786131
vt 0.841600 0.169888
vt 0.481700 0.957793
vt 0.478275 0.964809
vt 0.474239 0.956165
vt 0.487163 0.956747
vt 0.485981 0.963740
vt 0.072162 0.534426
vt 0.054786 0.534642
vt 0.188140 0.623434
vt 0.182320 0.640482
vt 0.169546 0.627307
vt 0.199753 0.642415
vt 0.077295 0.552325
vt 0.207242 0.621877
vt 0.091132 0.536760
vt 0.525357 0.252458
vt 0.503443 0.243461
vt 0.518110 0.239710
vt 0.509861 0.255053
vt 0.520114 0.154232
vt 0.528958 0.164142
vt 0.523083 0.264893
vt 0.507997 0.166361
vt 0.508315 0.150583
vt 0.533140 0.147320
vt 0.065834 0.751869
vt 0.062858 0.734842
vt 0.078695 0.734444
vt 0.081194 0.753895
vt 0.052199 0.752415
vt 0.062625 0.771793
vt 0.081324 0.771815
vt 0.594162 0.933719
vt 0.590625 0.916296
vt 0.609085 0.925048
vt 0.158130 0.141942
vt 0.158130 0.167795
vt 0.143162 0.151859
vt 0.888701 0.638493
vt 0.873240 0.627737
vt 0.891551 0.615091
vt 0.235562 0.777095
vt 0.221776 0.771752
vt 0.232110 0.754886
vt 0.875219 0.653425
vt 0.891012 0.658594
vt 0.604070 0.413175
vt 0.622010 0.413778
vt 0.613013 0.434025
vt 0.417609 0.297182
vt 0.410698 0.275254
vt 0.434038 0.272506
vt 0.391577 0.283684
vt 0.417018 0.320796
vt 0.432998 0.296330
vt 0.389014 0.227320
vt 0.387518 0.243720
vt 0.376955 0.234719
vt 0.373163 0.222559
vt 0.384147 0.211872
vt 0.406715 0.211960
vt 0.409983 0.228202
vt 0.637596 0.486392
vt 0.649085 0.509214
vt 0.637596 0.510533
vt 0.978899 0.260041
vt 0.978899 0.281622
vt 0.976663 0.261348
vt 0.116306 0.892357
vt 0.138780 0.883545
vt 0.126338 0.904944
vt 0.975518 0.234716
vt 0.901222 0.895564
vt 0.919290 0.896098
vt 0.903451 0.914473
vt 0.889922 0.904006
vt 0.888963 0.893056
vt 0.895358 0.886295
vt 0.907905 0.886326
vt 0.275855 0.944743
vt 0.292164 0.930009
vt 0.285269 0.963773
vt 0.263042 0.971369
vt 0.259874 0.942506
vt 0.275585 0.921800
vt 0.699536 0.603905
vt 0.710389 0.583014
vt 0.717770 0.599991
vt 0.514910 0.846155
vt 0.519569 0.867341
vt 0.143070 0.515051
vt 0.136288 0.509739
vt 0.140802 0.493434
vt 0.512754 0.832034
vt 0.691846 0.387282
vt 0.699121 0.384805
vt 0.697060 0.397371
vt 0.687990 0.389707
vt 0.672997 0.600464
vt 0.666413 0.603038
vt 0.668557 0.599524
vt 0.676404 0.597301
vt 0.675675 0.603905
vt 0.670988 0.594845
vt 0.686735 0.339772
vt 0.686735 0.362946
vt 0.674121 0.356102
vt 0.982203 0.200993
vt 0.970719 0.186065
vt 0.986429 0.178208
vt 0.667627 0.336728
vt 0.844737 0.951791
vt 0.839449 0.938235
vt 0.853032 0.936660
vt 0.948779 0.192316
vt 0.948582 0.208545
vt 0.935252 0.194407
vt 0.092275 0.398913
vt 0.105420 0.397484
vt 0.081149 0.415345
vt 0.856966 0.949475
vt 0.050602 0.326802
vt 0.034802 0.309313
vt 0.047897 0.308692
vt 0.346924 0.044161
vt 0.349663 0.071259
vt 0.315026 0.069007
vt 0.046041 0.036254
vt 0.072360 0.000472
vt 0.079993 0.035547
vt 0.041109 0.004059
vt 0.298276 0.039299
vt 0.039207 0.063242
vt 0.327486 0.017915
vt 0.003162 0.358428
vt 0.000813 0.346844
vt 0.010669 0.347553
vt 0.881136 0.099321
vt 0.869879 0.099859
vt 0.881582 0.092942
vt 0.275598 0.191262
vt 0.268272 0.190450
vt 0.274611 0.179771
vt 0.891487 0.107003
vt 0.601282 0.650898
vt 0.588621 0.669736
vt 0.588621 0.644434
vt 0.608320 0.634445
vt 0.612406 0.653429
vt 0.602233 0.671675
vt 0.980229 0.127271
vt 0.974954 0.123444
vt 0.980145 0.133617
vt 0.379144 0.877609
vt 0.367576 0.892907
vt 0.351855 0.873747
vt 0.382960 0.864407
vt 0.406187 0.868358
vt 0.355909 0.856863
vt 0.393300 0.894563
vt 0.406619 0.885113
vt 0.369260 0.940400
vt 0.362943 0.952050
vt 0.357917 0.941772
vt 0.364267 0.931201
vt 0.368440 0.931117
vt 0.182226 0.853775
vt 0.169872 0.866469
vt 0.166044 0.861114
vt 0.377312 0.939897
vt 0.383918 0.949629
vt 0.379778 0.952207
vt 0.851862 0.046785
vt 0.853942 0.059132
vt 0.870779 0.053167
vt 0.841297 0.051327
vt 0.841003 0.034122
vt 0.833983 0.039821
vt 0.734611 0.664735
vt 0.734772 0.641462
vt 0.711151 0.220917
vt 0.736994 0.203984
vt 0.718706 0.228739
vt 0.978072 0.977878
vt 0.971251 0.970633
vt 0.984923 0.941069
vt 0.726898 0.194359
vt 0.148360 0.904640
vt 0.138550 0.929213
vt 0.954269 0.601272
vt 0.936195 0.592846
vt 0.974381 0.612877
vt 0.159636 0.920564
vt 0.984905 0.830541
vt 0.970859 0.828011
vt 0.979167 0.815259
vt 0.832178 0.954424
vt 0.822077 0.940482
vt 0.836033 0.940634
vt 0.840347 0.968376
vt 0.977268 0.842193
vt 0.820018 0.954155
vt 0.251813 0.751033
vt 0.260691 0.724315
vt 0.266990 0.744292
vt 0.639443 0.078601
vt 0.268825 0.765987
vt 0.246459 0.728044
vt 0.251874 0.767509
vt 0.675086 0.037963
vt 0.662362 0.007192
vt 0.672317 0.001157
vt 0.699000 0.035108
vt 0.710831 0.045215
vt 0.663826 0.057228
vt 0.662815 0.036750
vt 0.426434 0.308075
vt 0.450549 0.309662
vt 0.442648 0.322037
vt 0.683024 0.025936
vt 0.007249 0.307000
vt 0.015985 0.313280
vt 0.000519 0.324134
vt 0.000654 0.846441
vt 0.016682 0.851748
vt 0.022327 0.296317
vt 0.011446 0.287281
vt 0.632611 0.789798
vt 0.611728 0.766617
vt 0.634669 0.773203
vt 0.745803 0.504895
vt 0.771794 0.482623
vt 0.769373 0.502856
vt 0.750309 0.483688
vt 0.656341 0.792856
vt 0.611233 0.791304
vt 0.745803 0.525600
vt 0.764950 0.858161
vt 0.765419 0.846163
vt 0.786131 0.851366
vt 0.780850 0.861163
vt 0.752434 0.876491
vt 0.741222 0.871472
vt 0.030846 0.771080
vt 0.017885 0.772337
vt 0.033027 0.755869
vt 0.044761 0.768812
vt 0.036136 0.780201
vt 0.018400 0.781978
vt 0.739287 0.939094
vt 0.738864 0.917854
vt 0.751221 0.932054
vt 0.742044 0.962186
vt 0.725598 0.941457
vt 0.728985 0.925448
vt 0.755161 0.956198
vt 0.701506 0.339552
vt 0.713838 0.360949
vt 0.698307 0.360478
vt 0.724829 0.339710
vt 0.681730 0.336467
vt 0.689180 0.318603
vt 0.378006 0.302706
vt 0.357088 0.292208
vt 0.378006 0.281266
vt 0.829466 0.545593
vt 0.842312 0.531962
vt 0.838273 0.549715
vt 0.176538 0.782084
vt 0.198725 0.799897
vt 0.180191 0.800150
vt 0.186803 0.773588
vt 0.308762 0.244689
vt 0.293410 0.293000
vt 0.281691 0.250839
vt 0.322495 0.287554
vt 0.189856 0.000139
vt 0.219075 0.012127
vt 0.335436 0.240362
vt 0.171266 0.021580
vt 0.294790 0.212961
vt 0.942020 0.669261
vt 0.955021 0.676497
vt 0.938702 0.694136
vt 0.959321 0.649222
vt 0.251505 0.503696
vt 0.268068 0.484844
vt 0.268068 0.504509
vt 0.017021 0.008870
vt 0.014932 0.023842
vt 0.003465 0.025700
vt 0.007813 0.368964
vt 0.000826 0.390054
vt 0.000826 0.368568
vt 0.014728 0.002421
vt 0.026292 0.012258
vt 0.012048 0.374866
vt 0.613766 0.456437
vt 0.641061 0.460402
vt 0.592743 0.439936
vt 0.529656 0.884811
vt 0.530868 0.868450
vt 0.520927 0.896728
vt 0.515732 0.888058
vt 0.536500 0.897575
vt 0.888065 0.978863
vt 0.885484 0.973269
vt 0.892687 0.974805
vt 0.194745 0.258815
vt 0.196059 0.253759
vt 0.202724 0.259052
vt 0.196262 0.263345
vt 0.893372 0.982459
vt 0.050476 0.288931
vt 0.035628 0.290178
vt 0.039709 0.271608
vt 0.942316 0.226696
vt 0.933785 0.208428
vt 0.932799 0.240161
vt 0.948779 0.242466
vt 0.735587 0.845546
vt 0.756385 0.824894
vt 0.762852 0.831411
vt 0.831747 0.463746
vt 0.802527 0.466835
vt 0.827193 0.455053
vt 0.742891 0.853020
vt 0.806801 0.474389
vt 0.730420 0.837665
vt 0.726923 0.871495
vt 0.409311 0.271080
vt 0.415759 0.249838
vt 0.427703 0.271080
vt 0.028482 0.730386
vt 0.026754 0.742197
vt 0.020817 0.736641
vt 0.054888 0.719402
vt 0.041722 0.738269
vt 0.023330 0.714731
vt 0.042548 0.703587
vt 0.016476 0.721826
vt 0.698308 0.437988
vt 0.709353 0.439033
vt 0.703004 0.450453
vt 0.301731 0.367544
vt 0.280515 0.369546
vt 0.297527 0.351976
vt 0.298844 0.354865
vt 0.308037 0.356659
vt 0.285162 0.382218
vt 0.322284 0.364122
vt 0.316953 0.377879
vt 0.300353 0.381330
vt 0.358687 0.441257
vt 0.358687 0.421649
vt 0.365958 0.437042
vt 0.069684 0.991370
vt 0.062004 0.993330
vt 0.337344 0.913868
vt 0.325428 0.923195
vt 0.785525 0.264727
vt 0.346380 0.031626
vt 0.342185 0.022714
vt 0.346380 0.000284
vt 0.361175 0.153473
vt 0.373571 0.168225
vt 0.152836 0.879169
vt 0.181786 0.869783
vt 0.690450 0.104676
vt 0.681879 0.116303
vt 0.664646 0.107495
vt 0.669484 0.085108
vt 0.776118 0.438388
vt 0.797550 0.437251
vt 0.795066 0.448096
vt 0.699913 0.114754
vt 0.777993 0.425564
vt 0.693864 0.091783
vt 0.639575 0.171313
vt 0.638731 0.184398
vt 0.623045 0.176117
vt 0.655019 0.163679
vt 0.656560 0.178856
vt 0.633058 0.157142
vt 0.354774 0.993959
vt 0.348224 0.972183
vt 0.034576 0.854331
vt 0.049988 0.842849
vt 0.057831 0.858419
vt 0.637075 0.935672
vt 0.629580 0.919325
vt 0.647885 0.924143
vt 0.031630 0.839445
vt 0.650529 0.942755
vt 0.204795 0.864246
vt 0.212226 0.897123
vt 0.197858 0.896810
vt 0.193371 0.883912
vt 0.877364 0.938794
vt 0.879921 0.951791
vt 0.869282 0.948538
vt 0.887033 0.934147
vt 0.886881 0.947608
vt 0.867827 0.934702
vt 0.876390 0.924802
vt 0.379151 0.744661
vt 0.406065 0.738304
vt 0.402854 0.752999
vt 0.571835 0.939772
vt 0.586287 0.968357
vt 0.564093 0.968357
vt 0.579693 0.914712
vt 0.592923 0.936976
vt 0.373821 0.737308
vt 0.561223 0.940704
vt 0.446521 0.415656
vt 0.446521 0.394082
vt 0.463847 0.414988
vt 0.337843 0.538563
vt 0.306994 0.544372
vt 0.317643 0.515024
vt 0.238328 0.202497
vt 0.269779 0.221173
vt 0.242552 0.229822
vt 0.359712 0.511467
vt 0.365347 0.543930
vt 0.326357 0.556265
vt 0.367464 0.563243
vt 0.915810 0.401041
vt 0.907037 0.407276
vt 0.913422 0.398733
vt 0.532580 0.184333
vt 0.535450 0.178192
vt 0.918096 0.406026
vt 0.065439 0.726185
vt 0.081324 0.721077
vt 0.665159 0.656710
vt 0.643119 0.632053
vt 0.667909 0.629866
vt 0.636912 0.657758
vt 0.690444 0.651173
vt 0.717522 0.799543
vt 0.701062 0.799826
vt 0.618884 0.970979
vt 0.624998 0.966913
vt 0.631112 0.970865
vt 0.626115 0.976823
vt 0.714311 0.791356
vt 0.615243 0.962360
vt 0.200508 0.840330
vt 0.187054 0.821295
vt 0.200710 0.819904
vt 0.176914 0.833600
vt 0.190765 0.850739
vt 0.728784 0.128249
vt 0.220742 0.844679
vt 0.725599 0.145080
vt 0.718741 0.258454
vt 0.744838 0.270176
vt 0.712611 0.267548
vt 0.752999 0.258052
vt 0.726714 0.251146
vt 0.692389 0.194399
vt 0.674941 0.206911
vt 0.678698 0.188106
vt 0.704807 0.194206
vt 0.689583 0.211141
vt 0.939743 0.109878
vt 0.938428 0.092047
vt 0.402416 0.924857
vt 0.407963 0.908720
vt 0.417211 0.930456
vt 0.927775 0.117183
vt 0.863725 0.989970
vt 0.851908 0.981651
vt 0.857969 0.981502
vt 0.494267 0.084727
vt 0.490232 0.104390
vt 0.486866 0.086242
vt 0.903599 0.548089
vt 0.900044 0.563386
vt 0.888637 0.564538
vt 0.500688 0.097814
vt 0.496181 0.064962
vt 0.505505 0.084314
vt 0.489972 0.066729
vt 0.162061 0.499471
vt 0.166838 0.500568
vt 0.166302 0.520740
vt 0.690527 0.749566
vt 0.691701 0.763900
vt 0.686054 0.754003
vt 0.158835 0.521280
vt 0.149349 0.503115
vt 0.690382 0.737297
vt 0.704159 0.755226
vt 0.113188 0.606654
vt 0.110376 0.626269
vt 0.101855 0.614008
vt 0.107816 0.795570
vt 0.116749 0.783434
vt 0.141670 0.794308
vt 0.118234 0.807578
vt 0.093245 0.807302
vt 0.099967 0.790871
vt 0.120480 0.619516
vt 0.493967 0.210840
vt 0.482676 0.209911
vt 0.486804 0.202549
vt 0.882873 0.831989
vt 0.891238 0.839478
vt 0.887153 0.855779
vt 0.968721 0.390106
vt 0.974381 0.400169
vt 0.963988 0.397585
vt 0.256983 0.043911
vt 0.245626 0.019152
vt 0.265658 0.039878
vt 0.492517 0.199581
vt 0.256019 0.049407
vt 0.243232 0.716855
vt 0.239806 0.714232
vt 0.241963 0.708002
vt 0.954578 0.073806
vt 0.972875 0.067266
vt 0.963828 0.091963
vt 0.963153 0.046755
vt 0.438245 0.948779
vt 0.426577 0.932072
vt 0.438245 0.919124
vt 0.511097 0.415831
vt 0.472296 0.415256
vt 0.499513 0.375166
vt 0.535824 0.422027
vt 0.507279 0.449921
vt 0.531444 0.370742
vt 0.855878 0.133250
vt 0.871299 0.135905
vt 0.827746 0.183481
vt 0.838718 0.184258
vt 0.828206 0.191261
vt 0.813270 0.188681
vt 0.797707 0.180466
vt 0.438999 0.418380
vt 0.402053 0.431642
vt 0.394662 0.405581
vt 0.426282 0.394436
vt 0.519149 0.692759
vt 0.543561 0.690869
vt 0.346380 0.178706
vt 0.323324 0.188250
vt 0.323324 0.157670
vt 0.191872 0.251931
vt 0.192768 0.283128
vt 0.171753 0.283128
vt 0.492453 0.692273
vt 0.099239 0.864058
vt 0.106977 0.848803
vt 0.108445 0.870590
vt 0.090069 0.839724
vt 0.099620 0.835645
vt 0.102835 0.891915
vt 0.091451 0.866163
vt 0.594482 0.401847
vt 0.609929 0.430716
vt 0.592511 0.430716
vt 0.251829 0.679806
vt 0.256609 0.701045
vt 0.321501 0.752999
vt 0.326089 0.735568
vt 0.349107 0.738101
vt 0.248994 0.651129
vt 0.283043 0.642487
vt 0.123992 0.421556
vt 0.147889 0.397256
vt 0.138680 0.446096
vt 0.874852 0.741477
vt 0.526896 0.951506
vt 0.510857 0.954524
vt 0.516794 0.935628
vt 0.544004 0.938619
vt 0.513686 0.973132
vt 0.633293 0.941594
vt 0.639739 0.945846
vt 0.634167 0.950701
vt 0.626670 0.941780
vt 0.626925 0.933999
vt 0.629737 0.946165
vt 0.640154 0.938877
vt 0.307492 0.774179
vt 0.293550 0.765084
vt 0.319272 0.783801
vt 0.301829 0.793319
vt 0.599238 0.182532
vt 0.580436 0.199645
vt 0.586040 0.174584
vt 0.314448 0.745424
vt 0.900683 0.953178
vt 0.902165 0.961255
vt 0.180611 0.508073
vt 0.192227 0.499552
vt 0.189804 0.510533
vt 0.907897 0.948729
vt 0.907990 0.958313
vt 0.187183 0.495648
vt 0.889458 0.947927
vt 0.981227 0.345277
vt 0.983417 0.364157
vt 0.950322 0.263629
vt 0.935745 0.257578
vt 0.946027 0.247709
vt 0.956309 0.245853
vt 0.405336 0.679283
vt 0.390323 0.673196
vt 0.384205 0.649328
vt 0.268090 0.177131
vt 0.267880 0.168871
vt 0.275598 0.171014
vt 0.659452 0.580534
vt 0.669976 0.573064
vt 0.667447 0.585358
vt 0.660011 0.567349
vt 0.659728 0.590251
vt 0.648004 0.729431
vt 0.653996 0.736117
vt 0.654858 0.712801
vt 0.641354 0.719029
vt 0.571950 0.135962
vt 0.582821 0.125682
vt 0.582821 0.153612
vt 0.609579 0.031623
vt 0.628001 0.041127
vt 0.619677 0.055204
vt 0.000718 0.546677
vt 0.000718 0.517725
vt 0.015060 0.542414
vt 0.611036 0.051007
vt 0.153715 0.174346
vt 0.175153 0.158905
vt 0.186548 0.221900
vt 0.255635 0.496979
vt 0.257391 0.455221
vt 0.278610 0.471447
vt 0.228090 0.493477
vt 0.576044 0.600893
vt 0.533656 0.580027
vt 0.574297 0.582784
vt 0.920583 0.993959
vt 0.911514 0.986345
vt 0.835911 0.908430
vt 0.814264 0.908693
vt 0.833091 0.898764
vt 0.460232 0.977342
vt 0.469148 0.965585
vt 0.471858 0.977393
vt 0.456216 0.966938
vt 0.715970 0.081830
vt 0.418947 0.130248
vt 0.436255 0.113213
vt 0.511401 0.199345
vt 0.520214 0.220221
vt 0.506819 0.210894
vt 0.221858 0.714698
vt 0.215769 0.721855
vt 0.212848 0.700367
vt 0.352425 0.931928
vt 0.354790 0.924609
vt 0.343926 0.943471
vt 0.224298 0.730465
vt 0.343926 0.922749
vt 0.712337 0.640777
vt 0.712337 0.669789
vt 0.022885 0.850418
vt 0.045180 0.861154
vt 0.021426 0.877276
vt 0.621600 0.321890
vt 0.644567 0.340254
vt 0.621600 0.347886
vt 0.002064 0.867472
vt 0.696276 0.626127
vt 0.466859 0.620471
vt 0.440705 0.620194
vt 0.449418 0.603461
vt 0.622054 0.947405
vt 0.613540 0.951635
vt 0.617134 0.941897
vt 0.628147 0.949805
vt 0.620100 0.954306
vt 0.073676 0.430622
vt 0.114031 0.431595
vt 0.105029 0.450183
vt 0.039159 0.439459
vt 0.047680 0.420064
vt 0.065140 0.451558
vt 0.080298 0.410880
vt 0.607563 0.343701
vt 0.591636 0.345789
vt 0.593896 0.301293
vt 0.416737 0.747503
vt 0.403604 0.726014
vt 0.539195 0.754413
vt 0.554623 0.767474
vt 0.551920 0.774095
vt 0.423186 0.732644
vt 0.227345 0.545883
vt 0.246303 0.546568
vt 0.222343 0.570636
vt 0.949373 0.890941
vt 0.969863 0.920889
vt 0.949373 0.935225
vt 0.193977 0.558442
vt 0.231283 0.519451
vt 0.257526 0.517313
vt 0.950884 0.300308
vt 0.954803 0.329814
vt 0.939726 0.307276
vt 0.132114 0.111084
vt 0.138552 0.138448
vt 0.127016 0.140408
vt 0.954803 0.277612
vt 0.968357 0.302277
vt 0.967575 0.325296
vt 0.956052 0.313780
vt 0.956052 0.277001
vt 0.356894 0.664391
vt 0.348698 0.678878
vt 0.342625 0.669407
vt 0.368527 0.649576
vt 0.367033 0.671038
vt 0.594427 0.109567
vt 0.602737 0.125774
vt 0.933760 0.904289
vt 0.919561 0.913879
vt 0.989377 0.478907
vt 0.979919 0.466952
vt 0.992453 0.458296
vt 0.937186 0.886295
vt 0.187788 0.354650
vt 0.202190 0.359769
vt 0.189571 0.369751
vt 0.311524 0.433000
vt 0.295827 0.447045
vt 0.735888 0.360471
vt 0.726264 0.382230
vt 0.468872 0.778377
vt 0.483065 0.759551
vt 0.496671 0.768539
vt 0.331165 0.642035
vt 0.330631 0.622444
vt 0.358032 0.638586
vt 0.358252 0.658116
vt 0.330631 0.658121
vt 0.582990 0.820934
vt 0.568475 0.816157
vt 0.588845 0.799926
vt 0.482933 0.789105
vt 0.523976 0.523245
vt 0.521021 0.498045
vt 0.567954 0.501097
vt 0.573152 0.526245
vt 0.698486 0.906686
vt 0.714414 0.918659
vt 0.693355 0.917188
vt 0.681806 0.909432
vt 0.975887 0.001402
vt 0.974684 0.022234
vt 0.964650 0.014225
vt 0.171032 0.809137
vt 0.935550 0.978350
vt 0.935550 0.938837
vt 0.943065 0.972232
vt 0.741359 0.284634
vt 0.683727 0.240870
vt 0.680871 0.229260
vt 0.694073 0.238051
vt 0.673775 0.238270
vt 0.689364 0.256686
vt 0.674966 0.252517
vt 0.813009 0.751488
vt 0.814791 0.735170
vt 0.836042 0.747434
vt 0.756344 0.552021
vt 0.751545 0.569644
vt 0.744496 0.552048
vt 0.198027 0.912551
vt 0.199729 0.902941
vt 0.213308 0.899615
vt 0.184138 0.912635
vt 0.221664 0.911480
vt 0.827773 0.759186
vt 0.941365 0.056996
vt 0.942781 0.028170
vt 0.952990 0.047498
vt 0.658574 0.156101
vt 0.670169 0.150988
vt 0.670169 0.180720
vt 0.813239 0.770149
vt 0.801771 0.764701
vt 0.804834 0.753160
vt 0.943830 0.079845
vt 0.929718 0.061990
vt 0.954803 0.067845
vt 0.610233 0.965948
vt 0.168671 0.403157
vt 0.173991 0.436976
vt 0.012778 0.325177
vt 0.006805 0.322005
vt 0.014482 0.318783
vt 0.008320 0.329168
vt 0.016989 0.322124
vt 0.932347 0.862834
vt 0.922028 0.883503
vt 0.911228 0.866314
vt 0.070782 0.279900
vt 0.068227 0.294904
vt 0.052482 0.295176
vt 0.052482 0.273553
vt 0.918311 0.854199
vt 0.935225 0.853300
vt 0.713239 0.112612
vt 0.714101 0.093995
vt 0.733274 0.120708
vt 0.488876 0.277739
vt 0.490138 0.264489
vt 0.506131 0.278293
vt 0.507585 0.289260
vt 0.490868 0.290895
vt 0.634025 0.816642
vt 0.624660 0.806193
vt 0.634025 0.794881
vt 0.472129 0.263693
vt 0.625448 0.826738
vt 0.279792 0.563243
vt 0.287609 0.525546
vt 0.220109 0.237001
vt 0.252623 0.257582
vt 0.354711 0.082830
vt 0.354711 0.067321
vt 0.368970 0.079744
vt 0.909525 0.143070
vt 0.915512 0.126473
vt 0.924827 0.141749
vt 0.899406 0.121502
vt 0.843206 0.671423
vt 0.858207 0.669900
vt 0.852199 0.687025
vt 0.837073 0.685648
vt 0.743276 0.620710
vt 0.770395 0.613127
vt 0.744964 0.913887
vt 0.560619 0.013480
vt 0.571817 0.028614
vt 0.559036 0.020566
vt 0.561921 0.001118
vt 0.572664 0.012602
vt 0.577212 0.023653
vt 0.701977 0.292164
vt 0.693822 0.275752
vt 0.704807 0.280908
vt 0.812989 0.390803
vt 0.825699 0.387537
vt 0.819206 0.402877
vt 0.397584 0.194274
vt 0.384103 0.194274
vt 0.386474 0.180558
vt 0.436279 0.900587
vt 0.425404 0.892645
vt 0.719162 0.565802
vt 0.699536 0.571034
vt 0.713820 0.556361
vt 0.731008 0.555124
vt 0.733234 0.572895
vt 0.724930 0.549387
vt 0.129995 0.477153
vt 0.138462 0.475953
vt 0.136266 0.491995
vt 0.406573 0.135355
vt 0.406620 0.150600
vt 0.397262 0.150600
vt 0.266562 0.171922
vt 0.256843 0.182226
vt 0.256843 0.160176
vt 0.397873 0.136705
vt 0.123483 0.496637
vt 0.441257 0.117325
vt 0.427515 0.132528
vt 0.427515 0.113895
vt 0.008337 0.639536
vt 0.013347 0.656615
vt 0.002671 0.649599
vt 0.008823 0.612811
vt 0.001024 0.619019
vt 0.274092 0.024096
vt 0.258181 0.006564
vt 0.274092 0.001078
vt 0.018969 0.590224
vt 0.001406 0.580428
vt 0.023395 0.571348
vt 0.863937 0.784310
vt 0.882515 0.790245
vt 0.875933 0.803307
vt 0.493967 0.908956
vt 0.473007 0.911733
vt 0.859722 0.801017
vt 0.035521 0.581583
vt 0.841454 0.788220
vt 0.427703 0.953358
vt 0.422606 0.957479
vt 0.420624 0.947837
vt 0.426850 0.962540
vt 0.860558 0.721199
vt 0.868789 0.722186
vt 0.865382 0.728068
vt 0.461652 0.239556
vt 0.460726 0.220637
vt 0.467521 0.236106
vt 0.826266 0.105759
vt 0.813213 0.124261
vt 0.840533 0.102597
vt 0.807500 0.114474
vt 0.804848 0.109296
vt 0.553023 0.889172
vt 0.559363 0.897556
vt 0.539186 0.895818
vt 0.800279 0.581324
vt 0.801883 0.569396
vt 0.337344 0.347215
vt 0.337344 0.362946
vt 0.324006 0.355365
vt 0.795550 0.596893
vt 0.608034 0.613338
vt 0.633193 0.599929
vt 0.617313 0.630452
vt 0.592898 0.637037
vt 0.583779 0.623882
vt 0.618865 0.581218
vt 0.604003 0.595822
vt 0.908860 0.399853
vt 0.903030 0.400214
vt 0.914102 0.390206
vt 0.902277 0.392864
vt 0.907965 0.392839
vt 0.730141 0.431726
vt 0.738491 0.416069
vt 0.750135 0.425470
vt 0.728422 0.440649
vt 0.728582 0.416272
vt 0.517435 0.109828
vt 0.123340 0.071664
vt 0.122231 0.105658
vt 0.522751 0.079599
vt 0.701795 0.140168
vt 0.678233 0.127513
vt 0.656080 0.120848
vt 0.785433 0.466829
vt 0.798948 0.457306
vt 0.874853 0.535455
vt 0.858531 0.536234
vt 0.867851 0.509052
vt 0.857588 0.557219
vt 0.893936 0.538325
vt 0.877284 0.549935
vt 0.891354 0.512834
vt 0.530317 0.845407
vt 0.520344 0.851207
vt 0.515732 0.831522
vt 0.332056 0.227810
vt 0.337573 0.211691
vt 0.356384 0.228639
vt 0.536344 0.830367
vt 0.433166 0.822978
vt 0.452176 0.829872
vt 0.433128 0.833379
vt 0.431891 0.815140
vt 0.461515 0.815204
vt 0.423156 0.824980
vt 0.451892 0.505954
vt 0.470074 0.502601
vt 0.280237 0.492323
vt 0.258677 0.518936
vt 0.284905 0.475076
vt 0.301977 0.492547
vt 0.419383 0.499334
vt 0.021873 0.083605
vt 0.014595 0.086952
vt 0.013079 0.075273
vt 0.798179 0.700913
vt 0.783578 0.710685
vt 0.775522 0.706519
vt 0.247824 0.362501
vt 0.256328 0.353389
vt 0.256839 0.361936
vt 0.795366 0.694175
vt 0.038374 0.045875
vt 0.031483 0.040694
vt 0.039156 0.027429
vt 0.248829 0.371846
vt 0.708443 0.707253
vt 0.715841 0.705268
vt 0.717978 0.729695
vt 0.110719 0.522563
vt 0.127440 0.522795
vt 0.119871 0.548613
vt 0.104536 0.549689
vt 0.700886 0.728797
vt 0.692342 0.710131
vt 0.103190 0.521986
vt 0.502944 0.033186
vt 0.538505 0.023739
vt 0.533423 0.049887
vt 0.160609 0.142640
vt 0.190264 0.116634
vt 0.190724 0.145294
vt 0.491884 0.061180
vt 0.610897 0.692676
vt 0.609198 0.663615
vt 0.639686 0.685724
vt 0.158649 0.112589
vt 0.643358 0.713843
vt 0.689268 0.837649
vt 0.688170 0.849383
vt 0.683042 0.833487
vt 0.259442 0.352419
vt 0.271080 0.350995
vt 0.271080 0.362946
vt 0.677906 0.848602
vt 0.624405 0.287489
vt 0.615426 0.278591
vt 0.311064 0.968357
vt 0.299618 0.957820
vt 0.317720 0.956453
vt 0.615630 0.266806
vt 0.034765 0.661481
vt 0.044794 0.700071
vt 0.032926 0.680663
vt 0.793650 0.728879
vt 0.808762 0.730809
vt 0.792403 0.740632
vt 0.826284 0.231742
vt 0.839414 0.250534
vt 0.831066 0.253653
vt 0.799947 0.711444
vt 0.810621 0.724376
vt 0.794169 0.705583
vt 0.767433 0.733300
vt 0.479530 0.100741
vt 0.669825 0.777164
vt 0.657849 0.777281
vt 0.659696 0.768460
vt 0.470060 0.108667
vt 0.174494 0.499251
vt 0.184722 0.485363
vt 0.191645 0.487374
vt 0.491564 0.931480
vt 0.483175 0.924805
vt 0.180611 0.490477
vt 0.498485 0.932475
vt 0.029184 0.551260
vt 0.144772 0.958717
vt 0.155619 0.953936
vt 0.156624 0.968315
vt 0.141515 0.972947
vt 0.134839 0.965097
vt 0.143867 0.934828
vt 0.151169 0.939558
vt 0.147366 0.972557
vt 0.134622 0.948998
vt 0.573816 0.554702
vt 0.007327 0.334787
vt 0.003039 0.330383
vt 0.007671 0.339566
vt 0.001968 0.338152
vt 0.320778 0.359081
vt 0.310401 0.364452
vt 0.310401 0.352557
vt 0.362538 0.579928
vt 0.372279 0.558993
vt 0.379454 0.574115
vt 0.379912 0.586379
vt 0.359782 0.591161
vt 0.145919 0.652677
vt 0.139208 0.642359
vt 0.156125 0.648158
vt 0.165749 0.664079
vt 0.493656 0.250758
vt 0.483521 0.239381
vt 0.143626 0.355110
vt 0.172166 0.352360
vt 0.164038 0.374622
vt 0.126393 0.373573
vt 0.143590 0.344257
vt 0.794946 0.115959
vt 0.609571 0.903290
vt 0.765451 0.121027
vt 0.059273 0.976846
vt 0.064033 0.974512
vt 0.009139 0.913454
vt 0.087270 0.769608
vt 0.096623 0.781980
vt 0.078062 0.792758
vt 0.099396 0.755324
vt 0.076864 0.783972
vt 0.040993 0.913454
vt 0.778336 0.877060
vt 0.791777 0.880939
vt 0.776353 0.892410
vt 0.778678 0.865050
vt 0.796996 0.861860
vt 0.762499 0.887705
vt 0.761083 0.877504
vt 0.687796 0.053896
vt 0.701795 0.067772
vt 0.682991 0.063985
vt 0.652881 0.195675
vt 0.635410 0.197286
vt 0.298334 0.810227
vt 0.668663 0.189021
vt 0.534244 0.256997
vt 0.546636 0.260009
vt 0.357079 0.954295
vt 0.505932 0.604705
vt 0.542934 0.589999
vt 0.861431 0.734627
vt 0.858345 0.753629
vt 0.837155 0.729410
vt 0.843562 0.710929
vt 0.278777 0.071988
vt 0.285275 0.052025
vt 0.312676 0.090629
vt 0.838340 0.239454
vt 0.840184 0.217269
vt 0.857329 0.226601
vt 0.254068 0.080764
vt 0.269860 0.055254
vt 0.028440 0.953159
vt 0.002714 0.957822
vt 0.021582 0.948274
vt 0.036213 0.938122
vt 0.039965 0.942935
vt 0.047946 0.951743
vt 0.007370 0.968357
vt 0.972678 0.633408
vt 0.037080 0.968015
vt 0.332983 0.000882
vt 0.334332 0.016566
vt 0.319718 0.011104
vt 0.957666 0.828030
vt 0.963679 0.843359
vt 0.810227 0.886937
vt 0.809188 0.900982
vt 0.801273 0.884293
vt 0.966575 0.813265
vt 0.736073 0.140058
vt 0.754283 0.122055
vt 0.758750 0.140058
vt 0.902077 0.879050
vt 0.887079 0.872310
vt 0.899742 0.860782
vt 0.882873 0.893057
vt 0.332957 0.195189
vt 0.321067 0.201744
vt 0.097551 0.210840
vt 0.097551 0.193555
vt 0.112950 0.204899
vt 0.489449 0.319017
vt 0.466460 0.320699
vt 0.473373 0.308671
vt 0.482159 0.331114
vt 0.621082 0.506546
vt 0.603023 0.511360
vt 0.603023 0.487784
vt 0.621066 0.488517
vt 0.633153 0.499340
vt 0.621806 0.525593
vt 0.637037 0.517262
vt 0.770743 0.697361
vt 0.008334 0.093372
vt 0.788859 0.691714
vt 0.790625 0.686276
vt 0.117857 0.953519
vt 0.132528 0.942816
vt 0.130066 0.958839
vt 0.975092 0.032189
vt 0.101731 0.636074
vt 0.110305 0.652077
vt 0.118104 0.642550
vt 0.699119 0.299886
vt 0.011443 0.556082
vt 0.707953 0.285314
vt 0.526833 0.306848
vt 0.511385 0.309753
vt 0.526038 0.297442
vt 0.867842 0.389549
vt 0.520264 0.317013
vt 0.870972 0.377987
vt 0.542159 0.313984
vt 0.533123 0.942755
vt 0.517109 0.934174
vt 0.531510 0.926265
vt 0.933485 0.736931
vt 0.932134 0.751631
vt 0.939262 0.719176
vt 0.802697 0.923382
vt 0.787971 0.930313
vt 0.791241 0.918836
vt 0.916235 0.731844
vt 0.728127 0.828048
vt 0.094561 0.895553
vt 0.570609 0.307280
vt 0.590618 0.278502
vt 0.608423 0.285547
vt 0.606574 0.307742
vt 0.502533 0.749081
vt 0.653603 0.227634
vt 0.650944 0.244343
vt 0.634579 0.226299
vt 0.575699 0.791150
vt 0.634193 0.210809
vt 0.461556 0.855762
vt 0.450687 0.858010
vt 0.457676 0.845650
vt 0.402732 0.892580
vt 0.417481 0.900213
vt 0.803129 0.501249
vt 0.821799 0.502872
vt 0.466859 0.844128
vt 0.817424 0.523197
vt 0.801604 0.484355
vt 0.802080 0.946859
vt 0.809467 0.951234
vt 0.802878 0.956064
vt 0.222888 0.365515
vt 0.215402 0.366624
vt 0.797601 0.941238
vt 0.802483 0.940806
vt 0.811196 0.944088
vt 0.794446 0.956527
vt 0.446886 0.701582
vt 0.432617 0.717715
vt 0.425171 0.697256
vt 0.435530 0.683097
vt 0.455102 0.719871
vt 0.462441 0.684698
vt 0.467759 0.704227
vt 0.819623 0.628175
vt 0.811818 0.614259
vt 0.820931 0.601526
vt 0.175449 0.396078
vt 0.175449 0.368469
vt 0.189756 0.390057
vt 0.432221 0.357210
vt 0.418492 0.364452
vt 0.418492 0.342778
vt 0.571793 0.871211
vt 0.304052 0.349055
vt 0.198792 0.915302
vt 0.198040 0.934484
vt 0.186583 0.946282
vt 0.904170 0.378038
vt 0.906533 0.383414
vt 0.226106 0.803872
vt 0.262046 0.801808
vt 0.265551 0.817727
vt 0.274502 0.717374
vt 0.228396 0.827788
vt 0.306883 0.728903
vt 0.861962 0.669305
vt 0.856512 0.646526
vt 0.351526 0.953297
vt 0.875488 0.673181
vt 0.838249 0.662327
vt 0.946541 0.141307
vt 0.938383 0.134984
vt 0.950838 0.130130
vt 0.965345 0.143561
vt 0.962102 0.151566
vt 0.402102 0.271080
vt 0.393075 0.262569
vt 0.402102 0.255532
vt 0.939279 0.146218
vt 0.384373 0.620471
vt 0.379795 0.610914
vt 0.395726 0.597983
vt 0.177708 0.291282
vt 0.170671 0.311742
vt 0.163803 0.291282
vt 0.550659 0.235629
vt 0.537523 0.238295
vt 0.800559 0.932527
vt 0.650711 0.818913
vt 0.659808 0.820655
vt 0.646732 0.825933
vt 0.926759 0.947927
vt 0.917813 0.954094
vt 0.819654 0.939743
vt 0.408917 0.869290
vt 0.425538 0.858946
vt 0.425471 0.869121
vt 0.799272 0.167465
vt 0.797574 0.158806
vt 0.788459 0.163503
vt 0.420148 0.879537
vt 0.783473 0.153570
vt 0.873557 0.979485
vt 0.880803 0.991106
vt 0.871374 0.990676
vt 0.884021 0.980228
vt 0.870498 0.964978
vt 0.881276 0.967208
vt 0.867677 0.974989
vt 0.865504 0.982101
vt 0.898363 0.670593
vt 0.708945 0.514012
vt 0.724380 0.519638
vt 0.719831 0.532354
vt 0.706250 0.524778
vt 0.968840 0.764901
vt 0.237948 0.001247
vt 0.231233 0.018072
vt 0.222137 0.001247
vt 0.951142 0.509266
vt 0.935263 0.494089
vt 0.951541 0.491217
vt 0.937385 0.510963
vt 0.960380 0.498337
vt 0.946524 0.426885
vt 0.927418 0.419900
vt 0.963839 0.524087
vt 0.948210 0.523289
vt 0.886444 0.314187
vt 0.906214 0.306961
vt 0.901094 0.327512
vt 0.894431 0.298790
vt 0.744925 0.339962
vt 0.413582 0.945590
vt 0.406743 0.941120
vt 0.414061 0.933200
vt 0.477401 0.246984
vt 0.473592 0.228637
vt 0.853428 0.104573
vt 0.852553 0.088534
vt 0.858419 0.088181
vt 0.808319 0.212479
vt 0.830375 0.201947
vt 0.832066 0.210800
vt 0.820548 0.221060
vt 0.806717 0.224204
vt 0.793821 0.220136
vt 0.792574 0.206965
vt 0.813552 0.200411
vt 0.080745 0.489273
vt 0.071852 0.510412
vt 0.899309 0.397874
vt 0.898122 0.405063
vt 0.009036 0.572279
vt 0.001268 0.558964
vt 0.009036 0.545732
vt 0.041068 0.227406
vt 0.040206 0.202797
vt 0.063252 0.215200
vt 0.045180 0.912811
vt 0.020646 0.902856
vt 0.045156 0.888251
vt 0.371466 0.740658
vt 0.763079 0.382080
vt 0.742412 0.368961
vt 0.750138 0.338517
vt 0.376100 0.598611
vt 0.363993 0.617624
vt 0.730193 0.237727
vt 0.747324 0.216816
vt 0.752999 0.230255
vt 0.752564 0.243201
vt 0.076843 0.809163
vt 0.069272 0.799339
vt 0.081770 0.799365
vt 0.074090 0.819441
vt 0.064997 0.807555
vt 0.002725 0.517997
vt 0.015060 0.508561
vt 0.015060 0.534629
vt 0.178786 0.536147
vt 0.169314 0.542268
vt 0.180308 0.517706
vt 0.193191 0.533939
vt 0.177399 0.549689
vt 0.652115 0.391520
vt 0.661657 0.410091
vt 0.331762 0.877808
vt 0.329110 0.859250
vt 0.344210 0.864647
vt 0.320836 0.889021
vt 0.321465 0.874239
vt 0.344345 0.882078
vt 0.329188 0.896564
vt 0.661238 0.753641
vt 0.671675 0.767101
vt 0.769540 0.691121
vt 0.757447 0.685627
vt 0.771225 0.684957
vt 0.788162 0.680530
vt 0.888539 0.287310
vt 0.868208 0.275723
vt 0.880045 0.276430
vt 0.881934 0.291293
vt 0.726125 0.722614
vt 0.716149 0.688199
vt 0.728274 0.692735
vt 0.092778 0.539941
vt 0.204676 0.268050
vt 0.894881 0.969996
vt 0.197021 0.268870
vt 0.886477 0.358300
vt 0.900324 0.353272
vt 0.908334 0.366105
vt 0.875261 0.366943
vt 0.897513 0.371058
vt 0.523273 0.277643
vt 0.523944 0.288356
vt 0.507135 0.265326
vt 0.392429 0.483632
vt 0.362591 0.490278
vt 0.378414 0.464587
vt 0.415542 0.461835
vt 0.177927 0.297491
vt 0.387940 0.510533
vt 0.943080 0.542886
vt 0.954502 0.567237
vt 0.935111 0.562450
vt 0.724810 0.396386
vt 0.746975 0.398736
vt 0.745462 0.411138
vt 0.927990 0.743126
vt 0.933719 0.761347
vt 0.746651 0.386414
vt 0.957709 0.541325
vt 0.723315 0.411138
vt 0.907217 0.740522
vt 0.059783 0.860028
vt 0.067693 0.851977
vt 0.059060 0.892327
vt 0.529349 0.320794
vt 0.553499 0.321502
vt 0.547356 0.348519
vt 0.235642 0.171837
vt 0.216269 0.179657
vt 0.217041 0.151766
vt 0.236008 0.190509
vt 0.524053 0.348904
vt 0.507579 0.323297
vt 0.246984 0.148729
vt 0.223067 0.494476
vt 0.238214 0.498555
vt 0.416592 0.247034
vt 0.392069 0.258581
vt 0.229365 0.233430
vt 0.229365 0.216608
vt 0.234936 0.223009
vt 0.376271 0.246215
vt 0.223017 0.511298
vt 0.108461 0.767417
vt 0.144706 0.781680
vt 0.092766 0.608319
vt 0.483790 0.479948
vt 0.519022 0.229849
vt 0.328908 0.431449
vt 0.278669 0.434658
vt 0.322323 0.405942
vt 0.361987 0.417605
vt 0.147277 0.287469
vt 0.128825 0.292023
vt 0.153308 0.241860
vt 0.175449 0.320327
vt 0.922356 0.709325
vt 0.922356 0.652437
vt 0.947273 0.653393
vt 0.401951 0.927104
vt 0.110342 0.075966
vt 0.120480 0.078705
vt 0.110342 0.094878
vt 0.116708 0.061066
vt 0.039156 0.019578
vt 0.029005 0.008257
vt 0.039156 0.000866
vt 0.267186 0.899860
vt 0.278313 0.904066
vt 0.303571 0.933875
vt 0.304345 0.945975
vt 0.291655 0.942485
vt 0.304007 0.924640
vt 0.291544 0.924592
vt 0.357097 0.215365
vt 0.371814 0.223416
vt 0.370144 0.208749
vt 0.394572 0.548183
vt 0.371276 0.534897
vt 0.394572 0.509776
vt 0.804936 0.273888
vt 0.822244 0.286909
vt 0.945106 0.697534
vt 0.924837 0.712129
vt 0.963839 0.709938
vt 0.829998 0.259225
vt 0.257526 0.925739
vt 0.240100 0.959967
vt 0.235441 0.934114
vt 0.596375 0.177708
vt 0.585956 0.140082
vt 0.596375 0.139414
vt 0.138552 0.177708
vt 0.232456 0.628527
vt 0.243972 0.628527
vt 0.237809 0.655109
vt 0.122539 0.634025
vt 0.122539 0.595731
vt 0.134034 0.633320
vt 0.166411 0.797873
vt 0.851229 0.562778
vt 0.845770 0.573648
vt 0.833394 0.573134
vt 0.861076 0.967315
vt 0.860511 0.975211
vt 0.852938 0.974190
vt 0.850006 0.967320
vt 0.537785 0.249594
vt 0.855798 0.955392
vt 0.309972 0.240960
vt 0.309972 0.219533
vt 0.331320 0.230153
vt 0.821117 0.693566
vt 0.835624 0.691484
vt 0.813009 0.713329
vt 0.758957 0.000785
vt 0.779149 0.012426
vt 0.758127 0.022833
vt 0.000654 0.791521
vt 0.468143 0.813890
vt 0.499892 0.795734
vt 0.258058 0.389067
vt 0.275654 0.385210
vt 0.252666 0.415790
vt 0.361440 0.620423
vt 0.490503 0.822275
vt 0.891551 0.125139
vt 0.882340 0.133429
vt 0.361394 0.093352
vt 0.292340 0.861979
vt 0.005038 0.055341
vt 0.006182 0.045247
vt 0.009796 0.058607
vt 0.006756 0.064348
vt 0.981382 0.138689
vt 0.985336 0.136732
vt 0.990569 0.141564
vt 0.973002 0.136381
vt 0.133686 0.546320
vt 0.143210 0.521209
vt 0.680098 0.718323
vt 0.411169 0.343952
vt 0.381092 0.355884
vt 0.674991 0.809382
vt 0.695840 0.791584
vt 0.682942 0.798878
vt 0.570248 0.166187
vt 0.585969 0.155121
vt 0.544200 0.162798
vt 0.937791 0.520656
vt 0.938237 0.542062
vt 0.918940 0.527167
vt 0.444934 0.663950
vt 0.951039 0.938118
vt 0.952015 0.969348
vt 0.969489 0.938260
vt 0.960948 0.967197
vt 0.729123 0.965345
vt 0.713268 0.963652
vt 0.543821 0.308596
vt 0.540284 0.307204
vt 0.549689 0.282260
vt 0.001783 0.954152
vt 0.549689 0.310236
vt 0.717904 0.870398
vt 0.475105 0.177183
vt 0.464343 0.144875
vt 0.494227 0.186133
vt 0.506852 0.170075
vt 0.694951 0.012873
vt 0.676175 0.000577
vt 0.695503 0.000851
vt 0.700289 0.000577
vt 0.699857 0.014508
vt 0.695209 0.025602
vt 0.681032 0.015793
vt 0.659011 0.598174
vt 0.662353 0.596324
vt 0.748868 0.102750
vt 0.361848 0.151201
vt 0.357844 0.140211
vt 0.369423 0.131664
vt 0.841918 0.456546
vt 0.840902 0.446914
vt 0.857157 0.451889
vt 0.156624 0.499322
vt 0.143861 0.499991
vt 0.155061 0.487731
vt 0.370187 0.156624
vt 0.852469 0.463208
vt 0.313255 0.149285
vt 0.277097 0.141694
vt 0.313813 0.116816
vt 0.355377 0.127254
vt 0.355021 0.156227
vt 0.266341 0.167176
vt 0.355416 0.177708
vt 0.895766 0.974111
vt 0.900378 0.984359
vt 0.195346 0.248210
vt 0.204732 0.253088
vt 0.463739 0.052892
vt 0.489202 0.022757
vt 0.489621 0.040283
vt 0.478241 0.021700
vt 0.490955 0.058786
vt 0.293459 0.810560
vt 0.275611 0.834942
vt 0.449862 0.081324
vt 0.931294 0.306067
vt 0.944261 0.322902
vt 0.938294 0.340656
vt 0.350898 0.326802
vt 0.339462 0.326203
vt 0.350898 0.305552
vt 0.928953 0.337781
vt 0.161142 0.264880
vt 0.161142 0.296682
vt 0.151486 0.265298
vt 0.022169 0.368028
vt 0.054584 0.383563
vt 0.042853 0.409507
vt 0.009768 0.393926
vt 0.085215 0.266479
vt 0.054193 0.270327
vt 0.075146 0.234147
vt 0.095943 0.220929
vt 0.770581 0.406620
vt 0.822275 0.846175
vt 0.803326 0.824639
vt 0.820328 0.820563
vt 0.803075 0.846371
vt 0.932896 0.151775
vt 0.931890 0.157765
vt 0.641141 0.951830
vt 0.551960 0.290655
vt 0.571657 0.346090
vt 0.218786 0.128585
vt 0.519072 0.760531
vt 0.510786 0.777470
vt 0.515835 0.751973
vt 0.524664 0.752804
vt 0.528412 0.763076
vt 0.057332 0.797491
vt 0.059702 0.793492
vt 0.055303 0.800087
vt 0.068771 0.792967
vt 0.740978 0.511398
vt 0.713227 0.513545
vt 0.715126 0.500713
vt 0.144535 0.547760
vt 0.157358 0.545751
vt 0.743009 0.500932
vt 0.798876 0.849443
vt 0.845047 0.608423
vt 0.829304 0.598707
vt 0.824909 0.569996
vt 0.852395 0.592709
vt 0.981232 0.448024
vt 0.968687 0.471303
vt 0.278610 0.379512
vt 0.269584 0.379512
vt 0.274195 0.364640
vt 0.682937 0.567349
vt 0.676776 0.580974
vt 0.160933 0.476778
vt 0.174374 0.484553
vt 0.158957 0.485586
vt 0.501508 0.718732
vt 0.487262 0.719867
vt 0.500981 0.710865
vt 0.685595 0.582028
vt 0.510533 0.719867
vt 0.666468 0.734220
vt 0.039156 0.416322
vt 0.032313 0.427251
vt 0.022981 0.417403
vt 0.877747 0.997946
vt 0.028892 0.407183
vt 0.549133 0.801201
vt 0.565044 0.777971
vt 0.539195 0.825330
vt 0.977096 0.714127
vt 0.980376 0.691408
vt 0.992453 0.702953
vt 0.964885 0.734927
vt 0.959533 0.722025
vt 0.982496 0.726216
vt 0.967750 0.705422
vt 0.564432 0.651719
vt 0.548781 0.662153
vt 0.554769 0.632224
vt 0.639226 0.567326
vt 0.651581 0.591743
vt 0.645323 0.620845
vt 0.543665 0.185238
vt 0.543464 0.178860
vt 0.904818 0.413888
vt 0.898999 0.412835
vt 0.704750 0.431386
vt 0.721102 0.447363
vt 0.287167 0.608873
vt 0.295853 0.639335
vt 0.268877 0.621117
vt 0.278897 0.578978
vt 0.307854 0.587903
vt 0.309582 0.625172
vt 0.261735 0.596257
vt 0.809896 0.101628
vt 0.039028 0.598187
vt 0.039762 0.633455
vt 0.649639 0.039451
vt 0.649637 0.009129
vt 0.700092 0.265160
vt 0.678052 0.271941
vt 0.690480 0.289748
vt 0.841419 0.285368
vt 0.834513 0.285413
vt 0.082830 0.128334
vt 0.082830 0.161142
vt 0.074026 0.153986
vt 0.851585 0.284140
vt 0.841490 0.303415
vt 0.826284 0.304212
vt 0.714410 0.541818
vt 0.905033 0.683851
vt 0.884565 0.683873
vt 0.916095 0.669856
vt 0.484931 0.019578
vt 0.469620 0.019578
vt 0.481152 0.000662
vt 0.945053 0.930934
vt 0.927324 0.942266
vt 0.932922 0.922349
vt 0.945767 0.911191
vt 0.824925 0.665446
vt 0.810731 0.681732
vt 0.811090 0.667641
vt 0.817433 0.646799
vt 0.828734 0.640884
vt 0.836259 0.654509
vt 0.837335 0.670521
vt 0.837335 0.682217
vt 0.935225 0.473287
vt 0.923187 0.483220
vt 0.235076 0.704001
vt 0.242342 0.698309
vt 0.475314 0.202799
vt 0.674947 0.219180
vt 0.659938 0.201273
vt 0.662870 0.192838
vt 0.237948 0.117468
vt 0.223808 0.102914
vt 0.237948 0.100630
vt 0.228912 0.193844
vt 0.209572 0.209584
vt 0.624989 0.740951
vt 0.596256 0.736895
vt 0.602826 0.680789
vt 0.569556 0.486863
vt 0.544779 0.498485
vt 0.535905 0.465616
vt 0.463094 0.256929
vt 0.439635 0.251101
vt 0.453851 0.229247
vt 0.639165 0.534315
vt 0.661569 0.515591
vt 0.667324 0.536477
vt 0.447683 0.276351
vt 0.561960 0.459001
vt 0.640980 0.511541
vt 0.594746 0.467871
vt 0.712824 0.861513
vt 0.936508 0.364951
vt 0.925437 0.378806
vt 0.259874 0.920174
vt 0.702976 0.552345
vt 0.921152 0.355481
vt 0.289152 0.011376
vt 0.276780 0.022590
vt 0.276780 0.000437
vt 0.668299 0.882001
vt 0.654198 0.884570
vt 0.652823 0.873779
vt 0.466152 0.940582
vt 0.472478 0.949552
vt 0.463537 0.948146
vt 0.667340 0.872820
vt 0.456016 0.938988
vt 0.472551 0.932608
vt 0.668437 0.841097
vt 0.844804 0.828133
vt 0.835771 0.813110
vt 0.852953 0.822443
vt 0.848865 0.843986
vt 0.838240 0.839646
vt 0.824856 0.821169
vt 0.861655 0.834650
vt 0.824625 0.836061
vt 0.324641 0.854968
vt 0.330426 0.840355
vt 0.351587 0.863672
vt 0.312752 0.859441
vt 0.308200 0.837971
vt 0.304393 0.879503
vt 0.000073 0.584019
vt 0.012048 0.608305
vt 0.000073 0.612941
vt 0.315885 0.828433
vt 0.462556 0.206904
vt 0.328308 0.221382
vt 0.320794 0.221382
vt 0.322723 0.205408
vt 0.362946 0.015060
vt 0.351902 0.002240
vt 0.362946 0.001206
vt 0.935225 0.041502
vt 0.915341 0.039524
vt 0.915341 0.018277
vt 0.932360 0.058734
vt 0.935071 0.021575
vt 0.928210 0.635451
vt 0.935225 0.625919
vt 0.896256 0.380447
vt 0.900929 0.386091
vt 0.421559 0.431728
vt 0.351484 0.362374
vt 0.337127 0.332279
vt 0.356573 0.391907
vt 0.319960 0.378382
vt 0.385702 0.381411
vt 0.166484 0.626917
vt 0.164402 0.605504
vt 0.198167 0.604001
vt 0.880420 0.313901
vt 0.859058 0.300144
vt 0.715744 0.199755
vt 0.716191 0.180270
vt 0.738365 0.187099
vt 0.879696 0.293040
vt 0.892441 0.300139
vt 0.894563 0.336126
vt 0.445168 0.840801
vt 0.458500 0.406619
vt 0.445815 0.390219
vt 0.459396 0.393533
vt 0.472883 0.828283
vt 0.468509 0.843359
vt 0.843991 0.507074
vt 0.846371 0.528068
vt 0.290000 0.180567
vt 0.318830 0.199925
vt 0.282280 0.200240
vt 0.294074 0.160910
vt 0.319272 0.174922
vt 0.921906 0.184533
vt 0.847877 0.923624
vt 0.952935 0.844865
vt 0.160833 0.840155
vt 0.163526 0.818541
vt 0.158795 0.852395
vt 0.440610 0.290647
vt 0.710822 0.029269
vt 0.924120 0.336841
vt 0.906928 0.347960
vt 0.589698 0.798179
vt 0.592707 0.775834
vt 0.753380 0.546677
vt 0.932213 0.358428
vt 0.917825 0.317413
vt 0.451799 0.651239
vt 0.465353 0.646773
vt 0.465353 0.683723
vt 0.121986 0.447281
vt 0.108619 0.414721
vt 0.121986 0.407229
vt 0.378005 0.490840
vt 0.370129 0.530111
vt 0.367401 0.490840
vt 0.332763 0.695380
vt 0.348348 0.692627
vt 0.347529 0.710676
vt 0.624989 0.315499
vt 0.609944 0.332826
vt 0.609944 0.296329
vt 0.004639 0.731693
vt 0.222135 0.515275
vt 0.215995 0.532920
vt 0.200862 0.515526
vt 0.095076 0.631654
vt 0.103936 0.656615
vt 0.097106 0.652930
vt 0.697512 0.084557
vt 0.401283 0.135540
vt 0.594313 0.861049
vt 0.603234 0.853367
vt 0.607111 0.868982
vt 0.580144 0.851868
vt 0.588559 0.842643
vt 0.586263 0.870467
vt 0.362927 0.922524
vt 0.348251 0.915242
vt 0.969863 0.548031
vt 0.282223 0.418668
vt 0.290339 0.395138
vt 0.296131 0.406977
vt 0.667157 0.884761
vt 0.647162 0.905141
vt 0.636440 0.890464
vt 0.271080 0.462341
vt 0.259483 0.454515
vt 0.271080 0.431867
vt 0.969863 0.579028
vt 0.007910 0.038695
vt 0.002193 0.036760
vt 0.009991 0.032960
vt 0.016016 0.035774
vt 0.622275 0.305426
vt 0.641032 0.306449
vt 0.847611 0.511668
vt 0.632434 0.328469
vt 0.489006 0.362894
vt 0.466261 0.363215
vt 0.477097 0.347078
vt 0.474492 0.377824
vt 0.892848 0.930449
vt 0.907507 0.930263
vt 0.888575 0.917570
vt 0.896521 0.945275
vt 0.650069 0.849595
vt 0.670169 0.847044
vt 0.667151 0.859896
vt 0.650061 0.862002
vt 0.626892 0.852819
vt 0.636387 0.840931
vt 0.656830 0.840447
vt 0.662304 0.229684
vt 0.692634 0.223021
vt 0.664478 0.220317
vt 0.225862 0.894568
vt 0.239208 0.900553
vt 0.903599 0.186609
vt 0.878358 0.224267
vt 0.903599 0.226767
vt 0.947555 0.216305
vt 0.970958 0.204771
vt 0.971369 0.222366
vt 0.136874 0.621877
vt 0.153886 0.634054
vt 0.143958 0.635841
vt 0.956009 0.190285
vt 0.950952 0.236971
vt 0.614797 0.814231
vt 0.593373 0.811990
vt 0.604793 0.801381
vt 0.606208 0.824778
vt 0.264562 0.191598
vt 0.620471 0.910775
vt 0.654744 0.411320
vt 0.646796 0.432721
vt 0.620787 0.388845
vt 0.633373 0.400190
vt 0.518431 0.737318
vt 0.519629 0.743844
vt 0.621515 0.209197
vt 0.622216 0.221990
vt 0.608367 0.217660
vt 0.607658 0.203887
vt 0.621368 0.195167
vt 0.630696 0.197883
vt 0.958388 0.266054
vt 0.226686 0.089696
vt 0.231924 0.066791
vt 0.231924 0.099396
vt 0.757987 0.591227
vt 0.737759 0.592724
vt 0.765047 0.575332
vt 0.722233 0.747979
vt 0.734708 0.736807
vt 0.733043 0.759694
vt 0.725835 0.775417
vt 0.716115 0.766775
vt 0.713095 0.751339
vt 0.222888 0.389937
vt 0.469409 0.929841
vt 0.845049 0.806964
vt 0.826676 0.795078
vt 0.414823 0.953897
vt 0.923810 0.454698
vt 0.759235 0.043011
vt 0.779476 0.033041
vt 0.239375 0.192768
vt 0.240489 0.167055
vt 0.254514 0.187562
vt 0.783530 0.050549
vt 0.245478 0.353296
vt 0.245478 0.378585
vt 0.226253 0.360257
vt 0.791941 0.129612
vt 0.208098 0.966851
vt 0.577321 0.031621
vt 0.954206 0.177680
vt 0.658051 0.313585
vt 0.700463 0.166591
vt 0.722084 0.163989
vt 0.691968 0.183392
vt 0.663136 0.334534
vt 0.646522 0.334682
vt 0.030590 0.704047
vt 0.015441 0.710831
vt 0.015588 0.682007
vt 0.178023 0.956682
vt 0.165165 0.955568
vt 0.166451 0.969863
vt 0.790938 0.149179
vt 0.412695 0.893836
vt 0.189101 0.954056
vt 0.246984 0.030173
vt 0.129526 0.475291
vt 0.115255 0.497161
vt 0.092338 0.470010
vt 0.140811 0.451069
vt 0.450293 0.659627
vt 0.437899 0.629221
vt 0.450293 0.622677
vt 0.006797 0.742794
vt 0.042223 0.754092
vt 0.384393 0.928409
vt 0.678145 0.791493
vt 0.691148 0.783417
vt 0.854361 0.020933
vt 0.839057 0.023193
vt 0.668437 0.801644
vt 0.682848 0.777632
vt 0.746402 0.168399
vt 0.743563 0.152705
vt 0.767491 0.155221
vt 0.766832 0.174619
vt 0.000529 0.158130
vt 0.000529 0.124912
vt 0.009036 0.133962
vt 0.075591 0.628061
vt 0.064533 0.578765
vt 0.975904 0.379203
vt 0.184751 0.355082
vt 0.611385 0.143434
vt 0.630275 0.140650
vt 0.587967 0.134837
vt 0.609059 0.157517
vt 0.386470 0.621865
vt 0.679856 0.591594
vt 0.686735 0.596247
vt 0.681509 0.600806
vt 0.673315 0.590124
vt 0.964555 0.412887
vt 0.906962 0.845290
vt 0.946832 0.404909
vt 0.355416 0.097575
vt 0.083722 0.068863
vt 0.034826 0.088674
vt 0.895513 0.964704
vt 0.901302 0.966289
vt 0.232682 0.641732
vt 0.229018 0.666512
vt 0.216445 0.642755
vt 0.683120 0.298239
vt 0.682001 0.285109
vt 0.673498 0.312271
vt 0.670645 0.289017
vt 0.051357 0.768612
vt 0.085842 0.200300
vt 0.065454 0.219876
vt 0.065454 0.187755
vt 0.765330 0.965345
vt 0.773238 0.938567
vt 0.788290 0.950323
vt 0.000430 0.894063
vt 0.631691 0.956557
vt 0.632396 0.965922
vt 0.629297 0.961780
vt 0.626038 0.954928
vt 0.638515 0.957796
vt 0.942646 0.797045
vt 0.945767 0.781588
vt 0.938748 0.821596
vt 0.923737 0.159870
vt 0.938237 0.191262
vt 0.920341 0.175865
vt 0.918135 0.151052
vt 0.938237 0.132132
vt 0.416224 0.717309
vt 0.396273 0.713262
vt 0.888379 0.168729
vt 0.887775 0.158185
vt 0.597305 0.126482
vt 0.789983 0.898981
vt 0.777560 0.910955
vt 0.790411 0.915647
vt 0.807313 0.915647
vt 0.853614 0.561328
vt 0.878630 0.575251
vt 0.855838 0.574270
vt 0.513667 0.076855
vt 0.516557 0.094351
vt 0.330216 0.684476
vt 0.870262 0.555105
vt 0.777094 0.220673
vt 0.793649 0.225193
vt 0.666989 0.892662
vt 0.761218 0.213790
vt 0.666222 0.908367
vt 0.236442 0.200278
vt 0.228785 0.213852
vt 0.228785 0.196758
vt 0.840347 0.195602
vt 0.875777 0.161142
vt 0.873577 0.145290
vt 0.880418 0.150914
vt 0.963195 0.419910
vt 0.949155 0.431195
vt 0.322284 0.918659
vt 0.299816 0.914207
vt 0.310313 0.905310
vt 0.008111 0.395945
vt 0.034058 0.808142
vt 0.030795 0.816538
vt 0.433681 0.227322
vt 0.517724 0.486936
vt 0.462869 0.201084
vt 0.902882 0.972767
vt 0.501749 0.452262
vt 0.179638 0.689747
vt 0.189161 0.670589
vt 0.153282 0.687373
vt 0.420174 0.822275
vt 0.379125 0.817972
vt 0.401046 0.523311
vt 0.426039 0.547897
vt 0.399503 0.554938
vt 0.432219 0.517980
vt 0.871993 0.729008
vt 0.865739 0.733431
vt 0.207268 0.736559
vt 0.202408 0.708659
vt 0.201415 0.690405
vt 0.028413 0.792155
vt 0.766873 0.921502
vt 0.508656 0.935728
vt 0.508639 0.927697
vt 0.765330 0.912175
vt 0.080867 0.839479
vt 0.767080 0.650837
vt 0.789342 0.646417
vt 0.786935 0.657817
vt 0.767669 0.658938
vt 0.073372 0.835645
vt 0.769301 0.643501
vt 0.487819 0.600590
vt 0.665651 0.484817
vt 0.665578 0.502205
vt 0.570971 0.759740
vt 0.575360 0.768512
vt 0.583505 0.775519
vt 0.816251 0.145477
vt 0.944261 0.362946
vt 0.626571 0.124374
vt 0.378513 0.665011
vt 0.470943 0.885527
vt 0.467804 0.863024
vt 0.456605 0.873496
vt 0.224405 0.384030
vt 0.862525 0.470556
vt 0.959533 0.690125
vt 0.659627 0.562902
vt 0.168814 0.699751
vt 0.198430 0.721247
vt 0.159979 0.727129
vt 0.394113 0.436093
vt 0.145418 0.684034
vt 0.359397 0.443235
vt 0.808042 0.792957
vt 0.730409 0.054216
vt 0.710477 0.054216
vt 0.717354 0.029170
vt 0.613540 0.930873
vt 0.702376 0.778171
vt 0.694977 0.770800
vt 0.433169 0.276090
vt 0.439751 0.295176
vt 0.423103 0.295176
vt 0.932496 0.262176
vt 0.687873 0.402440
vt 0.886913 0.694468
vt 0.902055 0.705161
vt 0.879181 0.706957
vt 0.655640 0.595461
vt 0.101102 0.569848
vt 0.121049 0.575504
vt 0.102939 0.590351
vt 0.086224 0.572681
vt 0.095889 0.552906
vt 0.090320 0.584044
vt 0.271700 0.415811
vt 0.228435 0.455451
vt 0.523481 0.600893
vt 0.835035 0.365327
vt 0.832369 0.403240
vt 0.841094 0.386427
vt 0.591478 0.371392
vt 0.569693 0.371344
vt 0.452772 0.167732
vt 0.608423 0.376500
vt 0.005290 0.434277
vt 0.020709 0.435982
vt 0.014195 0.426959
vt 0.461879 0.905611
vt 0.848590 0.089737
vt 0.844675 0.089404
vt 0.798911 0.651547
vt 0.792985 0.630909
vt 0.807676 0.632858
vt 0.790197 0.668989
vt 0.478911 0.181071
vt 0.483093 0.192202
vt 0.696745 0.471170
vt 0.691193 0.457123
vt 0.718252 0.468367
vt 0.711339 0.486503
vt 0.844661 0.067001
vt 0.847279 0.076593
vt 0.723634 0.841342
vt 0.833983 0.058419
vt 0.898561 0.612941
vt 0.881404 0.597171
vt 0.894655 0.591624
vt 0.361123 0.604977
vt 0.903599 0.608579
vt 0.024935 0.087348
vt 0.019652 0.074905
vt 0.034638 0.066758
vt 0.460584 0.333694
vt 0.450811 0.349392
vt 0.316884 0.867015
vt 0.670063 0.798179
vt 0.766892 0.753753
vt 0.767070 0.743105
vt 0.812869 0.741280
vt 0.372248 0.721813
vt 0.351756 0.750357
vt 0.382345 0.126389
vt 0.933690 0.846503
vt 0.668663 0.085131
vt 0.652183 0.092086
vt 0.652176 0.078032
vt 0.478394 0.250730
vt 0.254422 0.548549
vt 0.019456 0.027827
vt 0.197089 0.171496
vt 0.650518 0.607048
vt 0.605976 0.193449
vt 0.763779 0.924404
vt 0.754083 0.909024
vt 0.319272 0.222888
vt 0.812925 0.549689
vt 0.943557 0.111325
vt 0.962333 0.099234
vt 0.960551 0.117233
vt 0.941828 0.096192
vt 0.941828 0.131022
vt 0.278783 0.723018
vt 0.652786 0.056637
vt 0.441118 0.334585
vt 0.008512 0.230157
vt 0.012719 0.218590
vt 0.925569 0.269883
vt 0.000519 0.209765
vt 0.798179 0.482109
vt 0.146555 0.980203
vt 0.138363 0.980405
vt 0.153901 0.978679
vt 0.047526 0.923177
vt 0.065230 0.781269
vt 0.052999 0.785797
vt 0.049198 0.928629
vt 0.056400 0.818988
vt 0.046402 0.809106
vt 0.062694 0.816546
vt 0.110095 0.600655
vt 0.798793 0.023578
vt 0.823199 0.025282
vt 0.802869 0.040435
vt 0.797186 0.003821
vt 0.811289 0.015137
vt 0.617296 0.836298
vt 0.597227 0.833549
vt 0.629368 0.846929
vt 0.610556 0.844749
vt 0.377223 0.438998
vt 0.160854 0.327938
vt 0.972875 0.094878
vt 0.959321 0.698783
vt 0.597277 0.279662
vt 0.606017 0.230328
vt 0.617987 0.242448
vt 0.605976 0.252187
vt 0.018607 0.664645
vt 0.443101 0.846593
vt 0.842130 0.973611
vt 0.846719 0.978655
vt 0.717550 0.851994
vt 0.710526 0.853919
vt 0.724420 0.856891
vt 0.865577 0.828855
vt 0.882541 0.007546
vt 0.881479 0.015697
vt 0.870732 0.012980
vt 0.859951 0.816312
vt 0.871648 0.823663
vt 0.198792 0.756011
vt 0.161192 0.755472
vt 0.172910 0.350898
vt 0.173065 0.322857
vt 0.208546 0.350746
vt 0.487198 0.692809
vt 0.500124 0.694968
vt 0.484539 0.711557
vt 0.275246 0.881515
vt 0.714575 0.672944
vt 0.719173 0.645218
vt 0.491101 0.039156
vt 0.491101 0.018804
vt 0.510533 0.025317
vt 0.732964 0.688241
vt 0.740107 0.684086
vt 0.768059 0.951091
vt 0.701795 0.579809
vt 0.688009 0.576953
vt 0.694749 0.566095
vt 0.602913 0.565238
vt 0.622874 0.544865
vt 0.120480 0.858540
vt 0.114937 0.843763
vt 0.116336 0.875935
vt 0.766673 0.678705
vt 0.877348 0.256937
vt 0.359657 0.843141
vt 0.004991 0.760050
vt 0.000716 0.776737
vt 0.359930 0.822680
vt 0.297354 0.733693
vt 0.281662 0.755326
vt 0.602159 0.254689
vt 0.042425 0.651769
vt 0.054913 0.650892
vt 0.629125 0.829841
vt 0.650027 0.832644
vt 0.938068 0.587136
vt 0.958292 0.594869
vt 0.050347 0.882713
vt 0.321909 0.682217
vt 0.321909 0.654222
vt 0.328308 0.654657
vt 0.054624 0.842089
vt 0.949827 0.014841
vt 0.943495 0.001402
vt 0.223778 0.716855
vt 0.220645 0.700368
vt 0.913870 0.224494
vt 0.897601 0.244737
vt 0.895977 0.233594
vt 0.915028 0.242471
vt 0.350898 0.893510
vt 0.067009 0.183775
vt 0.000571 0.197286
vt 0.003748 0.165082
vt 0.071587 0.156681
vt 0.125751 0.197286
vt 0.011811 0.140712
vt 0.484556 0.974350
vt 0.183140 0.657196
vt 0.167085 0.646054
vt 0.076258 0.401178
vt 0.786007 0.828865
vt 0.777304 0.846371
vt 0.766658 0.831630
vt 0.790034 0.796442
vt 0.771013 0.802000
vt 0.665651 0.463462
vt 0.384552 0.139166
vt 0.394338 0.125440
vt 0.394571 0.142007
vt 0.141795 0.884528
vt 0.803695 0.872368
vt 0.618272 0.192467
vt 0.976840 0.435430
vt 0.174696 0.495473
vt 0.157602 0.495473
vt 0.882607 0.160458
vt 0.890889 0.149819
vt 0.151641 0.135540
vt 0.143941 0.122718
vt 0.153612 0.120095
vt 0.221368 0.857371
vt 0.900896 0.650591
vt 0.892714 0.634493
vt 0.906232 0.640061
vt 0.214086 0.847544
vt 0.187949 0.868930
vt 0.916138 0.648802
vt 0.094878 0.193046
vt 0.094878 0.210840
vt 0.079639 0.210120
vt 0.379028 0.275962
vt 0.408801 0.140886
vt 0.427541 0.135305
vt 0.025500 0.340178
vt 0.016154 0.340188
vt 0.025230 0.351955
vt 0.037650 0.337786
vt 0.383275 0.078378
vt 0.369259 0.082722
vt 0.269314 0.366392
vt 0.015882 0.059863
vt 0.369498 0.701746
vt 0.385101 0.691323
vt 0.414025 0.699073
vt 0.225900 0.825381
vt 0.876271 0.602479
vt 0.856350 0.617112
vt 0.946861 0.370500
vt 0.721373 0.620500
vt 0.715847 0.644567
vt 0.702332 0.620500
vt 0.813990 0.399547
vt 0.818022 0.410588
vt 0.795366 0.407790
vt 0.806867 0.392364
vt 0.441257 0.667036
vt 0.438173 0.740052
vt 0.830065 0.883461
vt 0.814495 0.890775
vt 0.811249 0.884911
vt 0.644305 0.878600
vt 0.836738 0.879922
vt 0.832189 0.890565
vt 0.637511 0.888539
vt 0.743102 0.088672
vt 0.143228 0.485577
vt 0.357232 0.126573
vt 0.156624 0.474169
vt 0.202030 0.488349
vt 0.178597 0.481456
vt 0.787959 0.065055
vt 0.254514 0.160821
vt 0.567039 0.869662
vt 0.571985 0.859435
vt 0.115504 0.317145
vt 0.156667 0.003465
vt 0.165660 0.000222
vt 0.165660 0.018072
vt 0.491242 0.915727
vt 0.623181 0.960558
vt 0.084336 0.972250
vt 0.173190 0.152752
vt 0.161063 0.162648
vt 0.161063 0.145027
vt 0.337298 0.944811
vt 0.331014 0.949042
vt 0.081704 0.893994
vt 0.087348 0.915953
vt 0.234011 0.097890
vt 0.239712 0.074593
vt 0.254514 0.097890
vt 0.838249 0.607097
vt 0.840282 0.636364
vt 0.966851 0.903599
vt 0.249340 0.777407
vt 0.783956 0.610870
vt 0.772771 0.613643
vt 0.790355 0.616130
vt 0.776305 0.629507
vt 0.921008 0.640966
vt 0.870847 0.445753
vt 0.484425 0.590275
vt 0.569544 0.733150
vt 0.576873 0.682704
vt 0.546013 0.737157
vt 0.547994 0.685981
vt 0.634696 0.383900
vt 0.539186 0.923081
vt 0.553427 0.923406
vt 0.544141 0.936176
vt 0.924655 0.408881
vt 0.909957 0.409010
vt 0.548244 0.910829
vt 0.102408 0.280116
vt 0.090548 0.273633
vt 0.102408 0.263766
vt 0.940667 0.411622
vt 0.858203 0.437914
vt 0.876113 0.428230
vt 0.883701 0.440978
vt 0.025817 0.033495
vt 0.034480 0.017818
vt 0.776025 0.728903
vt 0.745863 0.712722
vt 0.763608 0.718983
vt 0.463848 0.955311
vt 0.078967 0.581075
vt 0.824105 0.846616
vt 0.835694 0.854042
vt 0.816702 0.858419
vt 0.273566 0.358737
vt 0.838463 0.306862
vt 0.522033 0.747192
vt 0.428502 0.899973
vt 0.863452 0.998477
vt 0.974381 0.746702
vt 0.735542 0.533134
vt 0.738266 0.518562
vt 0.704661 0.770228
vt 0.408392 0.952988
vt 0.535139 0.758882
vt 0.788954 0.555620
vt 0.775118 0.545228
vt 0.056576 0.527099
vt 0.075370 0.715785
vt 0.226106 0.848186
vt 0.250830 0.866015
vt 0.231896 0.872639
vt 0.250736 0.844529
vt 0.674748 0.917964
vt 0.682327 0.944468
vt 0.655305 0.942103
vt 0.244704 0.577942
vt 0.703301 0.917970
vt 0.743667 0.317357
vt 0.765127 0.320492
vt 0.240730 0.894329
vt 0.240730 0.930707
vt 0.243694 0.870909
vt 0.779134 0.768030
vt 0.361440 0.498485
vt 0.345045 0.498485
vt 0.359439 0.468086
vt 0.845731 0.489235
vt 0.638614 0.031098
vt 0.632740 0.020362
vt 0.642277 0.001107
vt 0.426434 0.383012
vt 0.440163 0.360300
vt 0.446065 0.374965
vt 0.632140 0.049135
vt 0.608464 0.028844
vt 0.667042 0.560254
vt 0.681157 0.555571
vt 0.426636 0.266273
vt 0.841076 0.959962
vt 0.173190 0.378006
vt 0.167351 0.368263
vt 0.173190 0.362659
vt 0.787742 0.241477
vt 0.050972 0.316260
vt 0.050972 0.295519
vt 0.063252 0.303526
vt 0.309678 0.403078
vt 0.306839 0.809026
vt 0.322037 0.815149
vt 0.304393 0.824402
vt 0.331438 0.349057
vt 0.078372 0.129943
vt 0.023684 0.114431
vt 0.082677 0.099490
vt 0.837568 0.219358
vt 0.831817 0.228118
vt 0.812749 0.231541
vt 0.501776 0.940709
vt 0.907471 0.965264
vt 0.038228 0.203861
vt 0.029099 0.195586
vt 0.041936 0.190635
vt 0.766121 0.903837
vt 0.621822 0.375402
vt 0.619676 0.356174
vt 0.557665 0.283059
vt 0.561737 0.267531
vt 0.075193 0.230418
vt 0.075193 0.213618
vt 0.090360 0.215974
vt 0.751492 0.220592
vt 0.441000 0.882532
vt 0.464398 0.883161
vt 0.454431 0.891029
vt 0.932213 0.303146
vt 0.439736 0.890418
vt 0.011723 0.068237
vt 0.262734 0.357444
vt 0.086899 0.651205
vt 0.085106 0.629036
vt 0.752647 0.051901
vt 0.757627 0.075429
vt 0.517287 0.189253
vt 0.159636 0.942755
vt 0.466064 0.580599
vt 0.481919 0.596124
vt 0.466064 0.606917
vt 0.827125 0.433748
vt 0.825578 0.444666
vt 0.801369 0.423678
vt 0.837335 0.420985
vt 0.416130 0.369109
vt 0.374933 0.251110
vt 0.202694 0.664411
vt 0.201558 0.676273
vt 0.678907 0.138730
vt 0.699743 0.151532
vt 0.273566 0.391604
vt 0.313748 0.392153
vt 0.422836 0.816199
vt 0.450321 0.803983
vt 0.151864 0.874776
vt 0.140923 0.863072
vt 0.139784 0.880460
vt 0.697783 0.080039
vt 0.673252 0.071787
vt 0.649220 0.136730
vt 0.652982 0.148977
vt 0.646354 0.121460
vt 0.584474 0.821212
vt 0.209759 0.363992
vt 0.701832 0.247344
vt 0.798032 0.460767
vt 0.434580 0.522910
vt 0.434001 0.536162
vt 0.921864 0.000070
vt 0.575183 0.609260
vt 0.584073 0.579208
vt 0.788473 0.672138
vt 0.798179 0.679295
vt 0.201570 0.777095
vt 0.210338 0.760248
vt 0.221764 0.106105
vt 0.942403 0.753734
vt 0.243445 0.041687
vt 0.254514 0.052909
vt 0.243445 0.064758
vt 0.620006 0.260294
vt 0.606986 0.265056
vt 0.061188 0.648072
vt 0.879323 0.918090
vt 0.884202 0.919843
vt 0.740332 0.543508
vt 0.949284 0.025328
vt 0.671605 0.918659
vt 0.203310 0.509197
vt 0.839794 0.433150
vt 0.010578 0.204388
vt 0.387042 0.126573
vt 0.673607 0.484458
vt 0.214759 0.357453
vt 0.858146 0.769565
vt 0.736294 0.785604
vt 0.634875 0.871284
vt 0.630185 0.863881
vt 0.890158 0.054944
vt 0.134622 0.974182
vt 0.807215 0.559364
vt 0.566255 0.907901
vt 0.299381 0.469957
vt 0.477545 0.390655
vt 0.477246 0.402294
vt 0.904986 0.532942
vt 0.916853 0.546297
vt 0.310550 0.806688
vt 0.147092 0.809574
vt 0.122666 0.819101
vt 0.099660 0.817625
vt 0.149611 0.659297
vt 0.156624 0.670681
vt 0.149611 0.683723
vt 0.771616 0.461929
vt 0.443800 0.140863
vt 0.468420 0.097177
vt 0.480413 0.060029
vt 0.480413 0.099396
vt 0.273078 0.442763
vt 0.273078 0.403455
vt 0.284634 0.405477
vt 0.576479 0.535318
vt 0.587339 0.540870
vt 0.576479 0.563243
vt 0.960815 0.682217
vt 0.960815 0.654292
vt 0.978899 0.661783
vt 0.893194 0.079818
vt 0.892916 0.031003
vt 0.912635 0.047255
vt 0.299123 0.000480
vt 0.971369 0.239454
vt 0.246459 0.786724
vt 0.132331 0.411891
vt 0.107102 0.394018
vt 0.147182 0.396229
vt 0.571793 0.905468
vt 0.293566 0.559825
vt 0.672439 0.180720
vt 0.672439 0.153913
vt 0.694265 0.174043
vt 0.254293 0.575856
vt 0.691906 0.589302
vt 0.701795 0.614447
vt 0.682507 0.614447
vt 0.323959 0.370476
vt 0.323959 0.357618
vt 0.335838 0.367204
vt 0.484542 0.393224
vt 0.242704 0.673782
vt 0.227667 0.681242
vt 0.246984 0.661097
vt 0.539737 0.164290
vt 0.477401 0.213905
vt 0.858419 0.152106
vt 0.847897 0.151114
vt 0.915440 0.804203
vt 0.561378 0.252607
vt 0.897575 0.447336
vt 0.910908 0.425765
vt 0.909957 0.449956
vt 0.011533 0.349846
vt 0.025602 0.356751
vt 0.011533 0.365958
vt 0.241530 0.068324
vt 0.800388 0.153268
vt 0.761449 0.673749
vt 0.770118 0.667748
vt 0.745938 0.456595
vt 0.701546 0.214016
vt 0.453344 0.834453
vt 0.935177 0.559404
vt 0.919194 0.563643
vt 0.026508 0.318288
vt 0.019925 0.318065
vt 0.027097 0.324532
vt 0.143941 0.111438
vt 0.037214 0.318703
vt 0.217806 0.687404
vt 0.022209 0.276993
vt 0.699292 0.547205
vt 0.642315 0.537990
vt 0.114729 0.898230
vt 0.200035 0.745485
vt 0.218890 0.745929
vt 0.330022 0.607393
vt 0.325248 0.641555
vt 0.707610 0.785164
vt 0.019652 0.052210
vt 0.590203 0.269767
vt 0.032522 0.044974
vt 0.343864 0.620437
vt 0.602399 0.277104
vt 0.427603 0.347500
vt 0.926189 0.273775
vt 0.918574 0.287646
vt 0.916759 0.265546
vt 0.666943 0.265646
vt 0.672607 0.283054
vt 0.019338 0.041473
vt 0.247824 0.381486
vt 0.377362 0.681751
vt 0.920343 0.929699
vt 0.836237 0.636886
vt 0.273214 0.040519
vt 0.295176 0.023994
vt 0.293048 0.038717
vt 0.274604 0.026791
vt 0.278894 0.047596
vt 0.808242 0.000785
vt 0.868975 0.679320
vt 0.876909 0.688168
vt 0.871373 0.701996
vt 0.050720 0.804693
vt 0.492292 0.960786
vt 0.492970 0.950487
vt 0.346846 0.040551
vt 0.437970 0.576791
vt 0.464413 0.586242
vt 0.420682 0.602178
vt 0.734551 0.598714
vt 0.724529 0.624143
vt 0.714575 0.603299
vt 0.480666 0.716822
vt 0.496979 0.729671
vt 0.466710 0.741095
vt 0.757228 0.600185
vt 0.502034 0.821974
vt 0.486730 0.830068
vt 0.518188 0.823896
vt 0.519569 0.813117
vt 0.135362 0.550327
vt 0.161485 0.555040
vt 0.135362 0.606912
vt 0.745125 0.486418
vt 0.181058 0.158418
vt 0.188250 0.146787
vt 0.188250 0.164154
vt 0.900868 0.817189
vt 0.478907 0.254211
vt 0.465816 0.262044
vt 0.465816 0.242395
vt 0.556672 0.837335
vt 0.611435 0.930080
vt 0.829661 0.341644
vt 0.746237 0.385536
vt 0.859559 0.244922
vt 0.862066 0.280901
vt 0.850149 0.249271
vt 0.766892 0.763088
vt 0.866461 0.238531
vt 0.484291 0.198040
vt 0.493967 0.190968
vt 0.622565 0.855602
vt 0.536505 0.185688
vt 0.291544 0.959347
vt 0.627848 0.251773
vt 0.632470 0.241112
vt 0.797810 0.524001
vt 0.857603 0.895300
vt 0.848991 0.909759
vt 0.516557 0.199545
vt 0.197286 0.678818
vt 0.197286 0.707819
vt 0.170643 0.698475
vt 0.666060 0.592833
vt 0.816702 0.800557
vt 0.683979 0.162648
vt 0.680749 0.149653
vt 0.699955 0.162058
vt 0.353910 0.848244
vt 0.333843 0.828387
vt 0.886698 0.142186
vt 0.037650 0.328818
vt 0.391631 0.946219
vt 0.674071 0.609738
vt 0.527099 0.721373
vt 0.514683 0.721052
vt 0.509288 0.694860
vt 0.527099 0.697338
vt 0.046945 0.955831
vt 0.052408 0.969407
vt 0.461709 0.772611
vt 0.155118 0.824780
vt 0.121359 0.830385
vt 0.042685 0.826141
vt 0.060240 0.831756
vt 0.184138 0.897119
vt 0.744815 0.531485
vt 0.185704 0.905027
vt 0.761123 0.711122
vt 0.862253 0.296476
vt 0.813444 0.898189
vt 0.636045 0.978899
vt 0.501776 0.964100
vt 0.240224 0.123931
vt 0.904582 0.284099
vt 0.729205 0.542660
vt 0.394088 0.950090
vt 0.350145 0.284511
vt 0.565206 0.603705
vt 0.576797 0.618705
vt 0.778764 0.330529
vt 0.406806 0.577237
vt 0.063252 0.186268
vt 0.451635 0.551229
vt 0.068470 0.645806
vt 0.865457 0.146714
vt 0.747261 0.688199
vt 0.766499 0.693357
vt 0.870380 0.812500
vt 0.744794 0.202255
vt 0.768059 0.207828
vt 0.714310 0.933143
vt 0.142307 0.174696
vt 0.424545 0.686735
vt 0.398100 0.686735
vt 0.090862 0.947529
vt 0.445342 0.537641
vt 0.155306 0.470987
vt 0.077101 0.649396
vt 0.463847 0.077760
vt 0.449392 0.091837
vt 0.274330 0.447694
vt 0.281622 0.465403
vt 0.274330 0.466859
vt 0.538761 0.225339
vt 0.349103 0.917772
vt 0.110365 0.283128
vt 0.116514 0.272422
vt 0.116228 0.280723
vt 0.623013 0.905322
vt 0.619459 0.636168
vt 0.621977 0.654492
vt 0.902388 0.585303
vt 0.857459 0.388728
vt 0.858419 0.417161
vt 0.846322 0.403977
vt 0.858419 0.362759
vt 0.969430 0.634403
vt 0.466859 0.101813
vt 0.454065 0.117468
vt 0.454065 0.092202
vt 0.466733 0.077339
vt 0.850248 0.691019
vt 0.431501 0.209865
vt 0.493214 0.481638
vt 0.324971 0.805529
vt 0.655133 0.146454
vt 0.028980 0.915647
vt 0.008219 0.909490
vt 0.717710 0.909024
vt 0.236628 0.596375
vt 0.251169 0.568852
vt 0.256020 0.596375
vt 0.581796 0.001118
vt 0.721373 0.399344
vt 0.710170 0.391576
vt 0.585833 0.017146
vt 0.712825 0.420104
vt 0.112950 0.670943
vt 0.099835 0.681458
vt 0.087923 0.672276
vt 0.120590 0.856264
vt 0.143628 0.845462
vt 0.778453 0.412501
vt 0.776118 0.400081
vt 0.576157 0.833301
vt 0.917153 0.625373
vt 0.486782 0.496454
vt 0.501353 0.487134
vt 0.498198 0.510533
vt 0.281297 0.457164
vt 0.000674 0.064911
vt 0.124272 0.671487
vt 0.129516 0.698783
vt 0.109819 0.698783
vt 0.093742 0.655495
vt 0.118900 0.938703
vt 0.112772 0.919467
vt 0.861908 0.921112
vt 0.454399 0.126490
vt 0.364030 0.678663
vt 0.626892 0.882417
vt 0.831198 0.005209
vt 0.770634 0.050998
vt 0.771071 0.065406
vt 0.316884 0.902630
vt 0.560903 0.422713
vt 0.429759 0.849957
vt 0.408917 0.839170
vt 0.918659 0.722879
vt 0.916575 0.707433
vt 0.690390 0.446305
vt 0.701795 0.429566
vt 0.553463 0.947273
vt 0.471063 0.839495
vt 0.560182 0.937819
vt 0.241530 0.000895
vt 0.255830 0.007458
vt 0.658003 0.897603
vt 0.667157 0.918650
vt 0.652930 0.913593
vt 0.609579 0.069276
vt 0.627740 0.067045
vt 0.241507 0.730207
vt 0.236893 0.739786
vt 0.431720 0.402699
vt 0.052710 0.937010
vt 0.917667 0.237841
vt 0.860419 0.591514
vt 0.862882 0.419831
vt 0.100074 0.977501
vt 0.128665 0.973766
vt 0.090142 0.984923
vt 0.044885 0.259816
vt 0.051204 0.269853
vt 0.027545 0.259937
vt 0.039459 0.537605
vt 0.016022 0.538527
vt 0.041722 0.517041
vt 0.901830 0.262922
vt 0.889613 0.283027
vt 0.880899 0.268898
vt 0.320073 0.566393
vt 0.377207 0.196906
vt 0.123492 0.590065
vt 0.079422 0.272583
vt 0.219165 0.270327
vt 0.433871 0.839773
vt 0.784481 0.200222
vt 0.801625 0.194916
vt 0.400596 0.925768
vt 0.408126 0.163815
vt 0.398050 0.152214
vt 0.408126 0.151848
vt 0.965345 0.169320
vt 0.396914 0.165660
vt 0.523361 0.740951
vt 0.975491 0.796241
vt 0.957666 0.800422
vt 0.287646 0.176083
vt 0.276637 0.186744
vt 0.276637 0.164590
vt 0.565915 0.661179
vt 0.577366 0.652577
vt 0.810265 0.708238
vt 0.438998 0.332855
vt 0.649764 0.131917
vt 0.500637 0.932377
vt 0.645699 0.105355
vt 0.659834 0.104485
vt 0.807606 0.231924
vt 0.699422 0.239758
vt 0.699615 0.231941
vt 0.470747 0.786135
vt 0.471425 0.800853
vt 0.359445 0.637318
vt 0.374994 0.615562
vt 0.374994 0.644567
vt 0.084731 0.964266
vt 0.348268 0.001246
vt 0.358428 0.013481
vt 0.348268 0.022590
vt 0.752032 0.470225
vt 0.961546 0.379512
vt 0.986429 0.803609
vt 0.924263 0.795455
vt 0.751725 0.897074
vt 0.745729 0.886716
vt 0.796057 0.230050
vt 0.783473 0.215670
vt 0.911635 0.945767
vt 0.456016 0.951570
vt 0.509430 0.299963
vt 0.590403 0.543447
vt 0.607737 0.519741
vt 0.693227 0.472224
vt 0.450760 0.900493
vt 0.225900 0.231631
vt 0.214595 0.231924
vt 0.214595 0.208216
vt 0.405540 0.616710
vt 0.506127 0.000482
vt 0.663047 0.829189
vt 0.590210 0.444413
vt 0.837335 0.340356
vt 0.837335 0.316249
vt 0.140811 0.520657
vt 0.103910 0.517715
vt 0.880143 0.246945
vt 0.533123 0.909841
vt 0.989116 0.099542
vt 0.999880 0.107470
vt 0.000674 0.014184
vt 0.958845 0.239782
vt 0.444992 0.760724
vt 0.425281 0.762035
vt 0.338799 0.822275
vt 0.243897 0.603991
vt 0.652336 0.355416
vt 0.671675 0.354566
vt 0.666812 0.971369
vt 0.702493 0.959670
vt 0.358428 0.601849
vt 0.873709 0.739445
vt 0.882515 0.731266
vt 0.378479 0.145661
vt 0.381252 0.167682
vt 0.394571 0.268696
vt 0.835824 0.201259
vt 0.450675 0.111534
vt 0.574671 0.645566
vt 0.584327 0.633641
vt 0.562405 0.656149
vt 0.110579 0.262290
vt 0.126745 0.260911
vt 0.813248 0.136498
vt 0.644567 0.959387
vt 0.468774 0.205874
vt 0.015403 0.404110
vt 0.254437 0.629464
vt 0.923317 0.254160
vt 0.936918 0.244939
vt 0.015457 0.266508
vt 0.918380 0.684983
vt 0.086172 0.049453
vt 0.091866 0.062020
vt 0.086172 0.067770
vt 0.811464 0.789143
vt 0.800369 0.772142
vt 0.929718 0.082830
vt 0.052438 0.783356
vt 0.045535 0.791879
vt 0.950469 0.419546
vt 0.970868 0.415524
vt 0.687388 0.451168
vt 0.645672 0.047103
vt 0.650591 0.075300
vt 0.622525 0.075300
vt 0.857956 0.079818
vt 0.821908 0.555040
vt 0.103010 0.828218
vt 0.239840 0.728903
vt 0.260538 0.187476
vt 0.260538 0.210840
vt 0.247058 0.192506
vt 0.418729 0.831896
vt 0.422704 0.841419
vt 0.900587 0.489235
vt 0.296682 0.853842
vt 0.275225 0.856265
vt 0.018517 0.249379
vt 0.005823 0.666431
vt 0.788441 0.397031
vt 0.566471 0.845151
vt 0.224065 0.524087
vt 0.730651 0.460774
vt 0.219876 0.512084
vt 0.204259 0.513545
vt 0.219876 0.494463
vt 0.084720 0.704527
vt 0.619680 0.884761
vt 0.135164 0.933250
vt 0.275434 0.917427
vt 0.262080 0.918659
vt 0.945767 0.838841
vt 0.249996 0.752692
vt 0.945427 0.080011
vt 0.495440 0.312929
vt 0.346435 0.900181
vt 0.114287 0.165660
vt 0.206322 0.276031
vt 0.502383 0.345539
vt 0.486613 0.326094
vt 0.528451 0.743791
vt 0.128543 0.269998
vt 0.912635 0.017232
vt 0.502250 0.458884
vt 0.894561 0.146324
vt 0.309765 0.152543
vt 0.103430 0.837335
vt 0.003473 0.515389
vt 0.175449 0.401936
vt 0.508872 0.108267
vt 0.365001 0.015087
vt 0.575183 0.517384
vt 0.492295 0.752785
vt 0.706615 0.383890
vt 0.609612 0.362933
vt 0.150732 0.836175
vt 0.278073 0.862657
vt 0.286870 0.855986
vt 0.856517 0.841977
vt 0.087348 0.951791
vt 0.837125 0.854746
vt 0.879661 0.823215
vt 0.140071 0.152106
vt 0.140071 0.118442
vt 0.150600 0.140974
vt 0.044976 0.236460
vt 0.127548 0.663410
vt 0.882515 0.673369
vt 0.543665 0.146893
vt 0.687971 0.420173
vt 0.798807 0.615139
vt 0.792117 0.628327
vt 0.903106 0.579809
vt 0.903106 0.556455
vt 0.748327 0.909907
vt 0.992267 0.435430
vt 0.807215 0.603622
vt 0.562906 0.295176
vt 0.562906 0.266517
vt 0.584327 0.268410
vt 0.507065 0.694468
vt 0.838309 0.918503
vt 0.131022 0.283128
vt 0.926189 0.245060
vt 0.097757 0.710831
vt 0.275272 0.876491
vt 0.401657 0.006064
vt 0.606366 0.345749
vt 0.194766 0.280116
vt 0.956803 0.048772
vt 0.838841 0.888354
vt 0.892574 0.427219
vt 0.335298 0.960689
vt 0.457874 0.118364
vt 0.206140 0.498530
vt 0.412838 0.776022
vt 0.915344 0.837850
vt 0.104518 0.177673
vt 0.117468 0.164405
vt 0.117468 0.182226
vt 0.829780 0.558213
vt 0.959393 0.984298
vt 0.978040 0.987652
vt 0.708957 0.244145
vt 0.941499 0.987935
vt 0.084731 0.933409
vt 0.095115 0.940367
vt 0.320091 0.000882
vt 0.795167 0.259178
vt 0.388168 0.682497
vt 0.679452 0.777663
vt 0.394443 0.163245
vt 0.386065 0.177867
vt 0.710269 0.767100
vt 0.139632 0.484561
vt 0.143070 0.476850
vt 0.966557 0.196516
vt 0.986429 0.219876
vt 0.652930 0.944261
vt 0.096384 0.033324
vt 0.084945 0.046284
vt 0.086932 0.017055
vt 0.096384 0.052710
vt 0.761637 0.096472
vt 0.956317 0.177530
s 1
usemtl Material.002
f 1/1/1 2/2/2 3/3/3
f 1/1/1 3/3/3 4/4/4
f 1/5/1 4/6/4 5/7/5
f 1/5/1 5/7/5 6/8/6
f 1/9/7 7/10/7 2/11/7
f 1/12/1 6/13/6 7/14/8
f 8/15/9 9/16/10 2047/17/11
f 8/15/9 39/18/12 10/19/13
f 8/15/9 1724/20/14 11/21/15
f 8/15/9 10/19/13 1724/20/14
f 8/15/9 11/21/15 9/16/10
f 8/15/9 2047/17/11 39/18/12
f 14/22/16 12/23/17 13/24/18
f 14/25/16 15/26/19 1842/27/20
f 14/28/16 13/29/18 16/30/21
f 14/31/16 17/32/22 12/33/17
f 14/31/16 1842/34/20 17/32/22
f 14/25/16 16/35/21 15/26/19
f 18/36/23 19/37/24 20/38/25
f 18/39/23 21/40/26 23/41/27
f 18/42/23 22/43/28 21/44/26
f 18/36/23 20/38/25 22/45/28
f 18/36/23 23/46/27 19/37/24
f 27/47/29 26/48/30 24/49/31
f 27/50/29 24/51/31 28/52/32
f 27/53/29 25/54/33 26/55/30
f 27/53/29 30/56/34 25/54/33
f 27/57/29 28/58/32 29/59/35
f 27/57/29 29/59/35 30/60/34
f 31/61/36 798/62/37 32/63/38
f 31/61/36 1874/64/39 798/62/37
f 31/61/36 2069/65/40 33/66/41
f 31/61/36 33/66/41 1874/64/39
f 31/61/36 32/63/38 2069/65/40
f 34/67/42 35/68/43 36/69/44
f 34/67/42 37/70/45 35/68/43
f 34/67/42 38/71/46 39/72/12
f 34/67/42 39/72/12 37/70/45
f 34/67/42 36/69/44 38/71/46
f 40/73/47 41/74/47 42/75/47
f 40/73/47 42/75/47 1307/76/47
f 40/73/47 1307/76/47 43/77/48
f 40/73/47 44/78/49 41/74/47
f 40/73/47 43/77/48 44/78/49
f 45/79/50 167/80/51 934/81/52
f 45/82/50 49/83/53 46/84/54
f 45/82/50 47/85/55 167/86/51
f 45/79/50 934/81/52 48/87/56
f 45/82/50 46/84/54 47/85/55
f 45/79/50 48/87/56 49/88/53
f 50/89/57 51/90/58 52/91/59
f 50/89/57 52/91/59 53/92/60
f 50/89/57 1988/93/61 51/90/58
f 50/94/57 54/95/62 1988/96/61
f 50/97/57 53/98/60 1190/99/63
f 50/97/57 1190/99/63 54/100/62
f 57/101/64 55/102/65 56/103/66
f 57/104/64 58/105/67 59/106/68
f 57/104/64 59/106/68 60/107/69
f 57/101/64 60/108/69 55/102/65
f 57/104/64 61/109/70 58/105/67
f 57/101/64 56/103/66 61/110/70
f 65/111/71 62/112/72 63/113/73
f 65/111/71 1414/114/74 62/112/72
f 65/111/71 63/113/73 64/115/75
f 65/116/71 1022/117/76 66/118/77
f 65/111/71 1416/119/78 1414/114/74
f 65/116/71 64/120/75 1022/117/76
f 69/121/79 67/122/80 68/123/81
f 69/124/79 70/125/82 71/126/83
f 69/121/79 68/123/81 1861/127/84
f 69/124/79 71/126/83 72/128/85
f 69/124/79 1861/129/84 70/125/82
f 69/124/79 72/128/85 67/130/80
f 74/131/86 79/132/87 73/133/88
f 74/134/86 77/135/89 75/136/90
f 74/131/86 76/137/91 77/138/89
f 74/134/86 75/136/90 78/139/92
f 74/131/86 73/133/88 76/137/91
f 74/134/86 78/139/92 79/140/87
f 81/141/93 83/142/94 80/143/95
f 81/144/93 82/145/96 83/146/94
f 81/147/93 84/148/97 85/149/98
f 81/147/93 86/150/99 84/148/97
f 81/141/93 80/143/95 86/151/99
f 81/144/93 85/152/98 82/145/96
f 87/153/100 511/154/101 514/155/102
f 87/156/100 88/157/103 511/158/101
f 87/156/100 89/159/104 88/157/103
f 87/156/100 90/160/105 89/159/104
f 87/153/100 514/155/102 91/161/106
f 87/153/100 91/161/106 90/162/105
f 92/163/107 93/164/108 1964/165/109
f 92/163/107 1964/165/109 1965/166/110
f 92/163/107 13/29/18 1464/167/111
f 92/163/107 1965/166/110 16/30/21
f 92/163/107 1464/167/111 93/164/108
f 92/163/107 16/30/21 13/29/18
f 94/168/112 1466/169/113 1468/170/114
f 94/168/112 95/171/115 1489/172/116
f 94/168/112 1468/170/114 96/173/117
f 94/168/112 1489/172/116 1466/169/113
f 94/168/112 96/173/117 95/171/115
f 99/174/118 97/175/119 98/176/120
f 99/177/118 98/178/120 100/179/121
f 99/177/118 101/180/122 102/181/123
f 99/177/118 100/179/121 101/180/122
f 99/174/118 102/182/123 97/175/119
f 103/183/124 104/184/125 105/185/126
f 103/186/124 106/187/127 107/188/128
f 103/183/124 108/189/129 104/184/125
f 103/186/124 107/188/128 2033/190/130
f 103/186/124 105/191/126 106/187/127
f 103/183/124 2033/192/130 108/189/129
f 109/193/131 264/194/132 266/195/133
f 109/193/131 266/195/133 1901/196/134
f 109/197/131 110/198/135 264/199/132
f 109/197/131 111/200/136 110/198/135
f 109/197/131 1533/201/137 111/200/136
f 109/197/131 1901/202/134 1533/201/137
f 112/203/138 113/204/139 114/205/140
f 112/206/138 115/207/141 116/208/142
f 112/203/138 114/205/140 117/209/143
f 112/206/138 118/210/144 115/207/141
f 112/206/138 117/211/143 118/210/144
f 112/203/138 116/212/142 113/204/139
f 122/213/145 119/214/146 1441/215/147
f 122/213/145 1441/215/147 120/216/148
f 122/213/145 121/217/149 119/214/146
f 122/218/145 123/219/150 1992/220/151
f 122/213/145 1992/221/151 121/217/149
f 122/218/145 120/222/148 123/219/150
f 124/223/152 1154/224/153 125/225/154
f 124/223/152 126/226/155 1154/224/153
f 124/223/152 125/225/154 127/227/156
f 124/223/152 127/227/156 128/228/157
f 124/223/152 128/228/157 126/226/155
f 129/229/158 130/230/159 131/231/160
f 129/232/158 132/233/161 135/234/162
f 129/232/158 133/235/163 132/233/161
f 129/229/158 131/231/160 133/236/163
f 129/229/158 134/237/164 130/230/159
f 129/229/158 135/238/162 134/237/164
f 138/239/165 1224/240/166 136/241/167
f 138/239/165 137/242/168 1224/240/166
f 138/243/165 139/244/169 140/245/170
f 138/243/165 141/246/171 137/247/168
f 138/239/165 142/248/172 139/249/169
f 138/239/165 136/241/167 142/248/172
f 138/243/165 140/245/170 141/246/171
f 143/250/173 895/251/174 144/252/175
f 143/250/173 145/253/176 1963/254/177
f 143/250/173 1963/254/177 896/255/178
f 143/250/173 896/255/178 895/251/174
f 143/250/173 146/256/179 145/253/176
f 143/250/173 144/252/175 146/256/179
f 147/257/180 148/258/181 149/259/182
f 147/257/180 150/260/183 151/261/184
f 147/257/180 2037/262/185 152/263/186
f 147/257/180 152/263/186 148/258/181
f 147/257/180 151/261/184 2037/262/185
f 147/257/180 149/259/182 150/260/183
f 153/264/187 154/265/188 155/266/189
f 153/264/187 155/266/189 156/267/190
f 153/268/187 156/269/190 157/270/191
f 153/268/187 157/270/191 158/271/192
f 153/268/187 158/271/192 159/272/193
f 153/264/187 159/273/193 154/265/188
f 160/274/194 1238/275/195 1977/276/196
f 160/274/194 1985/277/197 163/278/198
f 160/279/194 161/280/199 162/281/200
f 160/274/194 162/282/200 1238/275/195
f 160/274/194 1977/276/196 1985/277/197
f 160/279/194 163/283/198 161/280/199
f 164/284/201 165/285/202 2082/286/203
f 164/284/201 1444/287/204 1508/288/205
f 164/284/201 1508/288/205 165/285/202
f 164/289/201 166/290/206 1444/291/204
f 164/284/201 2082/286/203 166/292/206
f 168/293/207 167/294/51 172/295/208
f 168/296/207 169/297/209 170/298/210
f 168/293/207 171/299/211 167/294/51
f 168/296/207 172/300/208 169/297/209
f 168/296/207 173/301/212 171/302/211
f 168/296/207 170/298/210 173/301/212
f 174/303/213 175/304/214 176/305/215
f 174/303/213 2011/306/216 177/307/217
f 174/303/213 176/305/215 2011/306/216
f 174/303/213 178/308/218 175/304/214
f 174/309/213 179/310/219 1878/311/220
f 174/303/213 1878/312/220 178/308/218
f 174/309/213 177/313/217 179/310/219
f 180/314/221 181/315/222 182/316/223
f 180/314/221 183/317/224 181/315/222
f 180/314/221 182/316/223 184/318/225
f 180/314/221 1571/319/226 183/317/224
f 180/314/221 184/318/225 1571/319/226
f 185/320/227 186/321/228 187/322/229
f 185/323/227 187/324/229 188/325/230
f 185/320/227 190/326/231 186/321/228
f 185/323/227 188/325/230 189/327/232
f 185/328/227 189/329/232 190/330/231
f 191/331/233 192/332/234 193/333/235
f 191/331/233 194/334/236 192/332/234
f 191/331/233 195/335/237 194/334/236
f 191/331/233 193/333/235 196/336/238
f 191/331/233 196/336/238 197/337/239
f 191/331/233 197/337/239 195/335/237
f 200/338/240 198/339/241 199/340/242
f 200/341/240 201/342/243 202/343/244
f 200/338/240 202/344/244 203/345/245
f 200/346/240 2097/347/246 201/348/243
f 200/338/240 199/340/242 2110/349/247
f 200/338/240 203/345/245 198/339/241
f 200/338/240 2110/349/247 2097/350/246
f 204/351/248 205/352/249 1738/353/250
f 204/351/248 1738/353/250 206/354/251
f 204/351/248 206/354/251 832/355/252
f 204/351/248 832/355/252 207/356/253
f 204/351/248 207/356/253 205/352/249
f 211/357/254 208/358/255 64/359/75
f 211/357/254 209/360/256 210/361/257
f 211/362/254 212/363/258 209/364/256
f 211/357/254 210/361/257 208/358/255
f 211/362/254 2095/365/259 212/363/258
f 211/357/254 64/359/75 2095/366/259
f 213/367/260 1347/368/260 964/369/260
f 213/370/261 964/371/262 214/372/263
f 215/373/264 216/374/265 1982/375/266
f 215/373/264 217/376/267 218/377/268
f 215/373/264 219/378/269 220/379/270
f 215/373/264 218/377/268 216/374/265
f 215/373/264 220/379/270 217/376/267
f 215/373/264 1982/375/266 219/378/269
f 222/380/271 223/381/272 36/69/44
f 222/380/271 35/68/43 221/382/273
f 222/383/271 221/384/273 2052/385/274
f 222/380/271 36/69/44 35/68/43
f 222/383/271 2052/385/274 1385/386/275
f 222/383/271 1385/386/275 223/387/272
f 225/388/276 224/389/277 566/390/278
f 225/391/276 226/392/279 224/393/277
f 225/388/276 227/394/280 1249/395/281
f 225/388/276 228/396/282 227/394/280
f 225/391/276 1249/397/281 226/392/279
f 225/388/276 566/390/278 228/396/282
f 231/398/283 1185/399/284 229/400/285
f 231/398/283 1259/401/286 230/402/287
f 231/403/283 232/404/288 233/405/289
f 231/398/283 230/402/287 1185/399/284
f 231/398/283 233/406/289 1259/401/286
f 231/398/283 229/400/285 232/407/288
f 237/408/290 238/409/291 1263/410/292
f 237/408/290 1726/411/293 234/412/294
f 237/408/290 235/413/295 236/414/296
f 237/408/290 1263/410/292 235/413/295
f 237/415/290 234/416/294 238/417/291
f 237/408/290 236/414/296 1726/411/293
f 239/418/297 1264/419/298 1934/420/299
f 239/418/297 240/421/300 241/422/301
f 239/418/297 1934/420/299 242/423/302
f 239/418/297 241/422/301 1264/419/298
f 239/418/297 242/423/302 240/421/300
f 243/424/303 244/425/304 245/426/305
f 243/424/303 246/427/306 244/425/304
f 243/424/303 245/426/305 247/428/307
f 243/424/303 248/429/308 246/427/306
f 243/424/303 247/428/307 249/430/309
f 243/424/303 249/430/309 248/429/308
f 250/431/310 1541/432/311 1008/433/312
f 250/431/310 251/434/313 252/435/314
f 250/431/310 252/435/314 172/295/208
f 250/431/310 1008/433/312 253/436/315
f 250/431/310 172/295/208 1541/432/311
f 250/431/310 253/436/315 251/434/313
f 254/437/316 255/438/317 256/439/318
f 254/437/316 257/440/319 196/336/238
f 254/437/316 824/441/320 258/442/321
f 254/437/316 256/439/318 257/440/319
f 254/437/316 196/336/238 824/441/320
f 254/437/316 259/443/322 255/438/317
f 254/437/316 258/442/321 259/443/322
f 260/444/323 261/445/324 262/446/325
f 260/444/323 1314/447/326 263/448/327
f 260/444/323 1847/449/328 1625/450/329
f 260/444/323 262/446/325 1847/449/328
f 260/444/323 263/448/327 261/445/324
f 260/444/323 1625/450/329 1314/447/326
f 264/451/132 181/452/222 265/453/330
f 264/199/132 110/198/135 181/454/222
f 264/451/132 265/453/330 2078/455/331
f 264/451/132 2078/455/331 266/456/133
f 267/457/332 268/458/333 269/459/334
f 267/460/332 1572/461/335 270/462/336
f 267/460/332 270/462/336 1980/463/337
f 267/460/332 1980/463/337 2020/464/338
f 267/457/332 2020/465/338 268/458/333
f 267/460/332 269/466/334 1572/461/335
f 271/467/339 346/468/340 430/469/341
f 271/467/339 779/470/342 346/468/340
f 271/467/339 430/469/341 429/471/343
f 271/467/339 429/471/343 1330/472/344
f 271/467/339 272/473/345 779/470/342
f 271/467/339 1330/472/344 2082/474/203
f 271/467/339 2082/474/203 272/473/345
f 273/475/346 1809/476/347 274/477/348
f 273/475/346 553/478/349 1381/479/350
f 273/475/346 1579/480/351 1809/476/347
f 273/475/346 274/477/348 553/478/349
f 273/475/346 1381/479/350 1579/480/351
f 277/481/352 555/482/353 557/483/354
f 277/481/352 275/484/355 276/485/356
f 277/481/352 557/483/354 275/484/355
f 277/486/352 278/487/357 555/488/353
f 277/486/352 2107/489/358 278/487/357
f 277/486/352 276/490/356 2107/489/358
f 279/491/359 321/492/360 280/493/361
f 279/491/359 1149/494/362 281/495/363
f 279/491/359 282/496/364 1149/494/362
f 279/491/359 324/497/365 321/492/360
f 279/491/359 280/493/361 282/496/364
f 279/491/359 281/495/363 324/497/365
f 283/498/366 284/499/367 1561/500/368
f 283/498/366 285/501/369 286/502/370
f 283/498/366 1561/500/368 285/501/369
f 283/498/366 694/503/371 284/499/367
f 283/498/366 286/502/370 287/504/372
f 283/498/366 287/504/372 694/503/371
f 288/505/373 289/506/374 290/507/375
f 288/505/373 290/507/375 1873/508/376
f 288/505/373 1745/509/377 289/506/374
f 288/505/373 291/510/378 1745/509/377
f 288/505/373 2045/511/379 291/510/378
f 288/505/373 1873/508/376 2045/511/379
f 292/512/380 293/513/381 294/514/382
f 292/512/380 294/514/382 298/515/383
f 292/512/380 295/516/384 293/513/381
f 292/512/380 296/517/385 295/516/384
f 292/512/380 297/518/386 296/517/385
f 292/519/380 298/520/383 297/521/386
f 299/522/387 300/523/388 301/524/389
f 299/525/387 302/526/390 305/527/391
f 299/522/387 303/528/392 300/523/388
f 299/522/387 301/524/389 304/529/393
f 299/525/387 304/530/393 302/526/390
f 299/531/387 305/532/391 303/533/392
f 308/534/394 306/535/395 80/143/95
f 308/534/394 80/143/95 307/536/396
f 308/537/394 309/538/397 2000/539/398
f 308/534/394 2000/540/398 306/535/395
f 308/537/394 307/541/396 310/542/399
f 308/537/394 310/542/399 309/538/397
f 313/543/400 316/544/401 311/545/402
f 313/543/400 312/546/403 314/547/404
f 313/548/400 314/549/404 1524/550/405
f 313/548/400 1524/550/405 315/551/406
f 313/543/400 311/545/402 312/546/403
f 313/548/400 315/551/406 316/552/401
f 317/553/407 318/554/408 319/555/409
f 317/553/407 320/556/410 2100/557/411
f 317/553/407 1661/558/412 1863/559/413
f 317/553/407 1863/559/413 318/554/408
f 317/553/407 319/555/409 320/556/410
f 317/553/407 2100/557/411 1661/558/412
f 321/560/360 322/561/414 323/562/415
f 321/560/360 324/563/365 322/561/414
f 321/492/360 325/564/416 280/493/361
f 321/492/360 323/565/415 1136/566/417
f 321/492/360 1136/566/417 325/564/416
f 326/567/418 327/568/419 328/569/420
f 326/567/418 328/569/420 1265/570/421
f 326/567/418 329/571/422 327/568/419
f 326/567/418 1265/570/421 330/572/423
f 326/567/418 330/572/423 2093/573/424
f 326/567/418 2093/573/424 329/571/422
f 331/574/425 503/575/426 504/576/427
f 331/574/425 504/576/427 332/577/428
f 331/574/425 1806/578/429 333/579/430
f 331/580/425 333/581/430 503/582/426
f 331/574/425 334/583/431 1806/578/429
f 331/574/425 332/577/428 334/583/431
f 335/584/432 336/585/433 337/586/434
f 335/584/432 337/586/434 338/587/435
f 335/584/432 339/588/436 336/585/433
f 335/584/432 338/587/435 340/589/437
f 335/584/432 340/589/437 339/588/436
f 342/590/438 776/591/439 341/592/440
f 342/593/438 341/594/440 344/595/441
f 342/596/438 1808/597/442 343/598/443
f 342/596/438 344/599/441 1808/597/442
f 342/600/438 343/601/443 345/602/444
f 342/590/438 345/603/444 776/591/439
f 346/604/340 779/605/342 486/606/445
f 346/468/340 348/607/446 430/469/341
f 346/604/340 486/606/445 347/608/447
f 346/604/340 347/608/447 348/609/446
f 349/610/448 350/611/449 145/612/176
f 349/610/448 351/613/450 350/611/449
f 349/610/448 145/612/176 352/614/451
f 349/615/448 352/616/451 353/617/452
f 349/615/448 353/617/452 354/618/453
f 349/619/448 354/620/453 351/621/450
f 214/372/263 964/371/262 668/622/454
f 214/623/263 355/624/455 2058/625/456
f 214/626/263 668/627/454 667/628/457
f 214/626/263 667/628/457 355/629/455
f 356/630/458 357/631/459 358/632/460
f 356/630/458 359/633/461 360/634/462
f 356/630/458 358/632/460 361/635/463
f 356/630/458 360/634/462 362/636/464
f 356/630/458 362/636/464 357/631/459
f 356/630/458 361/635/463 359/633/461
f 363/637/465 364/638/466 365/639/467
f 363/637/465 366/640/468 364/638/466
f 363/637/465 367/641/469 366/640/468
f 363/637/465 368/642/470 369/643/471
f 363/637/465 369/643/471 367/641/469
f 363/637/465 365/639/467 368/642/470
f 374/644/472 370/645/473 436/646/474
f 374/644/472 1722/647/475 370/645/473
f 374/648/472 371/649/476 372/650/477
f 374/644/472 372/651/477 1722/647/475
f 374/648/472 373/652/478 371/649/476
f 374/653/472 436/654/474 373/655/478
f 379/656/479 375/657/480 376/658/481
f 379/656/479 377/659/482 378/660/483
f 379/656/479 378/660/483 375/657/480
f 379/661/479 380/662/484 377/663/482
f 379/656/479 376/658/481 381/664/485
f 379/661/479 381/665/485 380/662/484
f 383/666/486 700/667/487 385/668/488
f 383/669/489 382/670/489 700/671/489
f 383/672/486 387/673/490 384/674/491
f 383/675/486 385/676/488 386/677/492
f 383/672/486 384/674/491 382/678/493
f 383/675/486 386/677/492 387/679/490
f 388/680/494 389/681/495 1693/682/496
f 388/680/494 1364/683/497 89/684/104
f 388/680/494 89/684/104 90/685/105
f 388/680/494 90/685/105 2099/686/498
f 388/680/494 1693/682/496 1364/683/497
f 388/680/494 2099/686/498 389/681/495
f 394/687/499 390/688/500 391/689/501
f 394/687/499 392/690/502 393/691/503
f 394/692/499 395/693/504 392/694/502
f 394/687/499 396/695/505 390/688/500
f 394/692/499 391/696/501 395/693/504
f 394/687/499 393/691/503 396/695/505
f 397/697/506 398/698/507 2112/699/508
f 397/700/506 399/701/509 1955/702/510
f 397/700/506 400/703/511 399/701/509
f 397/697/506 2112/699/508 2113/704/512
f 397/700/506 2113/705/512 400/703/511
f 397/700/506 1955/702/510 398/706/507
f 401/707/513 175/304/214 178/308/218
f 401/707/513 402/708/514 175/304/214
f 401/707/513 178/308/218 1877/709/515
f 401/707/513 403/710/516 404/711/517
f 401/707/513 404/711/517 402/708/514
f 401/707/513 1877/709/515 403/710/516
f 405/712/518 406/713/519 530/714/520
f 405/712/518 407/715/521 406/713/519
f 405/716/518 408/717/522 1978/718/523
f 405/716/518 1978/718/523 1304/719/524
f 405/712/518 409/720/525 407/715/521
f 405/716/518 530/721/520 2064/722/526
f 405/716/518 2064/722/526 408/717/522
f 405/716/518 1304/719/524 409/723/525
f 410/724/527 1603/725/528 1606/726/529
f 410/724/527 411/727/530 412/728/531
f 410/724/527 412/728/531 413/729/532
f 410/724/527 1606/726/529 414/730/533
f 410/724/527 413/729/532 1603/725/528
f 410/724/527 414/730/533 411/727/530
f 415/731/534 416/732/535 417/733/536
f 415/731/534 1979/734/537 1045/735/538
f 415/731/534 1045/735/538 418/736/539
f 415/731/534 418/736/539 419/737/540
f 415/731/534 417/733/536 420/738/541
f 415/731/534 420/738/541 1979/734/537
f 415/731/534 419/737/540 416/732/535
f 421/739/542 422/740/543 2084/741/544
f 421/742/542 2084/743/544 423/744/545
f 421/739/542 424/745/546 422/740/543
f 421/739/542 426/746/547 424/745/546
f 421/742/542 423/744/545 425/747/548
f 421/742/542 425/747/548 426/748/547
f 428/749/549 430/750/341 348/751/446
f 428/749/549 348/751/446 427/752/550
f 428/753/549 429/754/343 430/755/341
f 428/753/549 431/756/551 432/757/552
f 428/749/549 427/752/550 431/758/551
f 428/753/549 432/757/552 429/754/343
f 433/759/553 1795/760/554 1810/761/555
f 433/762/553 1810/763/555 434/764/556
f 433/765/557 437/766/557 436/767/557
f 433/759/553 435/768/558 1795/760/554
f 433/759/553 436/769/474 435/768/558
f 433/762/553 434/764/556 437/770/559
f 438/771/560 439/772/561 440/773/562
f 438/771/560 1741/774/563 441/775/564
f 438/771/560 441/775/564 439/772/561
f 438/776/560 442/777/565 443/778/566
f 438/776/560 440/779/562 442/777/565
f 438/776/560 443/778/566 1741/780/563
f 444/781/567 445/782/568 446/783/569
f 444/781/567 1214/784/570 447/785/571
f 444/781/567 1215/786/572 1214/784/570
f 444/781/567 447/785/571 445/782/568
f 444/781/567 448/787/573 1215/786/572
f 444/781/567 446/783/569 448/787/573
f 449/788/574 450/789/575 451/790/576
f 449/788/574 451/790/576 452/791/577
f 449/788/574 453/792/578 454/793/579
f 449/788/574 454/793/579 450/789/575
f 449/788/574 452/791/577 453/792/578
f 458/794/580 455/795/581 456/796/582
f 458/794/580 457/797/583 461/798/584
f 458/799/580 459/800/585 460/801/586
f 458/794/580 456/796/582 457/797/583
f 458/794/580 460/802/586 455/795/581
f 458/799/580 461/803/584 462/804/587
f 458/799/580 462/804/587 459/800/585
f 463/805/588 302/526/390 464/806/589
f 463/805/588 1804/807/590 466/808/591
f 463/805/588 464/806/589 465/809/592
f 463/805/588 465/809/592 1804/807/590
f 463/810/588 466/811/591 305/532/391
f 463/805/588 305/527/391 302/526/390
f 467/812/593 468/813/594 469/814/595
f 467/812/593 974/815/596 470/816/597
f 467/817/598 1949/818/598 974/819/598
f 467/812/593 469/814/595 471/820/599
f 467/812/593 471/820/599 1949/821/600
f 467/812/593 470/816/597 468/813/594
f 474/822/601 472/823/602 473/824/603
f 474/825/601 473/826/603 475/827/604
f 474/822/601 476/828/605 472/823/602
f 474/825/601 475/827/604 477/829/606
f 480/830/607 478/831/608 479/832/609
f 480/833/607 483/834/610 481/835/611
f 480/833/607 481/835/611 478/836/608
f 480/830/607 479/832/609 482/837/612
f 480/830/607 1212/838/613 483/839/610
f 480/830/607 482/837/612 1212/838/613
f 484/840/614 1879/841/615 17/32/22
f 484/840/614 17/32/22 1842/34/20
f 484/842/614 2071/843/616 298/520/383
f 484/842/614 298/520/383 1948/844/617
f 484/842/614 1842/845/20 2071/843/616
f 484/840/614 1948/846/617 1879/841/615
f 485/847/618 486/848/445 1587/849/619
f 485/847/618 487/850/620 347/851/447
f 485/847/618 347/851/447 486/848/445
f 485/847/618 1586/852/621 488/853/622
f 485/847/618 488/853/622 487/850/620
f 485/847/618 1587/849/619 1586/852/621
f 489/854/623 567/855/624 490/856/625
f 489/854/623 491/857/626 492/858/627
f 489/854/623 492/858/627 493/859/628
f 489/854/623 494/860/629 567/855/624
f 489/854/623 490/856/625 491/857/626
f 489/854/623 493/859/628 494/860/629
f 495/861/630 496/862/631 497/863/632
f 495/861/630 498/864/633 496/862/631
f 495/865/630 499/866/634 500/867/635
f 495/861/630 501/868/636 498/864/633
f 495/865/630 497/869/632 499/866/634
f 495/865/630 500/867/635 501/870/636
f 503/582/426 502/871/637 1664/872/638
f 503/582/426 333/581/430 502/871/637
f 503/873/426 505/874/639 504/875/427
f 503/582/426 1664/872/638 505/876/639
f 506/877/640 510/878/641 507/879/642
f 506/880/640 508/881/643 509/882/644
f 506/883/640 509/884/644 510/885/641
f 506/880/640 872/886/645 508/881/643
f 506/880/640 507/887/642 872/886/645
f 512/888/646 511/889/101 804/890/647
f 512/891/646 804/892/647 513/893/648
f 512/891/646 513/893/648 1998/894/649
f 512/891/646 1998/894/649 514/895/102
f 512/888/646 514/896/102 511/889/101
f 515/897/650 516/898/651 517/899/652
f 515/897/650 518/900/653 519/901/654
f 515/897/650 517/899/652 518/900/653
f 515/897/650 519/901/654 376/902/481
f 515/903/650 376/658/481 520/904/655
f 515/897/650 520/905/655 516/898/651
f 521/906/656 522/907/657 523/908/658
f 521/906/656 524/909/659 525/910/660
f 521/906/656 525/910/660 526/911/661
f 521/906/656 526/911/661 527/912/662
f 521/906/656 523/908/658 524/909/659
f 521/906/656 527/912/662 522/907/657
f 528/913/663 529/914/664 1276/915/665
f 528/913/663 530/916/520 529/914/664
f 528/913/663 1276/915/665 1662/917/666
f 528/913/663 1662/917/666 530/916/520
f 533/918/667 531/919/668 532/920/669
f 533/921/667 1633/922/670 534/923/671
f 533/918/667 532/920/669 1633/924/670
f 533/918/667 535/925/672 531/919/668
f 533/926/667 534/927/671 535/928/672
f 536/929/673 148/258/181 537/930/674
f 536/929/673 537/930/674 258/931/321
f 536/929/673 538/932/675 148/258/181
f 536/933/673 539/934/676 540/935/677
f 536/929/673 258/931/321 539/936/676
f 536/929/673 540/937/677 538/932/675
f 541/938/678 542/939/679 543/940/680
f 541/938/678 544/941/681 545/942/682
f 541/938/678 906/943/683 544/941/681
f 541/938/678 545/942/682 542/939/679
f 541/938/678 543/940/680 906/943/683
f 546/944/684 1759/945/685 547/946/686
f 546/944/684 1237/947/687 1759/945/685
f 546/944/684 1460/948/688 548/949/689
f 546/944/684 549/950/690 1237/947/687
f 546/944/684 547/946/686 1460/948/688
f 546/944/684 548/949/689 549/950/690
f 550/951/691 1142/952/692 551/953/693
f 550/951/691 552/954/694 1381/955/350
f 550/951/691 553/956/349 1142/952/692
f 550/951/691 554/957/695 552/954/694
f 550/951/691 1381/955/350 553/956/349
f 550/951/691 551/953/693 554/957/695
f 555/958/353 556/959/696 557/960/354
f 555/488/353 278/487/357 558/961/697
f 555/962/698 558/963/698 559/964/698
f 555/958/353 559/965/699 556/959/696
f 560/966/700 561/967/701 562/968/702
f 560/969/700 564/970/703 561/971/701
f 560/972/700 563/973/704 564/974/703
f 560/966/700 1613/975/705 563/976/704
f 560/966/700 562/968/702 1613/975/705
f 224/393/277 226/392/279 565/977/706
f 224/978/277 1852/979/707 21/40/26
f 224/978/277 565/980/706 1852/979/707
f 224/981/277 21/44/26 566/982/278
f 567/983/624 568/984/708 490/985/625
f 567/986/624 569/987/709 570/988/710
f 567/983/624 570/989/710 568/984/708
f 567/986/624 494/990/629 569/987/709
f 571/991/711 104/184/125 572/992/712
f 571/991/711 2056/993/713 105/185/126
f 571/991/711 105/185/126 104/184/125
f 571/991/711 573/994/714 2056/993/713
f 571/991/711 572/992/712 574/995/715
f 571/991/711 574/995/715 573/994/714
f 575/996/716 1928/997/717 576/998/718
f 575/996/716 578/999/719 1928/997/717
f 575/1000/716 580/1001/720 577/1002/721
f 575/1000/716 577/1002/721 578/1003/719
f 575/996/716 579/1004/722 580/1005/720
f 575/996/716 576/998/718 579/1004/722
f 584/1006/723 581/1007/724 582/1008/725
f 584/1006/723 583/1009/726 581/1007/724
f 584/1010/723 585/1011/727 583/1012/726
f 584/1010/723 586/1013/728 1343/1014/729
f 584/1010/723 1343/1014/729 585/1011/727
f 584/1006/723 582/1008/725 586/1015/728
f 587/1016/730 588/1017/731 589/1018/732
f 587/1016/730 590/1019/733 1402/1020/734
f 587/1016/730 589/1018/732 454/793/579
f 587/1016/730 453/792/578 590/1019/733
f 587/1016/730 454/793/579 453/792/578
f 587/1016/730 1402/1020/734 588/1017/731
f 592/1021/735 457/797/583 591/1022/736
f 592/1023/735 593/1024/737 1904/1025/738
f 592/1023/735 594/1026/739 593/1024/737
f 592/1021/735 595/1027/740 457/797/583
f 592/1023/735 591/1028/736 594/1026/739
f 592/1021/735 1904/1029/738 595/1027/740
f 598/1030/741 596/1031/742 601/1032/743
f 598/1030/741 597/1033/744 596/1031/742
f 598/1034/741 599/1035/745 133/235/163
f 598/1030/741 600/1036/746 597/1033/744
f 598/1034/741 1309/1037/747 600/1038/746
f 598/1034/741 133/235/163 1309/1037/747
f 598/1034/741 601/1039/743 599/1035/745
f 602/1040/748 603/1041/749 55/1042/65
f 602/1040/748 55/1042/65 60/1043/69
f 602/1040/748 604/1044/750 603/1041/749
f 602/1040/748 1506/1045/751 604/1044/750
f 602/1040/748 60/1043/69 2090/1046/752
f 602/1040/748 2090/1046/752 1506/1045/751
f 605/1047/753 606/1048/754 609/1049/755
f 605/1050/753 608/1051/756 606/1052/754
f 605/1053/753 607/1054/757 608/1055/756
f 605/1056/753 609/1057/755 610/1058/758
f 605/1053/753 2089/1059/759 607/1054/757
f 605/1053/753 610/1060/758 2089/1059/759
f 611/1061/760 612/1062/761 613/1063/762
f 611/1064/760 614/1065/763 612/1066/761
f 611/1064/760 190/326/231 615/1067/764
f 611/1064/760 744/1068/765 190/326/231
f 611/1064/760 615/1067/764 614/1065/763
f 611/1064/760 613/1069/762 744/1068/765
f 616/1070/766 1328/1071/767 617/1072/768
f 616/1070/766 1910/1073/769 748/1074/770
f 616/1070/766 748/1074/770 618/1075/771
f 616/1070/766 617/1072/768 1910/1073/769
f 616/1070/766 618/1075/771 619/1076/772
f 616/1070/766 619/1076/772 1328/1071/767
f 623/1077/773 620/1078/773 1162/1079/773
f 623/1080/774 621/1081/775 622/1082/776
f 623/1083/777 1162/1084/778 624/1085/779
f 623/1080/774 622/1082/776 620/1086/780
f 625/1087/781 626/1088/782 627/1089/783
f 625/1087/781 688/1090/784 1211/1091/785
f 625/1087/781 627/1089/783 688/1090/784
f 625/1087/781 628/1092/786 629/1093/787
f 625/1087/781 629/1093/787 626/1088/782
f 625/1087/781 1211/1091/785 628/1092/786
f 630/1094/788 631/1095/789 1573/1096/790
f 630/1094/788 1572/1097/335 269/1098/334
f 630/1094/788 1573/1096/790 1572/1097/335
f 630/1094/788 269/1098/334 632/1099/791
f 630/1100/788 632/1101/791 631/1102/789
f 633/1103/792 634/1104/793 1489/172/116
f 633/1105/792 1777/1106/794 634/1107/793
f 633/1103/792 95/171/115 635/1108/795
f 633/1109/792 635/1110/795 1778/1111/796
f 633/1103/792 1489/172/116 95/171/115
f 633/1109/792 1778/1111/796 1777/1112/794
f 636/1113/797 1003/1114/798 637/1115/799
f 636/1113/797 638/1116/800 639/1117/801
f 636/1113/797 637/1115/799 640/1118/802
f 636/1113/797 639/1117/801 1003/1114/798
f 636/1113/797 640/1118/802 638/1116/800
f 641/1119/803 2016/1120/804 1932/1121/805
f 641/1122/803 2017/1123/806 2016/1124/804
f 641/1119/803 1932/1121/805 2024/1125/807
f 644/1126/808 643/1127/809 642/1128/810
f 644/1129/808 646/1130/811 643/1131/809
f 644/1132/808 1983/1133/812 385/668/488
f 644/1132/808 385/668/488 645/1134/813
f 644/1126/808 642/1128/810 1983/1135/812
f 644/1136/808 645/1137/813 646/1138/811
f 647/1139/814 648/1140/815 649/1141/816
f 647/1142/814 650/1143/817 651/1144/818
f 647/1142/814 652/1145/819 650/1143/817
f 647/1139/814 649/1141/816 653/1146/820
f 647/1142/814 651/1144/818 648/1147/815
f 647/1139/814 653/1146/820 652/1148/819
f 658/1149/821 654/1150/822 655/1151/823
f 658/1152/821 656/1153/824 657/1154/825
f 658/1155/821 657/1156/825 654/1157/822
f 658/1152/821 655/1158/823 393/691/503
f 658/1152/821 393/691/503 656/1153/824
f 659/1159/826 921/1160/827 660/1161/828
f 659/1159/826 660/1161/828 661/1162/829
f 659/1159/826 1995/1163/830 1434/1164/831
f 659/1159/826 661/1162/829 1995/1163/830
f 659/1159/826 1434/1164/831 921/1160/827
f 662/1165/832 402/708/514 336/585/433
f 662/1165/832 2011/306/216 176/305/215
f 662/1165/832 176/305/215 663/1166/833
f 662/1165/832 336/585/433 339/588/436
f 662/1165/832 663/1166/833 402/708/514
f 662/1165/832 664/1167/834 2011/306/216
f 662/1165/832 339/588/436 664/1167/834
f 665/1168/835 1290/1169/836 1537/1170/837
f 665/1168/835 666/1171/838 667/1172/457
f 665/1168/835 1607/1173/839 666/1171/838
f 665/1168/835 963/1174/840 1290/1169/836
f 665/1168/835 668/1175/454 963/1174/840
f 665/1168/835 1537/1170/837 1607/1173/839
f 665/1168/835 667/1172/457 668/1175/454
f 669/1176/841 1227/1177/842 2025/1178/843
f 669/1176/841 670/1179/844 671/1180/845
f 669/1181/841 674/1182/846 672/1183/847
f 669/1176/841 2025/1178/843 670/1179/844
f 669/1176/841 673/1184/848 674/1185/846
f 669/1176/841 672/1186/847 1227/1177/842
f 669/1176/841 671/1180/845 673/1184/848
f 675/1187/849 459/800/585 676/1188/850
f 675/1187/849 677/1189/851 459/800/585
f 675/1187/849 676/1188/850 678/1190/852
f 675/1187/849 1230/1191/853 419/737/540
f 675/1187/849 678/1190/852 1231/1192/854
f 675/1187/849 1231/1192/854 1230/1191/853
f 675/1187/849 419/737/540 677/1189/851
f 154/265/188 1746/1193/855 679/1194/856
f 154/265/188 679/1194/856 155/266/189
f 154/265/188 159/273/193 1746/1193/855
f 680/1195/857 1749/1196/858 681/1197/859
f 680/1198/857 682/1199/860 722/1200/861
f 680/1195/857 722/1201/861 1749/1196/858
f 683/1202/862 1761/1203/863 624/1085/779
f 683/1204/862 352/616/451 684/1205/864
f 683/1204/862 1162/1206/778 353/617/452
f 683/1204/862 353/617/452 352/616/451
f 683/1202/862 684/1207/864 1761/1203/863
f 683/1202/862 624/1085/779 1162/1084/778
f 687/1208/865 685/1209/866 686/1210/867
f 687/1211/865 688/1212/784 689/1213/868
f 687/1211/865 686/1214/867 465/809/592
f 687/1208/865 689/1215/868 685/1209/866
f 687/1211/865 465/809/592 690/1216/869
f 687/1211/865 690/1216/869 688/1212/784
f 357/1217/459 1719/1218/870 691/1219/871
f 357/631/459 692/1220/872 358/632/460
f 357/1217/459 691/1219/871 693/1221/873
f 357/1217/459 362/1222/464 1719/1218/870
f 357/1217/459 693/1221/873 692/1223/872
f 698/1224/874 1458/1225/875 694/1226/371
f 698/1224/874 695/1227/876 699/1228/877
f 698/1224/874 696/1229/878 697/1230/879
f 698/1231/874 699/1232/877 696/1233/878
f 698/1224/874 697/1230/879 1458/1225/875
f 698/1224/874 1966/1234/880 695/1227/876
f 698/1224/874 694/1226/371 1966/1234/880
f 701/1235/881 700/1236/487 382/1237/493
f 701/1238/881 382/678/493 702/1239/882
f 701/1235/881 703/1240/883 700/1236/487
f 701/1235/881 704/1241/884 703/1240/883
f 707/1242/885 705/1243/886 706/1244/887
f 707/1245/885 1898/1246/888 708/1247/889
f 707/1245/885 709/1248/890 1898/1246/888
f 707/1242/885 706/1244/887 709/1249/890
f 707/1242/885 710/1250/891 705/1243/886
f 707/1245/885 708/1247/889 710/1251/891
f 711/1252/892 1921/1253/893 1755/1254/894
f 711/1252/892 1755/1254/894 1952/1255/895
f 711/1252/892 1502/1256/896 1503/1257/897
f 711/1252/892 1503/1257/897 1921/1253/893
f 711/1252/892 1952/1255/895 1502/1256/896
f 712/1258/898 713/1259/899 714/1260/900
f 712/1258/898 715/1261/901 1666/1262/902
f 712/1258/898 1666/1262/902 1665/1263/903
f 712/1258/898 1665/1263/903 713/1259/899
f 712/1258/898 714/1260/900 715/1261/901
f 716/1264/904 717/1265/905 718/1266/906
f 716/1264/904 719/1267/907 720/1268/908
f 716/1264/904 720/1268/908 721/1269/909
f 716/1264/904 721/1269/909 717/1265/905
f 716/1264/904 722/1270/861 719/1267/907
f 716/1264/904 718/1266/906 722/1270/861
f 725/1271/910 723/1272/911 969/1273/912
f 725/1271/910 230/402/287 724/1274/913
f 725/1271/910 2010/1275/914 1912/1276/915
f 725/1271/910 1912/1276/915 230/402/287
f 725/1271/910 724/1274/913 723/1272/911
f 725/1277/916 969/1278/916 2010/1279/916
f 727/1280/917 729/1281/918 726/1282/919
f 727/1283/917 728/1284/920 729/1285/918
f 727/1283/917 2076/1286/921 728/1284/920
f 730/1287/922 731/1288/923 732/1289/924
f 730/1287/922 733/1290/925 731/1288/923
f 730/1291/922 735/1292/926 413/729/532
f 730/1287/922 734/1293/927 733/1290/925
f 730/1291/922 413/729/532 734/1294/927
f 730/1287/922 732/1289/924 735/1295/926
f 737/1296/928 866/1297/929 738/1298/930
f 737/1296/928 736/1299/931 866/1297/929
f 737/1300/928 738/1301/930 66/1302/932
f 739/1303/933 740/1304/934 741/1305/935
f 739/1306/933 1320/1307/936 1765/1308/937
f 739/1303/933 741/1305/935 1672/1309/938
f 739/1303/933 1765/1310/937 740/1304/934
f 739/1306/933 1672/1311/938 1320/1307/936
f 742/1312/939 79/140/87 78/139/92
f 742/1312/939 743/1313/940 79/140/87
f 742/1312/939 744/1314/765 613/1063/762
f 742/1312/939 78/139/92 744/1314/765
f 742/1312/939 613/1063/762 743/1313/940
f 745/1315/941 746/1316/942 84/148/97
f 745/1315/941 1910/1317/769 747/1318/943
f 745/1315/941 748/1319/770 1910/1317/769
f 745/1315/941 84/148/97 748/1319/770
f 745/1315/941 747/1318/943 746/1316/942
f 749/1320/944 752/1321/945 750/1322/946
f 749/1323/944 751/1324/947 1935/1325/948
f 749/1323/944 1935/1325/948 752/1326/945
f 749/1320/944 750/1322/946 751/1327/947
f 753/1328/949 646/1138/811 754/1329/950
f 753/1328/949 754/1329/950 755/1330/951
f 753/1331/949 558/961/697 756/1332/952
f 753/1331/949 756/1332/952 646/1130/811
f 753/1331/949 757/1333/953 558/961/697
f 753/1331/949 755/1334/951 757/1333/953
f 758/1335/954 1196/1336/955 759/1337/956
f 758/1338/954 1865/1339/957 760/1340/958
f 758/1335/954 759/1337/956 761/1341/959
f 758/1338/954 762/1342/960 1865/1339/957
f 758/1335/954 760/1343/958 1196/1336/955
f 758/1335/954 761/1341/959 762/1344/960
f 764/1345/961 763/1346/961 1536/1347/961
f 764/1348/962 765/1349/963 766/1350/964
f 764/1348/962 767/1351/965 768/1352/966
f 764/1348/962 1536/1353/967 1226/1354/968
f 764/1348/962 766/1350/964 763/1355/969
f 764/1348/962 1226/1354/968 767/1351/965
f 764/1348/962 768/1352/966 765/1349/963
f 769/1356/970 772/1357/971 770/1358/972
f 769/1359/970 1670/1360/973 1451/1361/974
f 769/1359/970 1451/1361/974 771/1362/975
f 769/1359/970 771/1362/975 772/1363/971
f 769/1359/970 773/1364/976 1670/1360/973
f 769/1359/970 770/1365/972 774/1366/977
f 769/1359/970 774/1366/977 775/1367/978
f 769/1359/970 775/1367/978 773/1364/976
f 776/1368/979 777/1369/979 1841/1370/979
f 776/1371/439 15/26/19 341/594/440
f 776/1371/439 1841/1372/980 15/26/19
f 776/1373/439 345/602/444 777/1374/981
f 779/470/342 272/473/345 778/1375/982
f 779/1376/983 778/1377/983 780/1378/983
f 779/1379/342 780/1380/984 486/848/445
f 350/611/449 351/613/450 781/1381/985
f 350/611/449 674/1182/846 1963/1382/177
f 350/611/449 1963/1382/177 145/612/176
f 350/611/449 781/1381/985 674/1182/846
f 785/1383/986 782/1384/987 783/1385/988
f 785/1383/986 783/1385/988 784/1386/989
f 785/1387/986 786/1388/990 787/1389/991
f 785/1383/986 787/1390/991 782/1384/987
f 785/1387/986 788/1391/992 786/1388/990
f 785/1383/986 784/1386/989 788/1392/992
f 789/1393/993 790/1394/994 2105/1395/995
f 789/1393/993 2007/1396/996 791/1397/997
f 789/1393/993 792/1398/998 2007/1396/996
f 789/1393/993 791/1397/997 790/1394/994
f 789/1393/993 2105/1395/995 792/1398/998
f 793/1399/999 119/214/146 121/217/149
f 793/1399/999 1507/1400/1000 119/214/146
f 793/1401/999 1509/1402/1001 1507/1403/1000
f 793/1404/999 121/1405/149 702/1406/882
f 793/1401/999 794/1407/1002 1509/1402/1001
f 793/1404/999 702/1406/882 794/1408/1002
f 496/862/631 795/1409/1003 497/863/632
f 496/862/631 498/864/633 796/1410/1004
f 496/862/631 1969/1411/1005 1881/1412/1006
f 496/862/631 796/1410/1004 1969/1411/1005
f 496/862/631 1881/1412/1006 795/1409/1003
f 797/1413/1007 798/1414/37 1875/1415/1008
f 797/1413/1007 1247/1416/1009 32/1417/38
f 797/1413/1007 1875/1415/1008 799/1418/1010
f 797/1413/1007 1437/1419/1011 1247/1416/1009
f 797/1413/1007 799/1418/1010 1437/1419/1011
f 797/1413/1007 32/1417/38 798/1414/37
f 801/1420/1012 800/1421/1013 1438/1422/1014
f 801/1423/1012 1000/1424/1015 892/1425/1016
f 801/1423/1012 1438/1426/1014 802/1427/1017
f 801/1423/1012 802/1427/1017 1000/1424/1015
f 801/1420/1012 803/1428/1018 800/1421/1013
f 801/1423/1012 892/1425/1016 803/1429/1018
f 511/1430/1019 88/1431/1019 804/1432/1019
f 805/1433/1020 1018/1434/1021 806/1435/1022
f 805/1436/1020 807/1437/1023 809/1438/1024
f 805/1433/1020 516/898/651 1272/1439/1025
f 805/1433/1020 1272/1439/1025 808/1440/1026
f 805/1433/1020 809/1441/1024 1018/1434/1021
f 805/1433/1020 808/1440/1026 807/1442/1023
f 805/1433/1020 806/1435/1022 516/898/651
f 810/1443/1027 811/1444/1028 812/1445/1029
f 810/1446/1027 132/233/161 813/1447/1030
f 810/1443/1027 813/1448/1030 811/1444/1028
f 810/1443/1027 812/1445/1029 135/238/162
f 810/1446/1027 135/234/162 132/233/161
f 603/1041/749 604/1044/750 768/1352/966
f 603/1041/749 814/1449/1031 815/1450/1032
f 603/1041/749 815/1450/1032 55/1042/65
f 603/1041/749 768/1352/966 814/1449/1031
f 816/1451/1033 1324/1452/1034 817/1453/1035
f 816/1451/1033 531/919/668 818/1454/1036
f 816/1451/1033 818/1454/1036 1324/1452/1034
f 816/1451/1033 817/1453/1035 819/1455/1037
f 816/1451/1033 532/920/669 531/919/668
f 816/1451/1033 819/1455/1037 532/920/669
f 821/1456/1038 824/441/320 193/333/235
f 821/1456/1038 193/333/235 820/1457/1039
f 821/1458/1038 822/1459/1040 823/1460/1041
f 821/1458/1038 823/1460/1041 824/1461/320
f 821/1456/1038 820/1457/1039 825/1462/1042
f 821/1458/1038 825/1463/1042 822/1459/1040
f 826/1464/1043 827/1465/1044 828/1466/1045
f 826/1464/1043 829/1467/1046 827/1465/1044
f 826/1464/1043 201/1468/243 829/1467/1046
f 826/1469/1043 202/343/244 201/342/243
f 826/1464/1043 828/1466/1045 830/1470/1047
f 826/1469/1043 830/1471/1047 202/343/244
f 831/1472/1048 2087/1473/1049 983/1474/1050
f 831/1472/1048 832/1475/252 2087/1473/1049
f 831/1472/1048 833/1476/1051 832/1475/252
f 835/1477/1052 1476/1478/1053 837/1479/1054
f 835/1477/1052 1202/1480/1055 834/1481/1056
f 835/1482/1052 210/361/257 836/1483/1057
f 835/1484/1052 836/1485/1057 736/1486/931
f 835/1477/1052 834/1481/1056 1476/1478/1053
f 835/1482/1052 837/1487/1054 210/361/257
f 439/772/561 838/1488/1058 440/773/562
f 439/772/561 441/775/564 839/1489/1059
f 439/772/561 840/1490/1060 838/1488/1058
f 439/772/561 839/1489/1059 840/1490/1060
f 841/1491/1061 1297/1492/1062 842/1493/1063
f 841/1494/1061 1434/1495/831 844/1496/1064
f 841/1491/1061 843/1497/1065 1297/1492/1062
f 841/1491/1061 844/1498/1064 1647/1499/1066
f 841/1491/1061 842/1493/1063 1434/1500/831
f 841/1491/1061 1647/1499/1066 843/1497/1065
f 845/1501/1067 2117/1502/1068 846/1503/1069
f 845/1504/1067 847/1505/1070 2117/1506/1068
f 845/1501/1067 848/1507/1071 849/1508/1072
f 845/1504/1067 849/1509/1072 850/1510/1073
f 845/1504/1067 850/1510/1073 847/1505/1070
f 845/1501/1067 846/1503/1069 848/1507/1071
f 851/1511/1074 852/1512/1075 855/1513/1076
f 851/1514/1074 1729/1515/1077 853/1516/1078
f 851/1514/1074 854/1517/1079 856/1518/1080
f 851/1514/1074 853/1516/1078 854/1517/1079
f 851/1514/1074 855/1519/1076 1729/1515/1077
f 851/1511/1074 856/1520/1080 852/1512/1075
f 863/1521/1081 864/1522/1082 857/1523/1083
f 863/1524/1081 858/1525/1084 859/1526/1085
f 863/1527/1081 861/1528/1086 858/1529/1084
f 863/1530/1081 859/1531/1085 860/1532/1087
f 863/1521/1081 857/1523/1083 861/1533/1086
f 863/1530/1081 860/1532/1087 862/1534/1088
f 863/1535/1081 862/1536/1088 864/1537/1082
f 865/1538/1089 866/1539/929 868/1540/1090
f 865/1538/1089 867/1541/1091 866/1539/929
f 865/1542/1089 868/1543/1090 869/1544/1092
f 870/1545/1093 1394/1546/1094 1769/1547/1095
f 870/1545/1093 871/1548/1096 1399/1549/1097
f 870/1545/1093 1399/1549/1097 1394/1546/1094
f 870/1545/1093 872/1550/645 871/1548/1096
f 870/1545/1093 1769/1547/1095 872/1550/645
f 874/1551/1098 390/688/500 873/1552/1099
f 874/1553/1098 873/1554/1099 875/1555/1100
f 874/1553/1098 876/1556/1101 2019/1557/1102
f 874/1553/1098 875/1555/1100 876/1556/1101
f 874/1553/1098 2019/1557/1102 391/696/501
f 874/1551/1098 391/689/501 390/688/500
f 880/1558/1103 882/1559/1104 877/1560/1105
f 880/1558/1103 877/1560/1105 878/1561/1106
f 880/1562/1103 127/227/156 879/1563/1107
f 880/1564/1103 879/1565/1107 881/1566/1108
f 880/1567/1109 881/1568/1109 882/1569/1109
f 880/1562/1103 878/1570/1106 128/228/157
f 880/1562/1103 128/228/157 127/227/156
f 883/1571/1110 1915/1572/1111 884/1573/1112
f 883/1571/1110 885/1574/1113 886/1575/1114
f 883/1571/1110 884/1573/1112 759/1576/956
f 883/1571/1110 887/1577/1115 885/1574/1113
f 883/1571/1110 759/1576/956 887/1577/1115
f 883/1571/1110 886/1575/1114 1915/1572/1111
f 888/1578/1116 890/1579/1116 892/1580/1116
f 888/1581/1117 142/248/172 889/1582/1118
f 888/1583/1117 889/1584/1118 890/1585/1119
f 888/1581/1117 891/1586/1120 1411/1587/1121
f 888/1588/1117 892/1589/1016 891/1590/1120
f 888/1581/1117 1411/1587/1121 142/248/172
f 893/1591/1122 895/251/174 896/255/178
f 893/1592/1122 894/1593/1123 895/1594/174
f 893/1592/1122 61/110/70 56/103/66
f 893/1592/1122 896/1595/178 61/110/70
f 893/1592/1122 56/103/66 815/1596/1032
f 893/1592/1122 815/1596/1032 894/1593/1123
f 897/1597/1124 1417/1598/1125 898/1599/1126
f 897/1597/1124 899/1600/1127 900/1601/1128
f 897/1597/1124 898/1599/1126 901/1602/1129
f 897/1597/1124 900/1601/1128 1234/1603/1130
f 897/1597/1124 901/1602/1129 899/1600/1127
f 897/1597/1124 1234/1603/1130 1417/1598/1125
f 902/1604/1131 282/496/364 903/1605/1132
f 902/1604/1131 904/1606/1133 1685/1607/1134
f 902/1608/1131 905/1609/1135 904/1610/1133
f 902/1604/1131 903/1605/1132 906/1611/683
f 902/1604/1131 1685/1607/1134 282/496/364
f 902/1608/1131 906/943/683 905/1609/1135
f 908/1612/1136 907/1613/1137 41/74/47
f 908/1614/1136 909/1615/1138 910/1616/1139
f 908/1612/1136 41/74/47 44/78/49
f 908/1612/1136 910/1617/1139 911/1618/1140
f 908/1612/1136 911/1618/1140 907/1613/1137
f 908/1614/1136 912/1619/1141 909/1615/1138
f 908/1612/1136 44/78/49 912/1620/1141
f 913/1621/1142 1617/1622/1143 435/768/558
f 913/1623/1142 370/645/473 914/1624/1144
f 913/1623/1142 914/1624/1144 704/1625/884
f 913/1623/1142 704/1625/884 1617/1626/1143
f 913/1621/1142 435/768/558 436/769/474
f 913/1623/1142 436/646/474 370/645/473
f 445/782/568 219/1627/269 2096/1628/1145
f 445/782/568 447/785/571 219/1627/269
f 445/782/568 915/1629/1146 446/783/569
f 445/782/568 2096/1628/1145 915/1629/1146
f 916/1630/1147 654/1157/822 657/1156/825
f 916/1630/1147 919/1631/1148 1687/1632/1149
f 916/1633/1147 917/1634/1150 918/1635/1151
f 916/1633/1147 657/1636/825 917/1634/1150
f 916/1630/1147 1687/1632/1149 654/1157/822
f 916/1633/1147 918/1635/1151 919/1637/1148
f 920/1638/1152 104/184/125 108/189/129
f 920/1638/1152 921/1639/827 104/184/125
f 920/1638/1152 660/1640/828 921/1639/827
f 920/1638/1152 108/189/129 1565/1641/1153
f 920/1638/1152 1565/1641/1153 660/1640/828
f 922/1642/1154 1549/1643/1154 1844/1644/1154
f 922/1645/1155 1844/1646/1156 1845/1647/1157
f 922/1648/1158 923/1649/1158 1549/1650/1158
f 922/1645/1155 1845/1647/1157 924/1651/1159
f 925/1652/1160 927/1653/1161 2034/1654/1162
f 925/1655/1160 1695/1656/1163 926/1657/1164
f 925/1652/1160 2034/1654/1162 116/208/142
f 925/1655/1160 115/1658/141 1695/1656/1163
f 925/1659/1160 926/1660/1164 927/1661/1161
f 925/1652/1160 116/208/142 115/207/141
f 928/1662/1165 932/1663/1166 163/283/198
f 928/1664/1165 929/1665/1167 930/1666/1168
f 928/1667/1165 931/1668/1169 932/1669/1166
f 928/1667/1165 930/1670/1168 931/1668/1169
f 928/1664/1165 163/278/198 929/1665/1167
f 167/294/51 1541/432/311 172/295/208
f 167/86/51 47/85/55 933/1671/1170
f 167/294/51 933/1672/1170 1541/432/311
f 167/294/51 171/299/211 934/1673/52
f 51/90/58 935/1674/1171 52/91/59
f 51/90/58 1987/1675/1172 1545/1676/1173
f 51/90/58 1988/93/61 1987/1675/1172
f 51/90/58 1545/1676/1173 935/1674/1171
f 938/1677/1174 936/1678/1175 937/1679/1176
f 938/1680/1174 670/1179/844 2025/1178/843
f 938/1680/1174 1991/1681/1177 670/1179/844
f 938/1680/1174 2025/1178/843 939/1682/1178
f 938/1677/1174 939/1683/1178 936/1678/1175
f 938/1680/1174 937/1684/1176 1991/1681/1177
f 940/1685/1179 1631/1686/1180 819/1455/1037
f 940/1687/1179 941/1688/1181 942/1689/1182
f 940/1690/1183 943/1691/1183 1748/1692/1183
f 940/1687/1179 942/1689/1182 1631/1693/1180
f 940/1685/1179 819/1455/1037 943/1694/1184
f 940/1695/1179 1748/1696/1185 941/1697/1181
f 944/1698/1186 899/1600/1127 901/1602/1129
f 944/1698/1186 945/1699/1187 946/1700/1188
f 944/1698/1186 946/1700/1188 899/1600/1127
f 944/1698/1186 947/1701/1189 948/1702/1190
f 944/1698/1186 901/1602/1129 947/1701/1189
f 944/1698/1186 948/1702/1190 945/1699/1187
f 954/1703/1191 949/1704/1192 950/1705/1193
f 954/1703/1191 1725/1706/1194 951/1707/1195
f 954/1703/1191 952/1708/1196 1725/1706/1194
f 954/1703/1191 951/1707/1195 953/1709/1197
f 954/1703/1191 950/1705/1193 952/1708/1196
f 954/1710/1191 953/1711/1197 949/1712/1192
f 800/1421/1013 956/1713/1198 1438/1422/1014
f 800/1421/1013 803/1428/1018 1639/1714/1199
f 800/1715/1013 955/1716/1200 956/1717/1198
f 800/1421/1013 1639/1714/1199 955/1718/1200
f 957/1719/1201 958/1720/1202 959/1721/1203
f 957/1722/1204 1527/1723/1204 1833/1724/1204
f 957/1719/1201 960/1725/1205 1527/1726/1206
f 957/1719/1201 959/1721/1203 960/1725/1205
f 957/1719/1201 1833/1727/1207 958/1720/1202
f 961/1728/1208 962/1729/1209 1350/1730/1210
f 961/1731/1208 964/1732/262 962/1733/1209
f 961/1728/1208 1350/1730/1210 963/1734/840
f 961/1735/1208 963/1736/840 668/1737/454
f 961/1735/1208 668/1737/454 964/1738/262
f 965/1739/1211 1643/1740/1212 360/1741/462
f 965/1739/1211 966/1742/1213 1645/1743/1214
f 965/1744/1211 359/633/461 966/1745/1213
f 965/1739/1211 1645/1743/1214 1643/1740/1212
f 965/1744/1211 360/634/462 359/633/461
f 626/1088/782 1678/1746/1215 967/1747/1216
f 626/1088/782 967/1747/1216 627/1089/783
f 626/1748/782 968/1749/1217 2041/1750/1218
f 626/1088/782 2041/1751/1218 1678/1746/1215
f 626/1752/782 629/1753/787 968/1754/1217
f 723/1755/911 518/900/653 969/1756/912
f 723/1272/911 1530/1757/1219 519/1758/654
f 723/1755/911 519/901/654 518/900/653
f 723/1272/911 724/1274/913 1530/1757/1219
f 300/523/388 303/528/392 570/988/710
f 300/523/388 569/987/709 301/524/389
f 300/523/388 570/988/710 569/987/709
f 970/1759/1220 971/1760/1221 972/1761/1222
f 970/1762/1220 973/1763/1223 974/1764/596
f 970/1762/1220 974/1764/596 1949/1765/600
f 970/1762/1220 1949/1765/600 975/1766/1224
f 970/1767/1220 975/1768/1224 971/1769/1221
f 970/1759/1220 972/1761/1222 973/1770/1223
f 976/1771/1225 389/681/495 2099/686/498
f 976/1771/1225 977/1772/1226 1816/1773/1227
f 976/1771/1225 978/1774/1228 389/681/495
f 976/1771/1225 1816/1773/1227 978/1774/1228
f 976/1771/1225 2099/686/498 977/1772/1226
f 979/1775/1229 557/483/354 556/1776/696
f 979/1775/1229 980/1777/1230 981/1778/1231
f 979/1779/1229 556/1780/696 980/1781/1230
f 979/1775/1229 368/642/470 365/639/467
f 979/1775/1229 365/639/467 557/483/354
f 979/1775/1229 981/1778/1231 368/642/470
f 827/1465/1044 829/1467/1046 982/1782/1232
f 827/1465/1044 729/1285/918 828/1466/1045
f 827/1465/1044 982/1782/1232 729/1285/918
f 983/1783/1050 2108/1784/1233 984/1785/1234
f 983/1474/1050 2087/1473/1049 2108/1786/1233
f 985/1787/1235 986/1788/1236 2044/1789/1237
f 985/1787/1235 987/1790/1238 986/1788/1236
f 985/1787/1235 988/1791/1239 1294/1792/1240
f 985/1787/1235 2044/1789/1237 988/1791/1239
f 985/1787/1235 1294/1792/1240 987/1790/1238
f 989/1793/1241 994/1794/1242 1582/1795/1243
f 989/1796/1241 990/1797/1244 993/1798/1245
f 989/1799/1241 991/1800/1246 992/1801/1247
f 989/1799/1241 993/1802/1245 991/1800/1246
f 989/1799/1241 992/1801/1247 994/1803/1242
f 989/1793/1241 1582/1795/1243 990/1804/1244
f 995/1805/1248 998/1806/1249 1711/1807/1250
f 995/1808/1251 996/1809/1251 997/1810/1251
f 995/1811/1248 997/1812/1252 998/1813/1249
f 995/1805/1248 999/1814/1253 996/1815/1254
f 995/1805/1248 2049/1816/1255 999/1814/1253
f 995/1805/1248 1711/1807/1250 2049/1816/1255
f 1000/1424/1015 802/1427/1017 471/1817/599
f 1000/1818/1015 471/820/599 1001/1819/1256
f 1000/1818/1015 891/1590/1120 892/1589/1016
f 1000/1818/1015 1001/1819/1256 891/1590/1120
f 1002/1820/1257 1003/1821/798 639/1822/801
f 1002/1820/1257 244/425/304 1004/1823/1258
f 1002/1820/1257 245/426/305 244/425/304
f 1002/1820/1257 639/1822/801 1005/1824/1259
f 1002/1820/1257 1005/1824/1259 245/426/305
f 1002/1820/1257 1004/1823/1258 1003/1821/798
f 1007/1825/1260 1011/1826/1261 1006/1827/1262
f 1007/1828/1260 1713/1829/1263 1008/1830/312
f 1007/1828/1260 1008/1830/312 1009/1831/1264
f 1007/1825/1260 1010/1832/1265 1713/1833/1263
f 1007/1825/1260 1006/1827/1262 1010/1832/1265
f 1007/1834/1260 1009/1835/1264 1011/1836/1261
f 1012/1837/1266 1013/1838/1267 1014/1839/1268
f 1012/1837/1266 1015/1840/1269 1016/1841/1270
f 1012/1842/1266 2043/1843/1271 1714/1844/1272
f 1012/1837/1266 1714/1845/1272 1013/1838/1267
f 1012/1842/1266 1016/1846/1270 2043/1843/1271
f 1012/1837/1266 1014/1839/1268 1015/1840/1269
f 1018/1434/1021 261/1847/324 1017/1848/1273
f 1018/1434/1021 1017/1848/1273 806/1435/1022
f 1018/1849/1021 809/1438/1024 1019/1850/1274
f 1018/1849/1021 1019/1850/1274 261/445/324
f 1023/1851/1275 1337/1852/1275 1020/1853/1275
f 1023/1854/1276 1021/1855/1277 1024/1856/1278
f 1023/1854/1276 1022/1857/76 1021/1855/1277
f 1023/1858/1276 1024/1859/1278 1338/1860/1279
f 1023/1858/1276 1338/1860/1279 1337/1861/1280
f 155/266/189 1025/1862/1281 1026/1863/1282
f 155/266/189 679/1194/856 1025/1862/1281
f 155/266/189 1026/1863/1282 156/267/190
f 717/1265/905 1717/1864/1283 718/1266/906
f 717/1865/905 1577/1866/1284 1717/1867/1283
f 717/1865/905 721/1868/909 1027/1869/1285
f 717/1865/905 1826/1870/1286 1577/1866/1284
f 717/1865/905 1027/1869/1285 1826/1870/1286
f 1028/1871/1287 1029/1872/1288 1030/1873/1289
f 1028/1874/1287 1031/1875/1290 1926/1876/1291
f 1028/1874/1287 472/823/602 1031/1875/1290
f 1028/1877/1292 1926/1878/1292 1029/1879/1292
f 1028/1874/1287 473/824/603 472/823/602
f 1028/1880/1287 1030/1881/1289 473/826/603
f 1032/1882/1293 1033/1883/1294 1034/1884/1295
f 1032/1882/1293 1035/1885/1296 1036/1886/1297
f 1032/1882/1293 1037/1887/1298 1035/1885/1296
f 1032/1882/1293 1036/1886/1297 632/1101/791
f 1032/1882/1293 632/1101/791 1033/1883/1294
f 1032/1882/1293 1034/1884/1295 1037/1887/1298
f 1040/1888/1299 1038/1889/1300 1039/1890/1301
f 1040/1891/1299 1766/1892/1302 1384/1893/1303
f 1040/1894/1304 1041/1895/1304 1766/1896/1304
f 1040/1891/1299 1384/1893/1303 1038/1897/1300
f 1040/1888/1299 1039/1890/1301 1042/1898/1305
f 1040/1899/1306 1042/1900/1306 1041/1901/1306
f 1043/1902/1307 1888/1903/1308 1183/1904/1309
f 1043/1902/1307 1044/1905/1310 286/502/370
f 1043/1902/1307 856/1906/1080 1044/1905/1310
f 1043/1902/1307 286/502/370 1888/1903/1308
f 1043/1902/1307 1183/1904/1309 856/1906/1080
f 1046/1907/1311 1049/1908/1311 1047/1909/1311
f 1046/1910/1312 232/1911/288 229/1912/285
f 1046/1913/1312 1889/1914/1313 1045/1915/538
f 1046/1916/1312 1047/1917/1314 232/404/288
f 1046/1913/1312 1045/1915/538 1048/1918/1315
f 1046/1910/1312 229/1912/285 1889/1919/1313
f 1046/1913/1312 1048/1918/1315 1049/1920/1316
f 1052/1921/1317 1050/1922/1318 1051/1923/1319
f 1052/1921/1317 1054/1924/1320 1050/1922/1318
f 1052/1921/1317 1051/1923/1319 234/416/294
f 1052/1925/1317 1053/1926/1321 1054/1927/1320
f 1052/1925/1317 1726/411/293 1053/1926/1321
f 1052/1925/1317 234/412/294 1726/411/293
f 1055/1928/1322 1505/1929/1323 241/1930/301
f 1055/1931/1322 327/568/419 1667/1932/1324
f 1055/1931/1322 1056/1933/1325 327/568/419
f 1055/1931/1322 240/421/300 1056/1933/1325
f 1055/1931/1322 241/422/301 240/421/300
f 1055/1931/1322 2072/1934/1326 1505/1935/1323
f 1055/1931/1322 1667/1932/1324 2072/1934/1326
f 1059/1936/1327 1058/1937/1328 1057/1938/1329
f 1059/1939/1327 513/893/648 1058/1940/1328
f 1059/1939/1327 1998/894/649 513/893/648
f 1059/1941/1330 1057/1942/1330 1060/1943/1330
f 1059/1939/1327 1060/1944/1331 1998/894/649
f 1061/1945/1332 1446/1946/1333 1595/1947/1334
f 1061/1945/1332 1592/1948/1335 1594/1949/1336
f 1061/1945/1332 1062/1950/1337 1446/1946/1333
f 1061/1945/1332 1063/1951/1338 1062/1950/1337
f 1061/1945/1332 1594/1949/1336 1063/1951/1338
f 1061/1945/1332 1595/1947/1334 1592/1948/1335
f 1064/1952/1339 811/1444/1028 1065/1953/1340
f 1064/1952/1339 1066/1954/1341 812/1445/1029
f 1064/1952/1339 1067/1955/1342 1068/1956/1343
f 1064/1952/1339 812/1445/1029 811/1444/1028
f 1064/1952/1339 1068/1956/1343 1066/1954/1341
f 1064/1952/1339 1065/1953/1340 1067/1955/1342
f 1069/1957/1344 1278/1958/1345 529/1959/664
f 1069/1957/1344 406/713/519 407/715/521
f 1069/1957/1344 529/1959/664 406/713/519
f 1069/1957/1344 407/715/521 1070/1960/1346
f 1069/1957/1344 771/1961/1347 1278/1958/1345
f 1071/1962/1348 2/2/2 507/879/642
f 1071/1963/1348 510/885/641 412/728/531
f 1071/1963/1348 411/727/530 1072/1964/1349
f 1071/1963/1348 412/728/531 411/727/530
f 1071/1962/1348 507/879/642 510/878/641
f 1071/1962/1348 1072/1965/1349 2/2/2
f 782/1384/987 1073/1966/1350 1074/1967/1351
f 782/1384/987 1075/1968/1352 783/1385/988
f 782/1384/987 1074/1967/1351 1075/1968/1352
f 782/1969/987 787/1389/991 1073/1970/1350
f 1076/1971/1353 1077/1972/1354 1078/1973/1355
f 1076/1971/1353 1079/1974/1356 1077/1972/1354
f 1076/1971/1353 1403/1975/1357 1791/1976/1358
f 1076/1971/1353 1791/1976/1358 1079/1974/1356
f 1076/1971/1353 1404/1977/1359 1403/1975/1357
f 1076/1971/1353 1078/1973/1355 1404/1977/1359
f 1080/1978/1360 746/1316/942 1556/1979/1361
f 1080/1978/1360 1556/1979/1361 1172/1980/1362
f 1080/1981/1360 1082/1982/1363 1081/1983/1364
f 1080/1981/1360 1081/1983/1364 85/152/98
f 1080/1978/1360 1172/1980/1362 1082/1984/1363
f 1080/1978/1360 85/149/98 746/1316/942
f 1083/1985/1365 1084/1986/1366 1085/1987/1367
f 1083/1985/1365 1086/1988/1368 315/1989/406
f 1083/1985/1365 1085/1987/1367 1329/1990/1369
f 1083/1985/1365 1329/1990/1369 1086/1988/1368
f 1083/1985/1365 315/1989/406 1084/1986/1366
f 1087/1991/1370 318/554/408 1089/1992/1371
f 1087/1993/1370 1017/1848/1273 1088/1994/1372
f 1087/1993/1370 1089/1995/1371 1090/1996/1373
f 1087/1991/1370 1088/1997/1372 319/555/409
f 1087/1993/1370 1090/1996/1373 1017/1848/1273
f 1087/1991/1370 319/555/409 318/554/408
f 1091/1998/1374 1092/1999/1375 1093/2000/1376
f 1091/2001/1374 1095/2002/1377 1971/2003/1378
f 1091/2004/1374 1093/2005/1376 1094/2006/1379
f 1091/2001/1374 1971/2003/1378 1092/2007/1375
f 1091/2008/1374 1096/2009/1380 1095/2010/1377
f 1091/2004/1374 1094/2006/1379 1096/2011/1380
f 1098/2012/1381 1102/2013/1382 1097/2014/1383
f 1098/2015/1381 1101/2016/1384 1944/2017/1385
f 1098/2015/1381 1944/2017/1385 1099/2018/1386
f 1098/2012/1381 1097/2014/1383 1100/2019/1387
f 1098/2012/1381 1100/2019/1387 1101/2020/1384
f 1098/2015/1381 1099/2018/1386 1102/2021/1382
f 1103/2022/1388 1596/2023/1389 1104/2024/1390
f 1103/2025/1388 1105/2026/1391 1106/2027/1392
f 1103/2022/1388 1104/2024/1390 1107/2028/1393
f 1103/2029/1388 1106/2030/1392 1108/2031/1394
f 1103/2025/1388 1107/2032/1393 1105/2026/1391
f 1103/2029/1388 1108/2031/1394 1596/2033/1389
f 1109/2034/1395 257/440/319 256/439/318
f 1109/2034/1395 256/439/318 2075/2035/1396
f 1109/2034/1395 1498/2036/1397 197/337/239
f 1109/2037/1398 2075/2038/1398 1499/2039/1398
f 1109/2034/1395 1499/2040/1399 1498/2036/1397
f 1109/2034/1395 197/337/239 257/440/319
f 198/339/241 1079/2041/1356 2048/2042/1400
f 198/2043/241 1110/2044/1401 199/2045/242
f 198/339/241 2048/2042/1400 1110/2046/1401
f 198/339/241 203/345/245 1079/2041/1356
f 205/352/249 1736/2047/1402 1738/353/250
f 205/352/249 1283/2048/1403 1111/2049/1404
f 205/352/249 1111/2049/1404 1736/2047/1402
f 205/352/249 207/356/253 1283/2048/1403
f 208/358/255 1021/1855/1277 1022/1857/76
f 208/358/255 1022/1857/76 64/359/75
f 208/358/255 210/361/257 837/1487/1054
f 208/358/255 837/1487/1054 1021/1855/1277
f 1112/2050/1405 1797/2051/1406 1113/2052/1407
f 1112/2053/1405 1114/2054/1408 1116/2055/1409
f 1112/2050/1405 1115/2056/1410 1798/2057/1411
f 1112/2050/1405 1798/2057/1411 1797/2051/1406
f 1112/2050/1405 1116/2058/1409 1115/2056/1410
f 1112/2050/1405 1113/2052/1407 1114/2059/1408
f 216/374/265 1117/2060/1412 1297/1492/1062
f 216/2061/265 1118/2062/1413 1117/2063/1412
f 216/374/265 1297/1492/1062 1982/375/266
f 216/374/265 218/377/268 1118/2064/1413
f 2117/1502/1068 1119/2065/1414 846/1503/1069
f 1120/2066/1415 1559/2067/1416 912/1619/1141
f 1120/2068/1415 451/790/576 1559/2069/1416
f 1120/2066/1415 912/1619/1141 43/2070/48
f 1120/2068/1415 43/2071/48 452/791/577
f 1120/2068/1415 452/791/577 451/790/576
f 455/795/581 1889/1919/1313 229/1912/285
f 455/795/581 460/802/586 1889/1919/1313
f 455/795/581 1186/2072/1417 456/796/582
f 455/795/581 229/1912/285 1186/2072/1417
f 1121/2073/1418 1122/2074/1419 2066/2075/1420
f 1121/2073/1418 1123/2076/1421 1933/2077/1422
f 1121/2073/1418 1124/2078/1423 1125/2079/1424
f 1121/2073/1418 2066/2075/1420 1126/2080/1425
f 1121/2073/1418 1125/2079/1424 1122/2074/1419
f 1121/2073/1418 1933/2077/1422 1127/2081/1426
f 1121/2073/1418 1127/2081/1426 1124/2078/1423
f 1121/2073/1418 1126/2080/1425 1123/2076/1421
f 389/681/495 978/1774/1228 1479/2082/1427
f 389/681/495 926/1660/1164 1693/682/496
f 389/681/495 1479/2082/1427 926/1660/1164
f 1128/2083/1428 1129/2084/1429 1004/1823/1258
f 1128/2083/1428 246/427/306 248/429/308
f 1128/2083/1428 248/429/308 1130/2085/1430
f 1128/2083/1428 1687/2086/1149 1129/2084/1429
f 1128/2083/1428 1004/1823/1258 246/427/306
f 1128/2083/1428 1130/2085/1430 1687/2086/1149
f 1131/2087/1431 1705/2088/1431 1993/2089/1431
f 1131/2090/1432 1135/2091/1433 1132/2092/1434
f 1131/2090/1432 1133/2093/1435 1705/2094/1436
f 1131/2095/1432 1993/2096/1437 1134/2097/1438
f 1131/2090/1432 1132/2092/1434 1133/2093/1435
f 1131/2095/1432 1134/2097/1438 1135/2098/1433
f 596/1031/742 597/1033/744 1905/2099/1439
f 596/1031/742 1905/2099/1439 1136/2100/417
f 596/1031/742 323/562/415 601/1032/743
f 596/1031/742 1136/2100/417 323/562/415
f 1137/2101/1440 882/2102/1104 881/2103/1108
f 1137/2101/1440 1138/2104/1441 113/204/139
f 1137/2101/1440 1139/2105/1442 882/2102/1104
f 1137/2101/1440 113/204/139 1139/2105/1442
f 1137/2101/1440 881/2103/1108 1138/2104/1441
f 181/454/222 110/198/135 1675/2106/1443
f 181/452/222 183/2107/224 265/453/330
f 181/454/222 1675/2106/1443 182/2108/223
f 341/594/440 15/26/19 1140/2109/1444
f 341/594/440 1140/2109/1444 1141/2110/1445
f 341/594/440 1141/2110/1445 344/595/441
f 1142/952/692 553/956/349 274/2111/348
f 1142/2112/692 1869/2113/1446 1870/2114/1447
f 1142/2112/692 274/2115/348 1869/2113/1446
f 1142/2112/692 1870/2114/1447 1143/2116/1448
f 1142/952/692 1143/2117/1448 551/953/693
f 1144/2118/1449 1145/2119/1450 1146/2120/1451
f 1144/2118/1449 1148/2121/1452 1426/2122/1453
f 1144/2118/1449 1147/2123/1454 2006/2124/1455
f 1144/2125/1449 2006/2126/1455 1148/2127/1452
f 1144/2118/1449 1146/2120/1451 1147/2123/1454
f 1144/2118/1449 1426/2122/1453 1145/2119/1450
f 1149/494/362 282/496/364 1685/1607/1134
f 1149/2128/362 790/1394/994 791/1397/997
f 1149/2128/362 1150/2129/1456 790/1394/994
f 1149/494/362 1685/1607/1134 1150/2130/1456
f 1149/2128/362 791/1397/997 281/2131/363
f 226/392/279 1248/2132/1457 1151/2133/1458
f 226/392/279 1249/397/281 1248/2132/1457
f 226/392/279 1151/2133/1458 565/977/706
f 119/214/146 1507/1400/1000 1510/2134/1459
f 119/214/146 1510/2134/1459 1441/215/147
f 1154/224/153 126/226/155 1152/2135/1460
f 1154/224/153 1153/2136/1461 125/225/154
f 1154/2137/153 1152/2138/1460 1155/2139/1462
f 1154/2137/153 1155/2139/1462 1153/2140/1461
f 1156/2141/1463 1564/2142/1464 649/1141/816
f 1156/2141/1463 649/1141/816 1157/2143/1465
f 1156/2141/1463 1157/2143/1465 310/542/399
f 1156/2144/1463 1787/2145/1466 1158/2146/1467
f 1156/2141/1463 310/542/399 1787/2147/1466
f 1156/2141/1463 1158/2148/1467 1564/2142/1464
f 1163/2149/1468 620/2150/780 1159/2151/1469
f 1163/2149/1468 1160/2152/1470 1161/2153/1471
f 1163/2149/1468 1161/2153/1471 354/2154/453
f 1163/2149/1468 1159/2151/1469 1160/2152/1470
f 1163/2149/1468 1162/2155/778 620/2150/780
f 1163/2156/1468 353/617/452 1162/1206/778
f 1163/2149/1468 354/2154/453 353/2157/452
f 1164/2158/1472 1165/2159/1473 221/2160/273
f 1164/2161/1472 685/1209/866 1165/2162/1473
f 1164/2163/1472 1166/2164/1474 1291/2165/1475
f 1164/2161/1472 1167/2166/1476 685/1209/866
f 1168/2167/1477 1011/1836/1261 1169/2168/1478
f 1168/2167/1477 1169/2168/1478 1171/2169/1479
f 1168/2170/1477 2023/2171/1480 1170/2172/1481
f 1168/2170/1477 1170/2172/1481 1006/1827/1262
f 1168/2170/1477 1006/1827/1262 1011/1826/1261
f 1168/2170/1477 1171/2173/1479 2023/2171/1480
f 1173/2174/1482 1082/1982/1363 1172/2175/1362
f 1173/2174/1482 487/850/620 1082/1982/1363
f 1173/2174/1482 347/851/447 487/850/620
f 1173/2176/1483 1255/2177/1483 347/2178/1483
f 1173/2179/1482 1174/2180/1484 1255/2181/1485
f 1173/2179/1482 1172/2182/1362 1174/2180/1484
f 1175/2183/1486 1358/2184/1487 1176/2185/1488
f 1175/2183/1486 501/2186/636 500/2187/635
f 1175/2183/1486 1359/2188/1489 1358/2184/1487
f 1175/2183/1486 1176/2185/1488 501/2186/636
f 1175/2183/1486 1177/2189/1490 1359/2188/1489
f 1175/2183/1486 500/2187/635 1177/2189/1490
f 1092/2007/1375 1971/2003/1378 1302/2190/1491
f 1092/1999/1375 1179/2191/1492 179/310/219
f 1092/2007/1375 1178/2192/1493 1179/2193/1492
f 1092/1999/1375 179/310/219 1093/2000/1376
f 1092/2007/1375 1302/2190/1491 1178/2192/1493
f 1180/2194/1494 556/2195/696 559/2196/699
f 1180/2197/1494 223/387/272 556/1780/696
f 1180/2194/1494 38/71/46 36/69/44
f 1180/2194/1494 36/69/44 223/381/272
f 1180/2194/1494 559/2196/699 38/71/46
f 852/1512/1075 1181/2198/1495 855/1513/1076
f 852/1512/1075 1182/2199/1496 1181/2198/1495
f 852/1512/1075 856/1520/1080 1183/2200/1309
f 852/1512/1075 1183/2200/1309 1182/2199/1496
f 1185/399/284 230/402/287 1184/2201/1497
f 1185/2202/284 1186/2072/1417 229/1912/285
f 1185/399/284 1184/2201/1497 1186/2203/1417
f 1187/2204/1498 1188/2205/1499 1189/2206/1500
f 1187/2207/1498 523/908/658 1190/99/63
f 1187/2204/1498 53/2208/60 1188/2205/1499
f 1187/2207/1498 1189/2209/1500 523/908/658
f 1187/2204/1498 1190/2210/63 53/2208/60
f 55/102/65 815/1596/1032 56/103/66
f 1191/2211/1501 1192/2212/1502 2062/2213/1503
f 1191/2214/1501 1633/922/670 1194/2215/1504
f 1191/2214/1501 1193/2216/1505 534/923/671
f 1191/2217/1501 1194/2218/1504 1192/2219/1502
f 1191/2214/1501 2062/2220/1503 1193/2216/1505
f 1191/2214/1501 534/923/671 1633/922/670
f 67/122/80 1196/1336/955 1195/2221/1506
f 67/122/80 1195/2221/1506 68/123/81
f 67/130/80 887/1577/1115 1196/2222/955
f 67/130/80 72/128/85 887/1577/1115
f 949/1712/1192 1972/2223/1507 1197/2224/1508
f 949/1712/1192 1606/2225/529 950/2226/1193
f 949/1712/1192 953/1711/1197 1972/2223/1507
f 949/1712/1192 1197/2224/1508 1606/2225/529
f 971/1760/1221 1198/2227/1509 972/1761/1222
f 971/2228/1221 1199/2229/1510 1200/2230/1511
f 971/1769/1221 975/1768/1224 1199/2231/1510
f 971/2228/1221 1200/2230/1511 1198/2232/1509
f 1204/2233/1512 1201/2234/1513 1202/2235/1055
f 1204/2236/1512 1203/2237/1514 836/1485/1057
f 1204/2238/1512 209/364/256 1205/2239/1515
f 1204/2233/1512 1202/2235/1055 1203/2240/1516
f 1204/2238/1512 1205/2239/1515 1206/2241/1517
f 1204/2238/1512 836/2242/1057 209/364/256
f 1207/2243/1518 1208/2244/1519 1209/2245/1520
f 1207/2246/1518 1212/838/613 1210/2247/1521
f 1207/2243/1518 1210/2248/1521 628/2249/786
f 1207/2243/1518 628/2249/786 1211/2250/785
f 1207/2243/1518 1209/2245/1520 1212/2251/613
f 1207/2243/1518 1211/2250/785 1208/2244/1519
f 1213/2252/1522 1214/2253/570 1215/2254/572
f 1213/2252/1522 1215/2254/572 1376/2255/1523
f 1213/2252/1522 1216/2256/1524 1214/2253/570
f 1213/2252/1522 1376/2255/1523 1026/2257/1282
f 1213/2252/1522 1026/2257/1282 1939/2258/1525
f 1213/2252/1522 1939/2258/1525 1216/2256/1524
f 97/175/119 1217/2259/1526 1218/2260/1527
f 97/175/119 1218/2260/1527 1219/2261/1528
f 97/175/119 1219/2261/1528 98/176/120
f 97/175/119 102/182/123 1217/2259/1526
f 104/184/125 921/1639/827 572/992/712
f 266/2262/133 1616/2263/1529 1220/2264/1530
f 266/2265/133 1220/2266/1530 1901/2267/134
f 266/456/133 2078/455/331 1616/2268/1529
f 731/1288/923 1846/2269/1531 1847/449/328
f 731/1288/923 733/1290/925 1846/2269/1531
f 731/1288/923 1847/449/328 262/446/325
f 731/1288/923 262/446/325 732/1289/924
f 289/506/374 656/2270/824 392/2271/502
f 289/506/374 392/2271/502 1221/2272/1532
f 289/506/374 1745/509/377 656/2270/824
f 289/506/374 1221/2272/1532 290/507/375
f 126/226/155 76/137/91 73/133/88
f 126/226/155 73/133/88 1152/2135/1460
f 126/226/155 128/228/157 76/137/91
f 130/230/159 1222/2273/1533 131/231/160
f 130/230/159 1066/1954/1341 1223/2274/1534
f 130/230/159 1223/2274/1534 1222/2273/1533
f 130/230/159 134/237/164 1066/1954/1341
f 1224/2275/166 137/2276/168 1225/2277/1535
f 1224/240/166 1536/2278/967 136/241/167
f 1224/2275/166 1225/2277/1535 1226/2279/968
f 1224/240/166 1226/2280/968 1536/2278/967
f 1227/2281/842 1228/2282/1536 2089/1059/759
f 1227/1177/842 1229/2283/1537 2025/1178/843
f 1227/2281/842 2089/1059/759 1229/2284/1537
f 1227/2281/842 672/2285/847 1228/2282/1536
f 1232/2286/1538 900/2287/1128 1233/2288/1539
f 1232/2286/1538 1230/2289/853 1231/2290/854
f 1232/2291/1540 1233/2292/1540 1230/2293/1540
f 1232/2286/1538 151/261/184 1234/2294/1130
f 1232/2286/1538 1234/2294/1130 900/2287/1128
f 1232/2286/1538 1231/2290/854 151/261/184
f 1235/2295/1541 542/2296/679 1236/2297/1542
f 1235/2298/1543 1236/2299/1543 1747/2300/1543
f 1235/2301/1541 1747/2302/1544 159/272/193
f 1235/2301/1541 158/271/192 543/940/680
f 1235/2301/1541 159/272/193 158/271/192
f 1235/2301/1541 543/940/680 542/939/679
f 1238/275/195 1237/2303/687 1977/276/196
f 1238/2304/195 1240/2305/1545 1239/2306/1546
f 1238/2307/195 162/281/200 1240/2308/1545
f 1238/275/195 1239/2309/1546 1237/2303/687
f 1241/2310/1547 1244/2311/1548 1242/2312/1549
f 1241/2313/1547 395/693/504 2019/1557/1102
f 1241/2313/1547 1243/2314/1550 395/693/504
f 1241/2313/1547 2019/1557/1102 1244/2315/1548
f 1241/2310/1547 1242/2312/1549 1245/2316/1551
f 1241/2313/1547 1245/2317/1551 1243/2314/1550
f 1246/2318/1552 1247/2319/1009 1884/2320/1553
f 1246/2318/1552 1435/2321/1554 1247/2319/1009
f 1246/2318/1552 1248/2322/1457 1249/2323/281
f 1246/2318/1552 1250/2324/1555 1248/2322/1457
f 1246/2318/1552 1249/2323/281 1435/2321/1554
f 1246/2318/1552 1884/2320/1553 1251/2325/1556
f 1246/2318/1552 1251/2325/1556 1250/2324/1555
f 12/23/17 1252/2326/1557 13/24/18
f 12/2327/17 1253/2328/1558 1254/2329/1559
f 12/2327/17 1254/2329/1559 1252/2330/1557
f 12/33/17 17/32/22 1253/2331/1558
f 348/2332/1560 347/2333/1560 1255/2334/1560
f 348/751/446 1255/2181/1485 427/752/550
f 1256/2335/1561 483/2336/610 1257/2337/1562
f 1256/2335/1561 481/2338/611 483/2336/610
f 1256/2335/1561 1257/2337/1562 493/2339/628
f 1256/2340/1561 492/858/627 1258/2341/1563
f 1256/2335/1561 1258/2342/1563 1780/2343/1564
f 1256/2340/1561 493/859/628 492/858/627
f 1256/2335/1561 1780/2343/1564 481/2338/611
f 1259/2344/286 1853/2345/1565 1260/2346/1566
f 1259/401/286 724/1274/913 230/402/287
f 1259/2344/286 233/2347/289 1853/2345/1565
f 1259/401/286 1260/2348/1566 724/1274/913
f 238/417/291 1051/1923/1319 1261/2349/1567
f 238/417/291 234/416/294 1051/1923/1319
f 238/417/291 1261/2349/1567 1262/2350/1568
f 238/417/291 1262/2350/1568 1263/2351/292
f 1264/2352/298 241/1930/301 1265/2353/421
f 1264/2354/298 328/569/420 1266/2355/1569
f 1264/2354/298 1265/570/421 328/569/420
f 1264/2354/298 1266/2355/1569 1934/2356/299
f 1267/2357/1570 1652/2358/1571 1650/2359/1572
f 1267/2357/1570 1268/2360/1573 2046/2361/1574
f 1267/2357/1570 1917/2362/1575 1269/2363/1576
f 1267/2357/1570 1650/2359/1572 1268/2360/1573
f 1267/2357/1570 2046/2361/1574 1917/2362/1575
f 1267/2357/1570 1269/2363/1576 1270/2364/1577
f 1267/2357/1570 1270/2364/1577 1652/2358/1571
f 375/657/480 378/660/483 1271/2365/1578
f 375/657/480 1272/2366/1025 520/904/655
f 375/657/480 520/904/655 376/658/481
f 375/657/480 1271/2365/1578 1272/2366/1025
f 522/907/657 1273/2367/1579 1274/2368/1580
f 522/907/657 1274/2368/1580 54/100/62
f 522/907/657 54/100/62 1190/99/63
f 522/907/657 1190/99/63 523/908/658
f 522/907/657 527/912/662 1273/2367/1579
f 1278/2369/1581 771/2370/1581 1275/2371/1581
f 1278/2372/1345 1277/2373/1582 1276/2374/665
f 1278/2375/1345 1275/2376/1583 1277/2377/1582
f 1278/2378/1345 1276/915/665 529/914/664
f 62/112/72 1414/114/74 1684/2379/1584
f 62/112/72 1832/2380/1585 1279/2381/1586
f 62/112/72 1684/2379/1584 1832/2380/1585
f 62/112/72 1279/2381/1586 63/113/73
f 148/258/181 152/263/186 537/930/674
f 148/258/181 538/932/675 149/259/182
f 542/2296/679 1280/2382/1587 1236/2297/1542
f 542/2296/679 545/2383/682 1280/2382/1587
f 1281/2384/1588 1282/2385/1589 1283/2386/1403
f 1281/2384/1588 681/1197/859 1282/2385/1589
f 1281/2384/1588 1283/2386/1403 207/2387/253
f 1281/2384/1588 207/2387/253 833/1476/1051
f 1284/2388/1590 1285/2389/1591 1779/2390/1592
f 1284/2388/1590 351/621/450 1286/2391/1593
f 1284/2388/1590 1287/2392/1594 1285/2389/1591
f 1284/2388/1590 1779/2390/1592 351/621/450
f 1284/2388/1590 1286/2391/1593 1287/2392/1594
f 1288/2393/1595 1290/2394/1595 963/2395/1595
f 1288/2396/1596 1289/2397/1597 846/1503/1069
f 1288/2396/1596 2015/2398/1598 1290/2399/836
f 1288/2396/1596 846/1503/1069 2015/2398/1598
f 1288/2396/1596 1291/2400/1475 1289/2397/1597
f 93/164/108 1429/2401/1599 1964/165/109
f 93/164/108 1292/2402/1600 1429/2401/1599
f 93/164/108 1464/167/111 1292/2402/1600
f 1293/2403/1601 987/2404/1238 1294/2405/1240
f 1293/2403/1601 1122/2406/1419 1125/2407/1424
f 1293/2403/1601 1294/2405/1240 1295/2408/1602
f 1293/2403/1601 1295/2408/1602 1296/2409/1603
f 1293/2403/1601 1125/2407/1424 987/2404/1238
f 1293/2403/1601 1296/2409/1603 1122/2406/1419
f 1117/2063/1412 1118/2062/1413 574/995/715
f 1117/2063/1412 842/2410/1063 1297/2411/1062
f 1117/2063/1412 572/992/712 842/2410/1063
f 1117/2063/1412 574/995/715 572/992/712
f 1298/2412/1604 1753/2413/1605 1299/2414/1606
f 1298/2412/1604 1300/2415/1607 1179/2193/1492
f 1298/2412/1604 1179/2193/1492 1178/2192/1493
f 1298/2412/1604 1178/2192/1493 1302/2190/1491
f 1298/2412/1604 1299/2414/1606 1300/2415/1607
f 1298/2416/1604 1301/2417/1608 1753/2418/1605
f 1298/2416/1604 1302/2419/1491 1301/2417/1608
f 1102/2013/1382 1303/2420/1609 1097/2014/1383
f 1102/2013/1382 409/2421/525 1304/2422/524
f 1102/2013/1382 1304/2422/524 1303/2420/1609
f 1102/2021/1382 1099/2018/1386 409/2423/525
f 752/1326/945 1935/1325/948 1305/2424/1610
f 752/1321/945 42/75/47 1306/2425/1611
f 752/1326/945 1305/2424/1610 1307/2426/47
f 752/1321/945 1306/2425/1611 750/1322/946
f 752/1321/47 1307/76/47 42/75/47
f 457/797/583 456/796/582 591/1022/736
f 457/797/583 595/1027/740 461/798/584
f 1308/2427/1612 600/2428/746 1309/2429/747
f 1308/2427/1612 525/910/660 1311/2430/1613
f 1308/2427/1612 1309/2429/747 1310/2431/1614
f 1308/2427/1612 1310/2431/1614 525/910/660
f 1308/2432/1612 1311/2433/1613 1014/1839/1268
f 1308/2432/1612 1312/2434/1615 600/1036/746
f 1308/2432/1612 1014/1839/1268 1312/2434/1615
f 1313/2435/1616 1314/2436/326 1315/2437/1617
f 1313/2435/1616 1316/2438/1618 1088/1997/1372
f 1313/2439/1616 263/448/327 1314/447/326
f 1313/2435/1616 1088/1997/1372 263/2440/327
f 1313/2435/1616 1315/2437/1617 1316/2438/1618
f 1317/2441/1619 1318/2442/1620 1859/2443/1621
f 1317/2444/1619 1670/2445/973 773/2446/976
f 1317/2447/1619 1859/2448/1621 144/252/175
f 1317/2444/1619 1825/2449/1622 1670/2445/973
f 1317/2441/1619 1319/2450/1623 1318/2442/1620
f 1317/2444/1619 773/2446/976 1319/2451/1623
f 1317/2447/1619 144/252/175 1825/2452/1622
f 70/125/82 1763/2453/1624 1320/2454/936
f 70/125/82 1115/2455/1410 1763/2453/1624
f 70/125/82 1320/2454/936 71/126/83
f 70/125/82 1861/129/84 1115/2455/1410
f 1321/2456/1625 1322/2457/1626 1323/2458/1627
f 1321/2459/1625 1324/2460/1034 1325/2461/1628
f 1321/2459/1625 1326/2462/1629 1324/2460/1034
f 1321/2456/1625 1323/2458/1627 1327/2463/1630
f 1321/2456/1625 1327/2463/1630 1326/2464/1629
f 1321/2459/1625 1325/2461/1628 1322/2465/1626
f 1328/2466/767 1442/2467/1631 166/290/206
f 1328/1071/767 1750/2468/1632 1442/2469/1631
f 1328/2470/1633 1330/2471/1633 1329/2472/1633
f 1328/1071/767 1329/2473/1369 617/1072/768
f 1328/2466/767 166/290/206 1330/2474/344
f 1328/1071/767 619/1076/772 1750/2468/1632
f 316/552/401 1729/1515/1077 1331/2475/1634
f 316/552/401 1332/2476/1635 1729/1515/1077
f 316/544/401 1331/2477/1634 311/545/402
f 316/552/401 315/551/406 1332/2476/1635
f 318/554/408 1863/559/413 1911/2478/1636
f 318/554/408 1911/2478/1636 1089/1992/1371
f 322/561/414 324/563/365 1545/1676/1173
f 322/561/414 1987/1675/1172 2102/2479/1637
f 322/561/414 2102/2479/1637 323/562/415
f 322/561/414 1545/1676/1173 1987/1675/1172
f 1333/2480/1638 1477/2481/1639 1334/2482/1640
f 1333/2480/1638 1334/2482/1640 1336/2483/1641
f 1333/2484/1638 1335/2485/1642 1478/2486/1643
f 1333/2484/1638 1336/2487/1641 1335/2485/1642
f 1333/2488/1644 1478/2489/1644 1477/2490/1644
f 1337/2491/1645 1263/2351/292 1262/2350/1568
f 1337/2492/1645 1975/2493/1646 1020/2494/1647
f 1337/2492/1645 1262/2495/1568 1975/2493/1646
f 1337/2496/1648 1338/2497/1648 1263/2498/1648
f 1339/2499/1649 399/701/509 1341/2500/1650
f 1339/2501/1649 1340/2502/1651 399/2503/509
f 1339/2501/1649 2088/2504/1652 345/602/444
f 1339/2501/1649 1341/2505/1650 2088/2504/1652
f 1339/2501/1649 343/601/443 1340/2502/1651
f 1339/2501/1649 345/602/444 343/601/443
f 1342/2506/1653 1082/1982/1363 487/850/620
f 1342/2506/1653 487/850/620 488/853/622
f 1342/2506/1653 1081/1983/1364 1082/1982/1363
f 1342/2506/1653 1343/2507/729 1081/1983/1364
f 1342/2506/1653 488/853/622 1887/2508/1654
f 1342/2506/1653 1887/2508/1654 1343/2507/729
f 1344/2509/1655 4/2510/1655 1345/2511/1655
f 1344/2512/1656 1996/2513/1657 4/6/4
f 1344/2514/1656 1193/2216/1505 2032/2515/1658
f 1344/2514/1656 1346/2516/1659 1193/2216/1505
f 1344/2512/1656 2032/2517/1658 1996/2513/1657
f 1344/2518/1656 1345/2519/1660 1346/2520/1659
f 962/2521/1661 1347/2522/1661 1348/2523/1661
f 962/1733/1209 964/1732/262 1347/2524/1662
f 962/2525/1663 1349/2526/1663 1350/2527/1663
f 962/2528/1664 1348/2529/1664 1349/2530/1664
f 726/2531/919 729/1285/918 982/1782/1232
f 726/1282/919 982/2532/1232 1351/2533/1665
f 726/1282/919 1351/2533/1665 1352/2534/1666
f 1353/2535/1667 1248/2322/1457 1250/2324/1555
f 1353/2535/1667 1354/2536/1668 1355/2537/1669
f 1353/2535/1667 1355/2537/1669 1356/2538/1670
f 1353/2535/1667 1250/2324/1555 1354/2536/1668
f 1353/2539/1667 1151/2133/1458 1248/2132/1457
f 1353/2535/1667 1356/2538/1670 1151/2540/1458
f 1358/2541/1671 1360/2542/1671 1357/2543/1671
f 1358/2544/1487 1357/2545/1672 1153/2140/1461
f 1358/2544/1487 1153/2140/1461 1176/2546/1488
f 1358/2547/1487 1359/2548/1489 1360/2549/1673
f 798/62/37 1874/64/39 1875/2550/1008
f 1362/2551/1674 973/1770/1223 1361/2552/1675
f 1362/2553/1674 1364/2554/497 1363/2555/1676
f 1362/2556/1674 974/1764/596 973/1763/1223
f 1362/2553/1674 1363/2555/1676 470/816/597
f 1362/2551/1674 1361/2552/1675 1364/2557/497
f 1362/2553/1674 470/816/597 974/815/596
f 390/688/500 1788/2558/1677 1790/2559/1678
f 390/688/500 396/695/505 1788/2558/1677
f 390/688/500 1790/2559/1678 873/1552/1099
f 398/698/507 251/434/313 253/436/315
f 398/698/507 1365/2560/1679 251/434/313
f 398/698/507 253/436/315 2112/699/508
f 398/706/507 1955/702/510 1365/2561/1679
f 1366/2562/1680 1367/2563/1681 577/1002/721
f 1366/2562/1680 1792/2564/1682 1369/2565/1683
f 1366/2566/1680 1368/2567/1684 1367/2568/1681
f 1366/2562/1680 580/1001/720 1792/2564/1682
f 1366/2562/1680 577/1002/721 580/1001/720
f 1366/2566/1680 664/1167/834 1368/2567/1684
f 1366/2566/1680 1369/2569/1683 664/1167/834
f 1101/2016/1384 1427/2570/1685 1944/2017/1385
f 1101/2016/1384 1370/2571/1686 1427/2570/1685
f 1101/2020/1384 1100/2019/1387 1370/2572/1686
f 186/321/228 75/2573/90 1371/2574/1687
f 186/321/228 190/326/231 744/1068/765
f 186/321/228 744/1068/765 75/2573/90
f 186/321/228 1371/2574/1687 187/322/229
f 192/332/234 194/334/236 1372/2575/1688
f 192/332/234 1373/2576/1689 820/1457/1039
f 192/332/234 1374/2577/1690 1373/2576/1689
f 192/332/234 820/1457/1039 193/333/235
f 192/332/234 1372/2575/1688 1374/2577/1690
f 1375/2578/1691 904/1610/1133 157/270/191
f 1375/2578/1691 1892/2579/1692 904/1610/1133
f 1375/2578/1691 156/269/190 1026/2580/1282
f 1375/2578/1691 157/270/191 156/269/190
f 1375/2581/1691 1376/2582/1523 1892/2583/1692
f 1375/2584/1691 1026/2257/1282 1376/2255/1523
f 1379/2585/1693 1377/2586/1694 984/1785/1234
f 1379/2585/1693 719/2587/907 1378/2588/1695
f 1379/2589/1693 720/1268/908 719/1267/907
f 1379/2585/1693 1378/2588/1695 1377/2586/1694
f 1379/2589/1693 2108/2590/1233 720/1268/908
f 1379/2585/1693 984/1785/1234 2108/1784/1233
f 1380/2591/1696 620/2592/780 622/2593/776
f 1380/2594/1696 552/954/694 1159/2151/1469
f 1380/2594/1696 1159/2151/1469 620/2150/780
f 1380/2594/1696 1381/955/350 552/954/694
f 1380/2591/1696 622/2593/776 1381/2595/350
f 275/484/355 364/638/466 1957/2596/1697
f 275/484/355 557/483/354 365/639/467
f 275/484/355 1957/2596/1697 276/485/356
f 275/484/355 365/639/467 364/638/466
f 217/376/267 1697/2597/1698 1897/2598/1699
f 217/376/267 1959/2599/1700 1697/2597/1698
f 217/376/267 220/379/270 1382/2600/1701
f 217/376/267 1382/2600/1701 1959/2599/1700
f 217/376/267 1897/2598/1699 218/377/268
f 1383/2601/1702 1466/2602/113 2121/2603/1703
f 1383/2601/1702 1038/2604/1300 1384/2605/1303
f 1383/2601/1702 2121/2603/1703 1038/2604/1300
f 1383/2601/1702 1384/2605/1303 1385/2606/275
f 1383/2601/1702 1386/2607/1704 1466/2602/113
f 1383/2601/1702 1385/2606/275 1386/2607/1704
f 1003/1114/798 1129/2608/1429 1387/2609/1705
f 1003/1114/798 1387/2609/1705 637/1115/799
f 1003/1821/798 1004/1823/1258 1129/2084/1429
f 1011/1836/1261 1388/2610/1706 1169/2168/1478
f 1011/1836/1261 1009/1835/1264 1388/2610/1706
f 1392/2611/1707 1389/2612/1708 2039/2613/1709
f 1392/2614/1707 1390/2615/1710 1391/2616/1711
f 1392/2617/1707 1393/2618/1712 1389/2619/1708
f 1392/2611/1707 2039/2613/1709 1390/2620/1710
f 1392/2614/1707 1391/2616/1711 1393/2621/1712
f 1394/2622/1094 1395/2623/1713 1396/2624/1714
f 1394/2622/1094 1397/2625/1715 1398/2626/1716
f 1394/2622/1094 1399/2627/1097 1395/2623/1713
f 1394/2622/1094 1396/2624/1714 1397/2625/1715
f 1394/2622/1094 1398/2626/1716 1769/2628/1095
f 751/1327/947 1400/2629/1717 1401/2630/1718
f 751/1324/947 1401/2631/1718 1402/2632/734
f 751/1327/947 750/1322/946 1400/2629/1717
f 751/1324/947 1402/2632/734 1935/1325/948
f 1406/2633/1719 1403/2634/1357 1404/2635/1359
f 1406/2633/1719 169/297/209 172/300/208
f 1406/2633/1719 137/247/168 169/297/209
f 1406/2633/1719 252/2636/314 1403/2634/1357
f 1406/2633/1719 1404/2635/1359 1405/2637/1720
f 1406/2638/1719 1405/2639/1720 1225/2277/1535
f 1406/2633/1719 172/300/208 252/2636/314
f 1406/2633/1719 1225/2640/1535 137/247/168
f 1407/2641/1721 1408/2642/1722 1457/2643/1723
f 1407/2644/1724 1409/2645/1724 1408/2646/1724
f 1407/2641/1721 1457/2643/1723 111/2647/136
f 1407/2648/1725 111/2649/1725 1532/2650/1725
f 1412/2651/1726 1410/2652/1727 139/2653/169
f 1412/2651/1726 139/2653/169 1411/2654/1121
f 1412/2655/1726 1411/2656/1121 1984/2657/1728
f 1412/2655/1726 1984/2657/1728 1413/2658/1729
f 1412/2651/1726 117/209/143 1410/2652/1727
f 1412/2655/1726 1413/2658/1729 117/211/143
f 1414/114/74 1683/2659/1730 1684/2379/1584
f 1414/2660/74 1415/2661/1731 1683/2662/1730
f 1414/2660/74 1416/2663/78 1415/2661/1731
f 1417/2664/1125 150/260/183 1418/2665/1732
f 1417/1598/1125 1418/2666/1732 898/1599/1126
f 1417/2664/1125 1234/2294/1130 150/260/183
f 1322/2457/1626 1419/2667/1733 1972/2223/1507
f 1322/2457/1626 1972/2223/1507 1420/2668/1734
f 1322/2457/1626 1420/2668/1734 1323/2458/1627
f 1322/2465/1626 1325/2461/1628 1419/2669/1733
f 1421/2670/1735 1422/2671/1736 972/1761/1222
f 1421/2670/1735 1198/2227/1509 1578/2672/1737
f 1421/2670/1735 1941/2673/1738 1942/2674/1739
f 1421/2670/1735 972/1761/1222 1198/2227/1509
f 1421/2670/1735 1578/2672/1737 1941/2673/1738
f 1421/2670/1735 1942/2674/1739 1422/2671/1736
f 1285/2389/1591 1423/2675/1740 1702/2676/1741
f 1285/2389/1591 1287/2392/1594 1266/2677/1569
f 1285/2389/1591 1870/2114/1447 1779/2390/1592
f 1285/2389/1591 1424/2678/1742 1870/2114/1447
f 1285/2389/1591 1702/2676/1741 1424/2678/1742
f 1285/2389/1591 1266/2677/1569 1423/2675/1740
f 1428/2679/1743 1148/2680/1452 1425/2681/1744
f 1428/2682/1743 1427/2570/1685 1370/2571/1686
f 1428/2682/1743 1370/2571/1686 1426/2683/1453
f 1428/2679/1743 1425/2681/1744 1427/2684/1685
f 1428/2685/1743 1426/2122/1453 1148/2121/1452
f 1352/2534/1666 1429/2686/1599 1292/2687/1600
f 1352/2534/1666 1292/2687/1600 1430/2688/1745
f 1352/2534/1666 1351/2533/1665 2098/2689/1746
f 1352/2534/1666 2098/2689/1746 1429/2686/1599
f 478/836/608 481/835/611 1431/2690/1747
f 478/836/608 968/1749/1217 479/2691/609
f 478/836/608 1431/2690/1747 968/1749/1217
f 1432/2692/1748 1781/2693/1748 1783/2694/1748
f 1432/2695/1749 1433/2696/1750 917/1634/1150
f 1432/2697/1749 1945/2698/1751 1781/2699/1752
f 1432/2700/1749 917/2701/1150 1946/2702/1753
f 1432/2695/1749 1783/2703/1754 1433/2696/1750
f 1432/2700/1749 1946/2702/1753 1945/2704/1751
f 921/1639/827 1434/2705/831 842/2410/1063
f 921/1639/827 842/2410/1063 572/992/712
f 1247/2706/1009 1435/2707/1554 1436/2708/1755
f 1247/2319/1009 1437/2709/1011 1884/2320/1553
f 1247/2706/1009 1436/2708/1755 32/2710/38
f 1438/2711/1014 1439/2712/1756 1199/2231/1510
f 1438/2711/1014 956/1717/1198 1439/2712/1756
f 1438/2711/1014 1199/2231/1510 975/1768/1224
f 1438/2711/1014 975/1768/1224 802/2713/1017
f 1440/2714/1757 1441/2715/147 1510/2716/1459
f 1440/2714/1757 1442/2717/1631 1443/2718/1758
f 1440/2714/1757 1444/2719/204 1442/2717/1631
f 1440/2714/1757 1443/2718/1758 1445/2720/1759
f 1440/2714/1757 1510/2716/1459 1444/2719/204
f 1440/2714/1757 1445/2720/1759 1441/2715/147
f 1446/2721/1333 1447/2722/1760 1448/2723/1761
f 1446/1946/1333 1062/1950/1337 1449/2724/1762
f 1446/1946/1333 1449/2724/1762 1447/2725/1760
f 1446/1946/1333 1448/2726/1761 1595/1947/1334
f 811/1444/1028 1274/2368/1580 1065/1953/1340
f 811/2727/1028 813/1447/1030 2068/2728/1763
f 811/1444/1028 2068/2729/1763 1450/2730/1764
f 811/1444/1028 1450/2730/1764 1274/2368/1580
f 772/1357/971 1451/2731/974 1070/1960/1346
f 772/1363/971 771/1362/975 1451/1361/974
f 772/1357/971 1070/1960/1346 1452/2732/1765
f 772/1357/971 1452/2732/1765 770/1358/972
f 1453/2733/1766 1683/2734/1730 1454/2735/1767
f 1453/2733/1766 1908/2736/1768 1455/2737/1769
f 1453/2733/1766 1456/2738/1770 1683/2734/1730
f 1453/2733/1766 2065/2739/1771 1908/2736/1768
f 1453/2733/1766 1454/2735/1767 2065/2739/1771
f 1453/2733/1766 1455/2737/1769 1456/2738/1770
f 899/1600/1127 946/1700/1188 900/1601/1128
f 110/198/135 1457/2740/1723 1675/2106/1443
f 110/198/135 111/200/136 1457/2740/1723
f 1458/2741/875 284/499/367 694/503/371
f 1458/2741/875 1459/2742/1772 284/499/367
f 1458/1225/875 697/1230/879 1925/2743/1773
f 1458/2741/875 1460/948/688 547/946/686
f 1458/1225/875 1925/2743/1773 1460/2744/688
f 1458/2741/875 547/946/686 1459/2742/1772
f 1029/1872/1288 988/1791/1239 1602/2745/1774
f 1029/1872/1288 1461/2746/1775 988/1791/1239
f 1029/1872/1288 1926/2747/1291 1461/2746/1775
f 1029/1872/1288 1602/2745/1774 1030/1873/1289
f 1462/2748/1776 1763/2749/1624 1116/2055/1409
f 1462/2750/1777 1095/2751/1777 1764/2752/1777
f 1462/2748/1776 1114/2054/1408 1823/2753/1778
f 1462/2748/1776 1116/2055/1409 1114/2054/1408
f 1462/2748/1776 1823/2753/1778 1095/2754/1377
f 1462/2748/1776 1764/2755/1779 1763/2749/1624
f 1252/2330/1557 1254/2329/1559 1465/2756/1780
f 1252/2326/1557 1463/2757/1781 1464/2758/111
f 1252/2326/1557 1464/2758/111 13/24/18
f 1252/2326/1557 1465/2759/1780 1463/2757/1781
f 1466/2760/113 1489/2761/116 2121/2762/1703
f 1466/2763/113 1386/2764/1704 1467/2765/1782
f 1466/2763/113 1467/2765/1782 1468/2766/114
f 1472/2767/1783 165/2768/202 1469/2769/1784
f 1472/2767/1783 1470/2770/1785 1471/2771/1786
f 1472/2767/1783 228/2772/282 566/2773/278
f 1472/2767/1783 1469/2769/1784 1470/2770/1785
f 1472/2767/1783 1471/2771/1786 228/2772/282
f 1472/2767/1783 566/2773/278 1473/2774/1787
f 1472/2775/1783 1473/2776/1787 165/285/202
f 864/1537/1082 1474/2777/1788 1475/2778/1789
f 864/1522/1082 1475/2779/1789 857/1523/1083
f 864/1537/1082 862/1536/1088 1474/2777/1788
f 1476/1478/1053 1895/2780/1790 1896/2781/1791
f 1476/1478/1053 1024/2782/1278 837/1479/1054
f 1476/1478/1053 834/1481/1056 1895/2780/1790
f 1476/2783/1792 1896/2784/1792 1024/2785/1792
f 927/1653/1161 1477/2786/1639 1478/2787/1643
f 927/1653/1161 1478/2787/1643 2034/1654/1162
f 927/1661/1161 926/1660/1164 1479/2082/1427
f 927/2788/1161 1479/2789/1427 1477/2790/1639
f 1480/2791/1793 1483/2792/1794 1481/2793/1795
f 1480/2794/1793 1482/2795/1796 1483/2796/1794
f 1480/2797/1793 1484/2798/1797 1485/2799/1798
f 1480/2794/1793 1485/2800/1798 1482/2795/1796
f 1480/2791/1793 1481/2793/1795 1486/2801/1799
f 1480/2797/1793 476/2802/605 1484/2798/1797
f 1480/2791/1793 1486/2801/1799 476/2803/605
f 364/638/466 366/640/468 1487/2804/1800
f 364/638/466 1487/2804/1800 1957/2596/1697
f 1033/2805/1294 268/458/333 2021/2806/1801
f 1033/2805/1294 269/459/334 268/458/333
f 1033/2807/1294 632/1099/791 269/1098/334
f 1033/1883/1294 1488/2808/1802 1034/1884/1295
f 1033/2805/1294 2021/2806/1801 1488/2809/1802
f 634/1107/793 1777/1106/794 1039/1890/1301
f 634/2810/1803 2121/2811/1803 1489/2812/1803
f 1490/2813/1804 1491/2814/1805 1492/2815/1806
f 1490/2816/1804 1493/2817/1807 1802/2818/1808
f 1490/2816/1804 450/789/575 1493/2817/1807
f 1490/2813/1804 1492/2815/1806 1494/2819/1809
f 1490/2816/1804 1802/2818/1808 1491/2820/1805
f 1490/2816/1804 1494/2821/1809 450/789/575
f 1495/2822/1810 195/335/237 1498/2036/1397
f 1495/2823/1810 1496/2824/1811 1497/2825/1812
f 1495/2823/1810 1498/2826/1397 1499/2827/1399
f 1495/2823/1810 1689/2828/1813 1496/2824/1811
f 1495/2823/1810 1497/2825/1812 195/2829/237
f 1495/2823/1810 1692/2830/1814 1689/2828/1813
f 1495/2823/1810 1499/2827/1399 1692/2830/1814
f 1500/2831/1815 1501/2832/1816 1503/2833/897
f 1500/2831/1815 996/2834/1254 2106/2835/1817
f 1500/2831/1815 1502/2836/896 996/2834/1254
f 1500/2837/1818 1503/2838/1818 1502/2839/1818
f 1500/2831/1815 1504/2840/1819 1501/2832/1816
f 1500/2831/1815 2106/2835/1817 1504/2840/1819
f 1505/1929/1323 1506/2841/751 1265/2353/421
f 1505/2842/1820 2072/2843/1820 1630/2844/1820
f 1505/1929/1323 1265/2353/421 241/1930/301
f 1505/2845/1821 1630/2846/1821 1506/2847/1821
f 1507/2848/1000 1703/2849/1822 1508/2850/205
f 1507/2848/1000 1509/2851/1001 1703/2849/1822
f 1507/2848/1000 1508/2850/205 1510/2852/1459
f 1511/2853/1823 26/55/30 25/54/33
f 1511/2853/1823 25/54/33 293/513/381
f 1511/2853/1823 293/513/381 295/516/384
f 1511/2853/1823 295/516/384 1654/2854/1824
f 1511/2853/1823 1654/2854/1824 26/55/30
f 1222/2273/1533 1512/2855/1825 1310/2431/1614
f 1222/2273/1533 1310/2431/1614 131/231/160
f 1222/2273/1533 1223/2274/1534 1513/2856/1826
f 1222/2273/1533 1513/2856/1826 1512/2855/1825
f 320/556/410 1316/2438/1618 1682/2857/1827
f 320/556/410 319/555/409 1316/2438/1618
f 320/556/410 1682/2857/1827 2100/557/411
f 1514/2858/1828 187/322/229 1371/2574/1687
f 1514/2858/1828 1518/2859/1829 187/322/229
f 1514/2858/1828 1515/2860/1830 1517/2861/1831
f 1514/2858/1828 1516/2862/1832 1515/2860/1830
f 1514/2858/1828 1371/2574/1687 1516/2862/1832
f 1514/2863/1828 1517/2864/1831 1518/2865/1829
f 459/800/585 677/1189/851 460/801/586
f 459/800/585 462/804/587 676/1188/850
f 1519/2866/1833 270/462/336 1909/2867/1834
f 1519/2866/1833 1980/463/337 270/462/336
f 1519/2868/1833 1522/2869/1835 1520/2870/1836
f 1519/2866/1833 1521/2871/1837 1522/2872/1835
f 1519/2866/1833 1909/2867/1834 1521/2871/1837
f 1519/2866/1833 1520/2873/1836 1980/463/337
f 1084/1986/1366 1523/2874/1838 1085/1987/1367
f 1084/2875/1366 1525/2876/1839 1523/2877/1838
f 1084/1986/1366 1524/2878/405 1525/2879/1839
f 1084/1986/1366 315/1989/406 1524/2878/405
f 1526/2880/1840 977/2881/1226 1206/2241/1517
f 1526/2880/1840 1206/2241/1517 1205/2239/1515
f 1526/2882/1840 1527/2883/1206 977/2884/1226
f 1526/2882/1840 212/2885/258 1833/2886/1207
f 1526/2880/1840 1205/2239/1515 212/363/258
f 1526/2882/1840 1833/2886/1207 1527/2883/1206
f 643/1131/809 646/1130/811 756/1332/952
f 643/1131/809 756/1332/952 2107/489/358
f 643/1131/809 2107/489/358 1528/2887/1841
f 643/1127/809 1528/2888/1841 642/1128/810
f 829/2889/1046 201/348/243 2097/347/246
f 829/1467/1046 1851/2890/1842 1351/2891/1665
f 829/1467/1046 2097/2892/246 1851/2890/1842
f 829/1467/1046 1351/2891/1665 982/1782/1232
f 695/2893/876 431/758/551 427/752/550
f 695/1227/876 1966/1234/880 431/2894/551
f 695/2893/876 427/752/550 699/1232/877
f 1529/2895/1843 1530/2896/1219 1260/2346/1566
f 1529/2897/1843 1531/2898/1844 710/1250/891
f 1529/2899/1843 380/662/484 381/665/485
f 1529/2899/1843 710/1251/891 380/662/484
f 1529/2895/1843 381/2900/485 1530/2896/1219
f 1529/2895/1843 1260/2346/1566 1531/2901/1844
f 1534/2902/1845 1532/2903/1845 1533/2904/1845
f 1534/2905/1846 1533/2906/1846 1900/2907/1846
f 1534/2908/1847 1900/2909/1847 1899/2910/1847
f 763/2911/969 1535/2912/1848 2077/2913/1849
f 763/2914/1850 2077/2915/1850 1536/2916/1850
f 763/1355/969 766/1350/964 1537/2917/837
f 763/2918/969 1537/2919/837 1535/2920/1848
f 1181/2198/1495 1538/2921/1851 855/1513/1076
f 1181/2198/1495 1539/2922/1852 1540/2923/1853
f 1181/2198/1495 1540/2923/1853 1538/2921/1851
f 1181/2198/1495 1182/2199/1496 1539/2922/1852
f 1541/2924/311 933/1671/1170 1009/1835/1264
f 1541/432/311 1009/2925/1264 1008/433/312
f 935/2926/1171 1542/2927/1854 52/2928/59
f 935/2926/1171 1543/2929/1855 1544/2930/1856
f 935/2926/1171 1544/2930/1856 1542/2927/1854
f 935/2926/1171 1545/2931/1173 1543/2929/1855
f 1546/2932/1857 58/105/67 671/1180/845
f 1546/2932/1857 670/1179/844 1991/1681/1177
f 1546/2932/1857 59/106/68 58/105/67
f 1546/2932/1857 1991/1681/1177 1547/2933/1858
f 1546/2932/1857 1547/2933/1858 59/106/68
f 1546/2932/1857 671/1180/845 670/1179/844
f 1549/2934/1859 1318/2442/1620 1319/2450/1623
f 1549/2935/1860 1548/2936/1861 1844/2937/1156
f 1549/2938/1859 923/2939/1862 1550/2940/1863
f 1549/2941/1864 1319/2942/1864 1548/2943/1864
f 1549/2934/1859 1550/2944/1863 1318/2442/1620
f 1551/2945/1865 1367/2563/1681 338/2946/435
f 1551/2945/1865 1552/2947/1866 1553/2948/1867
f 1551/2945/1865 578/1003/719 1367/2563/1681
f 1551/2945/1865 338/2946/435 1552/2947/1866
f 1551/2945/1865 1553/2948/1867 578/1003/719
f 1077/2949/1354 1079/2041/1356 1554/2950/1868
f 1077/1972/1354 1835/2951/1869 1078/1973/1355
f 1077/2949/1354 1554/2950/1868 1835/2952/1869
f 746/2953/942 1555/2954/1870 1556/2955/1361
f 746/2953/942 747/2956/943 1555/2954/1870
f 746/1316/942 85/149/98 84/148/97
f 1165/2162/1473 685/1209/866 689/1215/868
f 1165/2957/1473 627/1089/783 1557/2958/1871
f 1165/2957/1473 689/2959/868 627/1089/783
f 1165/2957/1473 1557/2958/1871 221/2960/273
f 282/496/364 280/493/361 903/1605/1132
f 1558/2961/1872 909/2962/1138 1559/2963/1416
f 1558/2961/1872 1560/2964/1873 1561/2965/368
f 1558/2961/1872 1562/2966/1874 1885/2967/1875
f 1558/2961/1872 1885/2967/1875 909/2962/1138
f 1558/2961/1872 1559/2963/1416 1560/2964/1873
f 1558/2961/1872 1561/2965/368 1562/2966/1874
f 986/1788/1236 987/1790/1238 1124/2968/1423
f 986/1788/1236 1895/2780/1790 2050/2969/1876
f 986/1788/1236 1124/2968/1423 2101/2970/1877
f 986/1788/1236 2101/2970/1877 1895/2780/1790
f 986/1788/1236 2050/2969/1876 2044/1789/1237
f 994/1803/1242 992/1801/1247 1563/2971/1878
f 994/1794/1242 1176/2546/1488 1155/2139/1462
f 994/1803/1242 1563/2971/1878 1176/2972/1488
f 994/1794/1242 1155/2139/1462 1582/1795/1243
f 302/526/390 304/530/393 1209/2245/1520
f 302/526/390 1209/2245/1520 464/806/589
f 581/1007/724 583/1009/726 1903/2973/1879
f 581/1007/724 1564/2974/1464 582/1008/725
f 581/1007/724 1903/2973/1879 653/2975/820
f 581/1007/724 653/2975/820 1564/2974/1464
f 654/1150/822 1687/2086/1149 1130/2085/1430
f 654/1150/822 1130/2085/1430 655/1151/823
f 660/2976/828 1688/2977/1880 1691/2978/1881
f 660/2979/828 1566/2980/1882 661/2981/829
f 660/2976/828 1565/2982/1153 1688/2977/1880
f 660/2976/828 1691/2978/1881 1566/2983/1882
f 1567/2984/1883 1568/2985/1884 1569/2986/1885
f 1567/2984/1883 1569/2986/1885 2043/1843/1271
f 1567/2984/1883 1570/2987/1886 1568/2985/1884
f 1567/2984/1883 2043/1843/1271 1016/1846/1270
f 1567/2984/1883 1016/1846/1270 1570/2987/1886
f 807/1437/1023 735/1295/926 732/1289/924
f 807/1437/1023 808/2988/1026 735/1295/926
f 807/1437/1023 732/1289/924 1019/1850/1274
f 807/1437/1023 1019/1850/1274 809/1438/1024
f 183/2107/224 1571/2989/226 609/1049/755
f 183/2107/224 606/1048/754 265/453/330
f 183/2107/224 609/1049/755 606/1048/754
f 612/1062/761 1572/2990/335 1573/2991/790
f 612/1062/761 1573/2991/790 613/1063/762
f 612/1062/761 614/2992/763 1574/2993/1887
f 612/1062/761 1574/2993/1887 1572/2990/335
f 1575/2994/1888 1577/2995/1284 1578/2672/1737
f 1575/2996/1888 1198/2232/1509 1200/2230/1511
f 1575/2996/1888 1576/2997/1889 1739/2998/1890
f 1575/2996/1888 1739/2998/1890 1718/2999/1891
f 1575/2996/1888 1718/2999/1891 1577/3000/1284
f 1575/2996/1888 1200/2230/1511 1576/2997/1889
f 1575/2996/1888 1578/3001/1737 1198/2232/1509
f 621/1081/775 1579/3002/351 622/1082/776
f 1203/3003/1892 621/3004/1892 1580/3005/1892
f 1208/2244/1519 464/806/589 1209/2245/1520
f 1208/2244/1519 1211/2250/785 690/1216/869
f 1208/2244/1519 690/1216/869 464/806/589
f 990/1797/1244 1886/3006/1893 1581/3007/1894
f 990/1797/1244 1581/3007/1894 1036/1886/1297
f 990/1797/1244 1036/1886/1297 993/1798/1245
f 990/1797/1244 1582/3008/1243 1886/3006/1893
f 1583/3009/1895 1303/2420/1609 1584/3010/1896
f 1583/3009/1895 1584/3010/1896 1585/3011/1897
f 1583/3009/1895 1586/3012/621 1587/3013/619
f 1583/3009/1895 1585/3011/1897 1586/3012/621
f 1583/3009/1895 1588/3014/1898 1097/2014/1383
f 1583/3009/1895 1587/3013/619 1588/3014/1898
f 1583/3009/1895 1097/2014/1383 1303/2420/1609
f 483/2336/610 301/524/389 1257/2337/1562
f 483/2336/610 304/529/393 301/524/389
f 483/839/610 1212/838/613 304/3015/393
f 1049/3016/1316 106/187/127 1047/1917/1314
f 1049/3016/1316 107/188/128 106/187/127
f 1049/1920/1316 1048/1918/1315 1589/3017/1899
f 1049/1920/1316 1589/3017/1899 107/3018/128
f 1050/1922/1318 1054/1924/1320 1664/872/638
f 1050/1922/1318 502/871/637 1590/3019/1900
f 1050/1922/1318 1590/3019/1900 1051/1923/1319
f 1050/1922/1318 1664/872/638 502/871/637
f 327/568/419 1056/1933/1325 328/569/420
f 327/568/419 329/571/422 1667/1932/1324
f 165/285/202 1508/288/205 1469/3020/1784
f 165/285/202 1473/2776/1787 2082/286/203
f 1592/3021/1335 1360/2549/1673 1591/3022/1901
f 1592/3023/1335 1593/3024/1902 1594/3025/1336
f 1592/3021/1335 1591/3022/1901 1593/3026/1902
f 1592/3027/1335 1595/3028/1334 1360/3029/1673
f 175/304/214 402/708/514 663/1166/833
f 175/304/214 663/1166/833 176/305/215
f 182/2108/223 1675/2106/1443 1834/3030/1903
f 182/316/223 666/1171/838 184/318/225
f 182/2108/223 1834/3030/1903 667/628/457
f 182/316/223 667/1172/457 666/1171/838
f 1596/3031/1389 1346/2520/1659 1345/2519/1660
f 1596/2023/1389 1345/3032/1660 1104/2024/1390
f 1596/3031/1389 535/928/672 1346/2520/1659
f 1596/2033/1389 1108/2031/1394 535/925/672
f 537/930/674 152/263/186 259/3033/322
f 537/930/674 259/3033/322 258/931/321
f 1597/3034/1904 1554/2950/1868 203/345/245
f 1597/3035/1904 1598/3036/1905 1522/2869/1835
f 1597/3035/1904 1522/2869/1835 1521/3037/1837
f 1597/3035/1904 202/343/244 830/1471/1047
f 1597/3034/1904 1521/3038/1837 1599/3039/1906
f 1597/3035/1904 830/1471/1047 1598/3036/1905
f 1597/3034/1904 1599/3039/1906 1554/2950/1868
f 1597/3034/1904 203/345/245 202/344/244
f 1282/3040/1589 1749/3041/858 1600/3042/1907
f 1282/2385/1589 681/1197/859 1749/1196/858
f 1282/3040/1589 1600/3042/1907 1111/2049/1404
f 1282/3040/1589 1111/2049/1404 1283/2048/1403
f 1601/3043/1908 1602/3044/1774 290/507/375
f 1601/3043/1908 290/507/375 1221/2272/1532
f 1601/3043/1908 1030/3045/1289 1602/3044/1774
f 1601/3046/1908 1243/2314/1550 1245/2317/1551
f 1601/3047/1908 1245/2316/1551 1030/1881/1289
f 1601/3043/1908 1221/2272/1532 1243/3048/1550
f 1603/725/528 413/729/532 1604/3049/1909
f 1603/3050/528 1604/3051/1909 1605/3052/1910
f 1603/3050/528 950/1705/1193 1606/3053/529
f 1603/3050/528 1605/3052/1910 950/1705/1193
f 1532/3054/1911 111/3055/1911 1533/3056/1911
f 765/1349/963 1607/3057/839 766/1350/964
f 765/1349/963 1608/3058/1912 714/1260/900
f 765/1349/963 714/1260/900 1607/3057/839
f 765/1349/963 768/1352/966 1608/3058/1912
f 58/105/67 1609/3059/1913 671/1180/845
f 58/105/67 61/109/70 1609/3059/1913
f 1610/3060/1914 1611/3061/1915 1374/2577/1690
f 1610/3062/1914 416/732/535 1233/3063/1539
f 1610/3060/1914 1374/2577/1690 417/3064/536
f 1610/3060/1914 1233/3065/1539 1611/3061/1915
f 1610/3062/1914 417/733/536 416/732/535
f 1612/3066/1916 1794/3067/1917 563/3068/704
f 1612/3066/1916 1598/3036/1905 1794/3067/1917
f 1612/3066/1916 1522/2869/1835 1598/3036/1905
f 1612/3066/1916 563/3068/704 1613/3069/705
f 1612/3066/1916 1520/2870/1836 1522/2869/1835
f 1612/3066/1916 1613/3069/705 1520/2870/1836
f 312/3070/1918 1615/3071/1918 314/3072/1918
f 312/546/403 1614/3073/1919 549/950/690
f 312/546/403 549/950/690 548/949/689
f 312/546/403 548/949/689 1615/3074/1920
f 312/546/403 311/545/402 1614/3073/1919
f 1617/1622/1143 1616/3075/1529 435/768/558
f 1617/3076/1143 1220/2264/1530 1616/2263/1529
f 1618/3077/1921 966/1745/1213 1619/3078/1922
f 1618/3077/1921 915/3079/1146 966/1745/1213
f 1618/3077/1921 792/1398/998 446/3080/569
f 1618/3081/1921 446/783/569 915/1629/1146
f 1618/3077/1921 1619/3078/1922 792/1398/998
f 1620/3082/1923 1433/2696/1750 1783/2703/1754
f 1620/3082/1923 1621/3083/1924 1918/3084/1925
f 1620/3082/1923 638/1116/800 1622/3085/1926
f 1620/3082/1923 1783/2703/1754 1621/3083/1924
f 1620/3082/1923 1918/3084/1925 638/1116/800
f 1620/3082/1923 1622/3085/1926 1433/2696/1750
f 858/1529/1084 861/1528/1086 1954/3086/1927
f 858/1525/1084 1623/3087/1928 859/1526/1085
f 858/1529/1084 1954/3086/1927 1623/3088/1928
f 646/1138/811 645/1137/813 754/1329/950
f 648/1140/815 1624/3089/1929 1157/2143/1465
f 648/1147/815 651/1144/818 1625/3090/329
f 648/1147/815 1625/3090/329 1624/3091/1929
f 648/1140/815 1157/2143/1465 649/1141/816
f 1626/3092/1930 907/1613/1137 1627/3093/1931
f 1626/3092/1930 41/74/47 907/1613/1137
f 1626/3092/1930 42/75/47 41/74/47
f 1626/3092/1930 1627/3093/1931 1306/2425/1611
f 1626/3092/1930 1306/2425/1611 42/75/47
f 1628/3094/1932 1629/3095/1933 2030/3096/1934
f 1628/3097/1932 2029/3098/1935 1184/2201/1497
f 1628/3097/1932 1912/1276/915 1629/3099/1933
f 1628/3097/1932 2030/3100/1934 2029/3098/1935
f 1628/3097/1932 1184/2201/1497 1912/1276/915
f 132/233/161 599/1035/745 813/1447/1030
f 132/233/161 133/235/163 599/1035/745
f 604/1044/750 1506/1045/751 1630/3101/1936
f 604/1044/750 1608/3058/1912 768/1352/966
f 604/1044/750 1630/3101/1936 1608/3058/1912
f 1631/3102/1937 1633/3103/1937 532/3104/1937
f 1631/3105/1180 1632/3106/1938 1633/3107/670
f 1631/1693/1180 942/1689/1182 1632/3108/1938
f 1631/1686/1180 532/920/669 819/1455/1037
f 1634/3109/1939 1635/3110/1940 1636/3111/1941
f 1634/3109/1939 1637/3112/1942 947/1701/1189
f 1634/3109/1939 898/1599/1126 1638/3113/1943
f 1634/3109/1939 947/1701/1189 898/1599/1126
f 1634/3109/1939 1636/3111/1941 1637/3112/1942
f 777/3114/981 2071/843/616 1841/3115/1944
f 777/3114/981 2088/3116/1652 297/521/386
f 777/3114/981 297/521/386 2071/843/616
f 777/1374/981 345/602/444 2088/2504/1652
f 1640/3117/1945 1641/3118/1946 2118/3119/1947
f 1640/3117/1945 955/3120/1200 1639/3121/1199
f 1640/3122/1945 1639/1714/1199 1641/3123/1946
f 1640/3117/1945 2118/3119/1947 2012/3124/1948
f 1640/3117/1945 1883/3125/1949 955/3120/1200
f 1640/3117/1945 2012/3124/1948 1883/3125/1949
f 2/2/2 1072/1965/1349 3/3/3
f 2/2/2 7/3126/8 507/879/642
f 1642/3127/1950 1145/2119/1450 1291/2165/1475
f 1642/3127/1950 1849/3128/1951 1146/2120/1451
f 1642/3127/1950 9/3129/10 1849/3128/1951
f 1642/3127/1950 1166/2164/1474 2047/3130/11
f 1642/3127/1950 1146/2120/1451 1145/2119/1450
f 1642/3127/1950 2047/3130/11 9/3129/10
f 1642/3127/1950 1291/2165/1475 1166/2164/1474
f 1643/3131/1212 1644/3132/1952 1646/3133/1953
f 1643/3134/1212 1645/3135/1214 1647/1499/1066
f 1643/1740/1212 1646/3136/1953 360/1741/462
f 1643/3131/1212 1647/3137/1066 1644/3132/1952
f 1648/3138/1954 19/37/24 23/46/27
f 1648/3138/1954 1041/3139/1955 19/37/24
f 1648/3140/1954 368/642/470 981/1778/1231
f 1648/3140/1954 369/643/471 368/642/470
f 1648/3138/1954 23/46/27 369/3141/471
f 1648/3140/1954 981/1778/1231 1041/3142/1955
f 1652/3143/1956 1649/3144/1956 1650/3145/1956
f 1652/2358/1571 875/1555/1100 1651/3146/1957
f 1652/2358/1571 1270/2364/1577 875/1555/1100
f 1652/3147/1571 1651/3148/1957 1649/3149/1958
f 26/48/30 1653/3150/1959 24/49/31
f 26/48/30 1655/3151/1960 1653/3150/1959
f 26/3152/30 1654/3153/1824 1655/3154/1960
f 98/178/120 33/3155/41 100/179/121
f 98/3156/120 1219/3157/1528 33/66/41
f 1483/2796/1794 1482/2795/1796 1656/3158/1961
f 1483/2792/1794 1657/3159/1962 1481/2793/1795
f 1483/2796/1794 1656/3158/1961 1657/3160/1962
f 1400/2629/1717 1658/3161/1963 1401/2630/1718
f 1400/2629/1717 1627/3093/1931 1658/3161/1963
f 1400/2629/1717 1306/2425/1611 1627/3093/1931
f 1400/2629/1717 750/1322/946 1306/2425/1611
f 1661/558/412 1659/3162/1964 1863/559/413
f 1661/3163/412 1135/2098/1433 1659/3164/1964
f 1661/3163/412 1660/3165/1965 1135/2098/1433
f 1661/3166/412 2100/3167/411 1662/917/666
f 1661/3168/412 2111/3169/1966 1660/3170/1965
f 1661/3168/412 1662/3171/666 2111/3169/1966
f 1054/1927/1320 1053/1926/1321 1663/3172/1967
f 1054/1927/1320 1663/3172/1967 1664/3173/638
f 936/1678/1175 939/1683/1178 1665/3174/903
f 936/1678/1175 1666/3175/902 1667/3176/1324
f 936/3177/1175 1665/1263/903 1666/1262/902
f 936/1678/1175 1667/3176/1324 937/1679/1176
f 1192/2219/1502 1194/2218/1504 2001/3178/1968
f 1192/2212/1502 1668/3179/1969 1669/3180/1970
f 1192/2212/1502 334/583/431 2062/2213/1503
f 1192/2212/1502 1669/3180/1970 334/583/431
f 1192/2219/1502 2001/3178/1968 1670/3181/1971
f 1671/3182/1972 885/1574/1113 72/128/85
f 1671/3183/1972 2063/3184/1973 403/3185/516
f 1671/3183/1972 403/3185/516 885/3186/1113
f 1671/3182/1972 71/126/83 1672/3187/938
f 1671/3182/1972 72/128/85 71/126/83
f 1671/3183/1972 1672/3188/938 2063/3184/1973
f 79/132/87 1886/3189/1893 73/133/88
f 79/140/87 1581/3190/1894 1886/3191/1893
f 79/140/87 743/1313/940 1581/3190/1894
f 1439/2712/1756 956/1717/1198 1882/3192/1974
f 1439/2712/1756 1673/3193/1975 1674/3194/1976
f 1439/2712/1756 1882/3192/1974 1673/3193/1975
f 1439/2712/1756 1674/3194/1976 1199/2231/1510
f 3/3/3 1104/2024/1390 1345/3032/1660
f 3/3/3 1345/3032/1660 4/4/4
f 3/3/3 1072/1965/1349 1104/2024/1390
f 1675/2106/1443 1408/3195/1722 1834/3030/1903
f 1675/3196/1443 1457/2643/1723 1408/2642/1722
f 966/1745/1213 359/633/461 1676/3197/1977
f 966/1742/1213 1677/3198/1978 1645/1743/1214
f 966/1745/1213 1676/3197/1977 1619/3078/1922
f 966/1742/1213 915/1629/1146 1677/3198/1978
f 1678/3199/1215 2040/3200/1979 1468/170/114
f 1678/1746/1215 1468/2766/114 1467/2765/1782
f 1678/3199/1215 2041/3201/1218 2040/3200/1979
f 1678/1746/1215 1467/2765/1782 967/1747/1216
f 1360/2549/1673 1359/2548/1489 1591/3022/1901
f 1360/3029/1673 1595/3028/1334 1357/3202/1672
f 303/533/392 1679/3203/1980 570/989/710
f 303/533/392 305/532/391 1679/3203/1980
f 973/1770/1223 1422/2671/1736 1361/2552/1675
f 973/1770/1223 972/1761/1222 1422/2671/1736
f 1441/2715/147 1445/2720/1759 120/3204/148
f 1447/2725/1760 1449/2724/1762 879/3205/1107
f 1447/2722/1760 127/227/156 1448/2723/1761
f 1447/2722/1760 879/1563/1107 127/227/156
f 1196/2222/955 887/1577/1115 759/1576/956
f 1196/1336/955 760/1343/958 1195/2221/1506
f 1681/3206/1981 650/3207/817 1680/3208/1982
f 1681/3209/1981 1316/2438/1618 1315/2437/1617
f 1681/3206/1981 2064/722/526 1682/3210/1827
f 1681/3209/1981 1682/2857/1827 1316/2438/1618
f 1681/3206/1981 1680/3208/1982 2064/722/526
f 1681/3209/1981 1315/2437/1617 650/3211/817
f 1683/2662/1730 1415/2661/1731 1454/3212/1767
f 1683/3213/1730 1456/3214/1770 1684/3215/1584
f 1611/3216/1915 900/1601/1128 946/1700/1188
f 1611/3061/1915 1373/2576/1689 1374/2577/1690
f 1611/3061/1915 946/3217/1188 1373/2576/1689
f 1611/3061/1915 1233/3065/1539 900/3218/1128
f 904/1610/1133 905/1609/1135 157/270/191
f 904/3219/1983 1892/3220/1983 1685/3221/1983
f 370/645/473 1722/647/475 2081/3222/1984
f 370/645/473 2081/3222/1984 914/1624/1144
f 1686/3223/1985 1292/2402/1600 1464/167/111
f 1686/3223/1985 561/967/701 1292/2402/1600
f 1686/3224/1985 1463/2757/1781 2022/3225/1986
f 1686/3224/1985 1464/2758/111 1463/2757/1781
f 1686/3224/1985 2022/3225/1986 562/3226/702
f 1686/3223/1985 562/968/702 561/967/701
f 1129/2608/1429 919/1637/1148 1387/2609/1705
f 1129/2608/1429 1687/3227/1149 919/1637/1148
f 1688/3228/1880 1565/3229/1153 1689/3230/1813
f 1688/3228/1880 1690/3231/1987 1691/3232/1881
f 1688/3228/1880 1689/3230/1813 1692/3233/1814
f 1688/3228/1880 1692/3233/1814 1690/3231/1987
f 700/1236/487 703/1240/883 645/1137/813
f 700/667/487 645/1134/813 385/668/488
f 1695/1656/1163 1363/2555/1676 1693/3234/496
f 1695/1656/1163 1694/3235/1988 1363/2555/1676
f 1695/1656/1163 115/1658/141 1694/3235/1988
f 1695/3236/1163 1693/682/496 926/1660/1164
f 1031/1875/1290 472/823/602 2061/3237/1989
f 1031/1875/1290 1973/3238/1990 1926/1876/1291
f 1031/1875/1290 2061/3237/1989 1696/3239/1991
f 1031/1875/1290 1696/3239/1991 1973/3238/1990
f 1697/3240/1698 1959/3241/1700 1420/2668/1734
f 1697/2597/1698 951/3242/1195 1897/2598/1699
f 1697/3240/1698 1420/2668/1734 953/1711/1197
f 1697/3240/1698 953/1711/1197 951/3243/1195
f 227/394/280 228/396/282 1698/3244/1992
f 227/394/280 1699/3245/1993 1249/395/281
f 227/394/280 1698/3244/1992 1700/3246/1994
f 227/394/280 1700/3246/1994 1699/3245/1993
f 232/404/288 1047/1917/1314 1701/3247/1995
f 232/404/288 1701/3247/1995 233/405/289
f 1051/1923/1319 1590/3019/1900 1261/2349/1567
f 1056/1933/1325 1423/3248/1740 328/569/420
f 1056/1933/1325 240/421/300 1702/3249/1741
f 1056/1933/1325 1702/3249/1741 1423/3248/1740
f 1703/3250/1822 1470/2770/1785 1469/2769/1784
f 1703/3250/1822 1509/3251/1001 1967/3252/1996
f 1703/3250/1822 1469/2769/1784 1508/3253/205
f 1703/3250/1822 1967/3252/1996 1470/2770/1785
f 24/51/31 1653/3254/1959 2073/3255/1997
f 24/51/31 2073/3255/1997 28/52/32
f 1273/2367/1579 1067/1955/1342 1065/1953/1340
f 1273/2367/1579 1065/1953/1340 1274/2368/1580
f 1273/2367/1579 527/912/662 1067/1955/1342
f 783/3256/988 1075/3257/1352 770/1358/972
f 783/3256/988 1704/3258/1998 784/3259/989
f 783/3256/988 770/1358/972 1704/3258/1998
f 187/324/229 1518/2865/1829 188/325/230
f 255/3260/317 676/1188/850 462/804/587
f 255/3260/317 462/804/587 256/3261/318
f 255/438/317 259/443/322 2038/3262/1999
f 255/3260/317 2038/3263/1999 676/1188/850
f 1705/3264/1436 1706/3265/2000 1994/3266/2001
f 1705/2094/1436 1133/2093/1435 1280/2382/1587
f 1705/2094/1436 1280/2382/1587 1707/3267/2002
f 1705/3264/1436 1994/3266/2001 1993/3268/1437
f 1705/3269/1436 1707/3270/2002 1706/3271/2000
f 1556/2955/1361 1708/3272/2003 1172/2182/1362
f 1556/2955/1361 1555/2954/1870 1709/3273/2004
f 1556/2955/1361 1709/3273/2004 1708/3272/2003
f 552/954/694 1160/2152/1470 1159/2151/1469
f 552/954/694 554/957/695 1160/2152/1470
f 729/1285/918 728/1284/920 828/1466/1045
f 284/499/367 1459/2742/1772 1561/500/368
f 987/2404/1238 1125/2407/1424 1124/3274/1423
f 1118/2062/1413 218/3275/268 709/1249/890
f 1118/2062/1413 709/1249/890 706/1244/887
f 1118/2062/1413 706/1244/887 574/995/715
f 998/1813/1249 1950/3276/2005 1710/3277/2006
f 998/1813/1249 997/1812/1252 1950/3276/2005
f 998/1813/1249 1710/3277/2006 1113/2052/1407
f 998/1813/1249 1113/2052/1407 1711/3278/1250
f 890/1585/1119 1712/3279/2007 803/1428/1018
f 890/1585/1119 889/1584/1118 2077/2913/1849
f 890/1585/1119 803/1428/1018 892/3280/1016
f 890/1585/1119 2077/2913/1849 1712/3279/2007
f 244/425/304 246/427/306 1004/1823/1258
f 1713/3281/1263 2112/699/508 253/436/315
f 1713/1833/1263 1010/1832/1265 2112/3282/508
f 1713/3281/1263 253/436/315 1008/433/312
f 1013/1838/1267 1905/2099/1439 1312/2434/1615
f 1013/3283/1267 1714/3284/1272 1715/3285/2008
f 1013/1838/1267 1312/2434/1615 1014/1839/1268
f 1013/1838/1267 1715/3286/2008 1905/2099/1439
f 261/1847/324 263/3287/327 1017/1848/1273
f 261/445/324 1019/1850/1274 262/446/325
f 1021/1855/1277 837/1487/1054 1024/1856/1278
f 740/1304/934 1552/2947/1866 741/1305/935
f 740/1304/934 1716/3288/2009 1552/2947/1866
f 740/1304/934 1765/1310/937 1716/3288/2009
f 1324/2460/1034 818/3289/1036 1325/2461/1628
f 1324/1452/1034 1326/3290/1629 817/1453/1035
f 1717/3291/1283 1577/3000/1284 1718/2999/1891
f 1717/1864/1283 1600/3292/1907 718/1266/906
f 1717/1864/1283 1718/3293/1891 1600/3292/1907
f 977/2884/1226 1527/2883/1206 1816/3294/1227
f 977/2881/1226 2099/3295/498 1206/2241/1517
f 685/1209/866 1167/2166/1476 686/1210/867
f 1719/3296/870 1646/3297/1953 2026/3298/2010
f 1719/3296/870 362/3299/464 1646/3297/1953
f 1719/3296/870 2026/3298/2010 1720/3300/2011
f 1719/1218/870 1720/3301/2011 691/1219/871
f 696/1233/878 699/1232/877 1174/2180/1484
f 696/1229/878 1721/3302/2012 697/1230/879
f 696/1233/878 1708/3272/2003 1721/3303/2012
f 696/1233/878 1174/2180/1484 1708/3272/2003
f 1722/3304/475 1723/3305/2013 1724/20/14
f 1722/647/475 1724/3306/14 2081/3222/1984
f 1722/3304/475 372/3307/477 1723/3305/2013
f 377/659/482 1725/1706/1194 952/1708/1196
f 377/659/482 952/1708/1196 378/660/483
f 377/663/482 380/662/484 708/1247/889
f 377/663/482 708/1247/889 1725/3308/1194
f 1053/3309/1321 1726/3310/293 1123/2076/1421
f 1053/3309/1321 1123/2076/1421 1126/2080/1425
f 1053/3309/1321 1126/2080/1425 1663/3311/1967
f 1727/3312/2014 554/957/695 551/953/693
f 1727/3313/2014 1424/2678/1742 1702/2676/1741
f 1727/3313/2014 1702/2676/1741 242/3314/302
f 1727/3312/2014 551/953/693 1143/2117/1448
f 1727/3312/2014 1728/3315/2015 554/957/695
f 1727/3316/2014 242/3317/302 1728/3318/2015
f 1727/3313/2014 1143/2116/1448 1424/2678/1742
f 1729/3319/1077 855/1513/1076 1331/2477/1634
f 1729/1515/1077 1332/2476/1635 853/1516/1078
f 1730/3320/2016 1857/3321/2017 1731/3322/2018
f 1730/3320/2016 1591/3022/1901 1359/2548/1489
f 1730/3320/2016 1731/3322/2018 1591/3022/1901
f 1730/3320/2016 1359/2548/1489 1177/3323/1490
f 1730/3320/2016 1177/3323/1490 1931/3324/2019
f 1730/3320/2016 1931/3324/2019 1857/3321/2017
f 1732/3325/2020 1733/3326/2021 1570/2987/1886
f 1732/3325/2020 2054/3327/2022 1734/3328/2023
f 1732/3325/2020 1734/3328/2023 1733/3326/2021
f 1732/3325/2020 1570/2987/1886 1016/1846/1270
f 1732/3325/2020 1016/1846/1270 2054/3327/2022
f 882/1559/1104 1735/3329/2024 1336/2483/1641
f 882/2102/1104 1139/2105/1442 1735/3330/2024
f 882/1559/1104 1336/2483/1641 877/1560/1105
f 866/1539/929 736/3331/931 868/1540/1090
f 866/1297/929 867/3332/1091 738/1298/930
f 1367/2568/1681 1368/2567/1684 340/589/437
f 1367/2563/1681 578/1003/719 577/1002/721
f 1367/2568/1681 340/589/437 338/587/435
f 1079/2041/1356 1791/3333/1358 2048/2042/1400
f 1079/2041/1356 203/345/245 1554/2950/1868
f 1736/3334/1402 1576/2997/1889 1737/3335/2025
f 1736/3334/1402 1739/2998/1890 1576/2997/1889
f 1736/3334/1402 1737/3335/2025 1738/3336/250
f 1736/2047/1402 1111/2049/1404 1739/3337/1890
f 1201/2234/1513 477/829/606 2051/3338/2026
f 1201/2234/1513 2051/3338/2026 1202/2235/1055
f 1741/774/563 1742/3339/2027 1740/3340/2028
f 1741/774/563 1740/3340/2028 441/775/564
f 1741/3341/563 1487/2804/1800 1742/3342/2027
f 1741/3341/563 443/3343/566 1487/2804/1800
f 268/458/333 2020/465/338 2021/2806/1801
f 301/524/389 569/987/709 1257/2337/1562
f 194/3344/236 195/2829/237 1497/2825/1812
f 194/3345/236 1744/3346/2029 1372/3347/1688
f 194/3344/236 1497/2825/1812 1743/3348/2030
f 194/3344/236 1743/3348/2030 1744/3349/2029
f 650/3207/817 652/3350/819 1902/3351/2031
f 650/3207/817 1902/3351/2031 1680/3208/1982
f 650/3352/817 1315/3353/1617 651/3354/818
f 656/3355/824 1745/3356/377 657/3357/825
f 656/1153/824 393/691/503 392/690/502
f 399/701/509 400/703/511 1341/2500/1650
f 399/701/509 1340/3358/1651 1955/702/510
f 402/708/514 404/711/517 336/585/433
f 406/713/519 529/1959/664 530/714/520
f 510/885/641 509/884/644 734/1294/927
f 510/885/641 734/1294/927 412/728/531
f 677/1189/851 418/736/539 460/801/586
f 677/1189/851 419/737/540 418/736/539
f 1746/1193/855 943/3359/1184 2091/3360/2032
f 1746/1193/855 2091/3360/2032 679/1194/856
f 1746/3361/855 1747/3362/1544 1748/3363/1185
f 1746/1193/855 1748/3364/1185 943/3359/1184
f 1746/1193/855 159/273/193 1747/3365/1544
f 1749/3366/858 722/1270/861 718/1266/906
f 1749/3366/858 718/1266/906 1600/3292/1907
f 1442/2467/1631 1444/291/204 166/290/206
f 1442/3367/1631 1750/3368/1632 1443/3369/1758
f 1062/1950/1337 1063/1951/1338 1751/3370/2033
f 1062/1950/1337 1752/3371/2034 1449/2724/1762
f 1062/1950/1337 1751/3370/2033 1752/3371/2034
f 1753/3372/1605 884/1573/1112 1754/3373/2035
f 1753/3372/1605 1755/3374/894 884/1573/1112
f 1753/2413/1605 1754/3375/2035 1299/2414/1606
f 1753/2418/1605 1301/2417/1608 1755/3376/894
f 1756/3377/2036 1571/319/226 184/318/225
f 1756/3378/2036 713/1259/899 1757/3379/2037
f 1756/3378/2036 1607/3057/839 714/1260/900
f 1756/3377/2036 1757/3380/2037 1571/319/226
f 1756/3378/2036 714/1260/900 713/1259/899
f 1756/3377/2036 184/318/225 1607/1173/839
f 531/919/668 535/925/672 1108/2031/1394
f 531/919/668 1108/2031/1394 818/1454/1036
f 1635/3110/1940 822/1459/1040 1636/3111/1941
f 1635/3110/1940 823/1460/1041 822/1459/1040
f 1635/3110/1940 540/935/677 823/1460/1041
f 544/3381/681 903/1605/1132 1758/3382/2038
f 544/3381/681 906/1611/683 903/1605/1132
f 544/3381/681 1758/3382/2038 1720/3301/2011
f 544/941/681 1720/3383/2011 545/942/682
f 1759/945/685 1562/3384/1874 1459/2742/1772
f 1759/945/685 1459/2742/1772 547/946/686
f 1759/945/685 1237/947/687 1239/3385/1546
f 1759/3386/685 1760/3387/2039 1562/2966/1874
f 1759/3386/685 1239/2306/1546 1760/3387/2039
f 1318/2442/1620 1761/3388/863 1859/2443/1621
f 1318/2442/1620 1762/3389/2040 1761/3388/863
f 1318/2442/1620 1550/2944/1863 1762/3389/2040
f 1763/2453/1624 1115/2455/1410 1116/3390/1409
f 1763/3391/2041 1764/3392/2041 1765/3393/2041
f 1763/2453/1624 1765/3394/937 1320/2454/936
f 1297/1492/1062 843/1497/1065 1982/375/266
f 980/1781/1230 556/1780/696 223/387/272
f 980/1781/1230 1766/3395/1302 981/3396/1231
f 980/1781/1230 223/387/272 1766/3395/1302
f 1470/2770/1785 1217/2259/1526 1471/2771/1786
f 1470/2770/1785 1967/3252/1996 1217/2259/1526
f 1474/2777/1788 499/3397/634 1784/3398/2042
f 1474/2777/1788 1784/3398/2042 29/59/35
f 1474/2777/1788 29/59/35 1475/2778/1789
f 1474/2777/1788 862/1536/1088 499/3397/634
f 504/3399/427 1767/3400/2043 332/3401/428
f 504/875/427 505/874/639 1296/2409/1603
f 504/3399/427 1768/3402/2044 1767/3400/2043
f 504/875/427 1296/2409/1603 1768/3403/2044
f 508/3404/643 872/3405/645 1769/3406/1095
f 508/3404/643 1770/3407/2045 509/3408/644
f 508/3404/643 1769/3406/1095 1398/3409/1716
f 508/3404/643 1398/3409/1716 1770/3407/2045
f 588/1017/731 932/1669/1166 931/1668/1169
f 588/1017/731 931/1668/1169 589/1018/732
f 588/1017/731 1401/3410/1718 932/1669/1166
f 588/1017/731 1402/1020/734 1401/3410/1718
f 593/1024/737 594/1026/739 1771/3411/2046
f 593/1024/737 1771/3411/2046 1772/3412/2047
f 593/1024/737 1772/3412/2047 1904/1025/738
f 597/1033/744 600/1036/746 1312/2434/1615
f 597/1033/744 1312/2434/1615 1905/2099/1439
f 1410/2652/1727 1773/3413/2048 139/2653/169
f 1410/2652/1727 114/205/140 1773/3413/2048
f 1410/2652/1727 117/209/143 114/205/140
f 1774/3414/2049 1415/2661/1731 1416/2663/78
f 1774/3414/2049 1775/3415/2050 1830/3416/2051
f 1774/3414/2049 1836/3417/2052 1415/2661/1731
f 1774/3414/2049 1416/2663/78 1775/3415/2050
f 1774/3414/2049 1830/3416/2051 1776/3418/2053
f 1774/3414/2049 1776/3418/2053 1836/3417/2052
f 631/3419/789 1581/3190/1894 743/1313/940
f 631/3419/789 743/1313/940 1573/2991/790
f 631/1102/789 1036/1886/1297 1581/3007/1894
f 631/1102/789 632/1101/791 1036/1886/1297
f 1777/3420/794 1778/3421/796 2118/3422/1947
f 1777/1106/794 1042/1898/1305 1039/1890/1301
f 351/621/450 354/620/453 1286/2391/1593
f 351/613/450 1779/3423/1592 781/1381/985
f 1145/2119/1450 1289/3424/1597 1291/2165/1475
f 1145/2119/1450 1426/2122/1453 1289/3424/1597
f 790/1394/994 1150/2129/1456 1891/3425/2054
f 790/1394/994 1891/3425/2054 2105/1395/995
f 481/835/611 1780/3426/1564 1431/2690/1747
f 1781/2699/1752 1945/2698/1751 1650/3427/1572
f 1781/2699/1752 1650/3427/1572 1649/3428/1958
f 1781/3429/1752 1649/3149/1958 1782/3430/2055
f 1781/3431/1752 1782/3432/2055 1783/3433/1754
f 795/1409/1003 1784/3434/2042 497/863/632
f 795/3435/1003 1947/3436/2056 1785/3437/2057
f 795/1409/1003 1920/3438/2058 1784/3434/2042
f 795/1409/1003 1881/1412/1006 1880/3439/2059
f 795/3435/1003 1785/3437/2057 1920/3440/2058
f 795/3441/2060 1880/3442/2060 1947/3443/2060
f 1435/2707/1554 1249/395/281 1699/3245/1993
f 1435/2707/1554 1699/3245/1993 1700/3246/1994
f 1435/2707/1554 1700/3246/1994 1436/2708/1755
f 83/146/94 82/145/96 1786/3444/2061
f 83/142/94 1786/3445/2061 1787/3446/1466
f 83/142/94 1787/3446/1466 307/536/396
f 83/142/94 307/536/396 80/143/95
f 1788/3447/1677 1789/3448/2062 249/430/309
f 1788/3447/1677 396/3449/505 1789/3448/2062
f 1788/3447/1677 247/428/307 1790/3450/1678
f 1788/3447/1677 249/430/309 247/428/307
f 1403/3451/1357 252/435/314 1791/3452/1358
f 1792/3453/1682 580/1005/720 579/1004/722
f 1792/2564/1682 579/3454/722 1369/2565/1683
f 1641/3123/1946 1712/3279/2007 1793/3455/2063
f 1641/3123/1946 1119/3456/1414 2118/3457/1947
f 1641/3123/1946 1639/1714/1199 1712/3279/2007
f 1641/3123/1946 1793/3455/2063 1119/3456/1414
f 416/732/535 1230/1191/853 1233/3063/1539
f 416/732/535 419/737/540 1230/1191/853
f 1794/3067/1917 1598/3036/1905 830/1471/1047
f 1794/3458/1917 828/1466/1045 728/1284/920
f 1794/3458/1917 728/1284/920 563/973/704
f 1794/3458/1917 830/1470/1047 828/1466/1045
f 1795/3459/554 608/1055/756 607/1054/757
f 1795/3459/554 607/1054/757 1796/3460/2064
f 1795/760/554 435/768/558 608/3461/756
f 1795/3462/2065 1796/3463/2065 1810/3464/2065
f 1797/3465/1406 1798/3466/1411 1799/3467/2066
f 1797/3465/1406 1799/3467/2066 1711/3468/1250
f 1797/2051/1406 1711/3278/1250 1113/2052/1407
f 1214/784/570 1800/3469/2067 447/785/571
f 1214/2253/570 1216/2256/1524 1800/3470/2067
f 1491/3471/1805 1539/3472/1852 1182/3473/1496
f 1491/2814/1805 1801/3474/2068 1492/2815/1806
f 1491/3471/1805 1802/3475/1808 2053/3476/2069
f 1491/2814/1805 1182/3477/1496 1801/3474/2068
f 1491/3471/1805 2053/3476/2069 1539/3472/1852
f 1388/2610/1706 933/1671/1170 1803/3478/2070
f 1388/2610/1706 1009/1835/1264 933/1671/1170
f 1389/2619/1708 1393/2618/1712 466/3479/591
f 1389/2612/1708 1804/3480/590 2039/2613/1709
f 1389/2619/1708 466/3479/591 1804/3481/590
f 468/813/594 1694/3235/1988 118/3482/144
f 468/813/594 118/3482/144 1413/3483/1729
f 468/813/594 470/816/597 1694/3235/1988
f 468/813/594 1413/3483/1729 469/814/595
f 719/2587/907 682/1199/860 1378/2588/1695
f 719/2587/907 722/1200/861 682/1199/860
f 1593/3026/1902 1591/3022/1901 1731/3322/2018
f 1593/3026/1902 1731/3322/2018 48/87/56
f 1593/3026/1902 48/87/56 1986/3484/2071
f 1593/3024/1902 1986/3485/2071 1594/3025/1336
f 324/3486/365 281/3487/363 1545/2931/1173
f 1735/3330/2024 1139/2105/1442 1805/3488/2072
f 1735/3330/2024 1335/2485/1642 1336/2487/1641
f 1735/3330/2024 1805/3488/2072 1335/2485/1642
f 1806/3489/2073 1975/3490/2073 333/3491/2073
f 1806/578/429 334/583/431 1669/3180/1970
f 1806/578/429 1669/3180/1970 1975/3492/1646
f 1637/3112/1942 948/1702/1190 947/1701/1189
f 1637/3112/1942 1807/3493/2074 948/1702/1190
f 1637/3112/1942 1636/3111/1941 1807/3493/2074
f 1808/3494/442 344/595/441 423/744/545
f 1808/3495/2075 2084/3496/2075 2086/3497/2075
f 1808/3494/442 423/744/545 2084/743/544
f 1808/3498/442 2086/3499/2076 343/601/443
f 486/848/445 780/1380/984 1587/849/619
f 1809/3500/347 1579/3501/351 1810/763/555
f 1809/3502/2077 1810/3503/2077 1796/3504/2077
f 1809/3505/347 1796/3460/2064 1811/3506/2078
f 1809/476/347 1811/3507/2078 274/477/348
f 692/1223/872 325/564/416 1715/3508/2008
f 692/1220/872 1714/3284/1272 358/632/460
f 692/1223/872 693/1221/873 325/564/416
f 692/1220/872 1715/3285/2008 1714/3284/1272
f 699/1232/877 1255/2181/1485 1174/2180/1484
f 699/1232/877 427/752/550 1255/2181/1485
f 1812/3509/2079 371/3510/476 1998/894/649
f 1812/3509/2079 1998/894/649 1060/1944/1331
f 1812/3509/2079 1813/3511/2080 372/3512/477
f 1812/3509/2079 372/3512/477 371/3510/476
f 1812/3509/2079 1060/1944/1331 1813/3511/2080
f 25/54/33 30/56/34 1814/3513/2081
f 25/54/33 1814/3513/2081 293/513/381
f 568/984/708 1815/3514/2082 490/985/625
f 568/984/708 1393/2621/1712 1391/2616/1711
f 568/984/708 570/989/710 1679/3203/1980
f 568/984/708 1679/3203/1980 1393/2621/1712
f 568/984/708 1391/2616/1711 1815/3514/2082
f 1364/2557/497 1361/2552/1675 89/159/104
f 1364/683/497 1693/682/496 1363/3515/1676
f 978/3516/1228 1943/3517/2083 1479/2789/1427
f 978/3516/1228 1816/3518/1227 960/3519/1205
f 978/3516/1228 960/3519/1205 1943/3517/2083
f 1429/2401/1599 424/745/546 426/746/547
f 1429/2401/1599 426/746/547 1964/165/109
f 1429/2401/1599 2098/3520/1746 424/745/546
f 1819/3521/2084 1817/3522/2085 1820/3523/2086
f 1819/3524/2084 1258/2341/1563 1818/3525/2087
f 1819/3521/2084 1818/3526/2087 1817/3522/2085
f 1819/3527/2088 1820/3528/2088 1780/3529/2088
f 1819/3524/2084 1780/3530/1564 1258/2341/1563
f 1815/3514/2082 1821/3531/2089 2104/3532/2090
f 1815/3514/2082 1914/3533/2091 490/985/625
f 1815/3514/2082 1391/2616/1711 1821/3531/2089
f 1815/3514/2082 2104/3532/2090 1914/3533/2091
f 498/864/633 501/868/636 1563/2971/1878
f 498/864/633 992/1801/1247 796/1410/1004
f 498/864/633 1563/2971/1878 992/1801/1247
f 1095/2010/1377 1096/2009/1380 1822/3534/2092
f 1095/2010/1377 1822/3534/2092 1764/3535/2093
f 1095/2002/1377 1823/3536/1778 1971/2003/1378
f 583/1012/726 585/1011/727 1584/3010/1896
f 583/1012/726 1584/3010/1896 2094/3537/2094
f 583/1012/726 2094/3537/2094 1903/3538/1879
f 1493/2817/1807 450/789/575 454/793/579
f 1493/2817/1807 589/1018/732 2109/3539/2095
f 1493/2817/1807 2109/3539/2095 1802/2818/1808
f 1493/2817/1807 454/793/579 589/1018/732
f 1824/3540/2096 1690/3231/1987 1692/3233/1814
f 1824/3540/2096 461/798/584 1690/3231/1987
f 1824/3541/2096 1692/2830/1814 1499/2827/1399
f 1824/3541/2096 2075/3542/1396 461/3543/584
f 1824/3541/2096 1499/2827/1399 2075/3542/1396
f 524/909/659 523/908/658 1189/2209/1500
f 524/909/659 1311/2430/1613 525/910/660
f 524/909/659 1189/2209/1500 1311/2430/1613
f 169/297/209 137/247/168 141/246/171
f 169/297/209 141/246/171 170/298/210
f 1670/1360/973 1825/3544/1622 1451/1361/974
f 1572/461/335 1574/3545/1887 270/462/336
f 1577/2995/1284 1826/3546/1286 1578/2672/1737
f 1203/2237/1514 1580/3547/2097 868/1543/1090
f 1203/2237/1514 736/1486/931 836/1485/1057
f 1203/2237/1514 868/1543/1090 736/1486/931
f 838/1488/1058 1827/3548/2098 440/773/562
f 838/1488/1058 840/1490/1060 1251/2325/1556
f 838/1488/1058 1884/2320/1553 1827/3548/2098
f 838/1488/1058 1251/2325/1556 1884/2320/1553
f 1253/2331/1558 1879/841/615 1881/3549/1006
f 1253/2331/1558 17/32/22 1879/841/615
f 1253/2328/1558 1968/3550/2099 1254/2329/1559
f 1253/2328/1558 1881/3551/1006 1968/3550/2099
f 847/1505/1070 850/1510/1073 2067/3552/2100
f 569/987/709 494/990/629 1257/2337/1562
f 106/187/127 105/191/126 1701/3247/1995
f 106/187/127 1701/3247/1995 1047/1917/1314
f 502/871/637 1828/3553/2101 1590/3019/1900
f 502/871/637 333/581/430 1828/3553/2101
f 1423/3248/1740 1266/2355/1569 328/569/420
f 804/3554/647 88/157/103 1942/2674/1739
f 804/892/647 1829/3555/2102 513/893/648
f 804/892/647 1942/3556/1739 1829/3555/2102
f 516/3557/651 520/904/655 1272/2366/1025
f 516/898/651 806/1435/1022 517/899/652
f 1066/1954/1341 1068/1956/1343 1223/2274/1534
f 1066/1954/1341 134/237/164 135/238/162
f 1066/1954/1341 135/238/162 812/1445/1029
f 767/1351/965 814/1449/1031 768/1352/966
f 767/1351/965 1775/3558/2050 814/1449/1031
f 767/3559/965 1830/3560/2051 1775/3561/2050
f 767/3559/965 1831/3562/2103 1830/3560/2051
f 767/3559/965 1226/2279/968 1831/3562/2103
f 958/3563/1202 1832/3564/1585 2074/3565/2104
f 958/1720/1202 2074/3566/2104 959/1721/1203
f 958/3563/1202 1279/3567/1586 1832/3564/1585
f 958/3568/1202 1833/3569/1207 1279/2381/1586
f 1408/3570/1722 355/624/455 1834/3571/1903
f 1408/3570/1722 1409/3572/2105 2058/625/456
f 1408/3570/1722 2058/625/456 355/624/455
f 1835/2952/1869 1554/2950/1868 1599/3039/1906
f 1835/3573/1869 1836/3417/2052 1776/3418/2053
f 1835/3574/2106 1599/3575/2106 1836/3576/2106
f 1835/2951/1869 1776/3577/2053 1078/1973/1355
f 1837/3578/2107 1615/3579/1920 548/3580/689
f 1837/3578/2107 1460/2744/688 1925/2743/1773
f 1837/3581/2107 1838/3582/2108 1839/3583/2109
f 1837/3578/2107 1925/2743/1773 1838/3584/2108
f 1837/3578/2107 1839/3585/2109 1615/3579/1920
f 1837/3578/2107 548/3580/689 1460/2744/688
f 1482/3586/1796 1485/2799/1798 1840/3587/2110
f 1482/2795/1796 1750/2468/1632 1656/3158/1961
f 1482/2795/1796 1840/3588/2110 1750/2468/1632
f 1742/3339/2027 366/3589/468 1356/2538/1670
f 1742/3339/2027 1355/2537/1669 1740/3340/2028
f 1742/3342/2027 1487/2804/1800 366/640/468
f 1742/3339/2027 1356/2538/1670 1355/2537/1669
f 15/3590/2111 1841/3591/2111 1842/3592/2111
f 15/26/19 16/35/21 1140/2109/1444
f 19/37/24 1041/3139/1955 1042/3593/1305
f 19/37/24 1042/3593/1305 20/38/25
f 1433/2696/1750 918/1635/1151 917/1634/1150
f 1433/2696/1750 1622/3085/1926 918/1635/1151
f 108/3594/2112 2033/3595/2112 1565/3596/2112
f 1844/2937/1156 1548/2936/1861 1843/3597/2113
f 1844/3598/1156 1843/3599/2113 1504/2840/1819
f 1844/3598/1156 1504/2840/1819 1845/3600/1157
f 1846/2269/1531 733/1290/925 1770/3601/2045
f 1846/3602/1531 1397/3603/1715 1847/3604/328
f 1846/3602/1531 1770/3407/2045 1398/3409/1716
f 1846/3602/1531 1398/3409/1716 1397/3603/1715
f 1268/2360/1573 1945/3605/1751 291/3606/378
f 1268/2360/1573 1650/2359/1572 1945/3605/1751
f 1268/2360/1573 291/3606/378 2045/3607/379
f 1268/2360/1573 2045/3607/379 2046/2361/1574
f 400/703/511 1655/3154/1960 1654/3153/1824
f 400/703/511 1654/3153/1824 1341/2500/1650
f 400/703/511 2113/705/512 1655/3154/1960
f 1512/2855/1825 525/910/660 1310/2431/1614
f 1512/2855/1825 526/911/661 525/910/660
f 1512/2855/1825 1513/2856/1826 526/911/661
f 895/251/174 1825/2452/1622 144/252/175
f 895/1594/174 894/1593/1123 1825/3608/1622
f 150/260/183 1234/2294/1130 151/261/184
f 150/260/183 149/259/182 1418/2665/1732
f 905/1609/1135 906/943/683 543/940/680
f 905/1609/1135 158/271/192 157/270/191
f 905/1609/1135 543/940/680 158/271/192
f 907/1613/1137 1848/3609/2114 1627/3093/1931
f 907/1613/1137 911/1618/1140 1848/3609/2114
f 4/6/4 1996/2513/1657 5/7/5
f 1849/3610/1951 9/16/10 11/21/15
f 1849/3610/1951 11/21/15 924/3611/1159
f 1849/3610/1951 924/3611/1159 1850/3612/2115
f 1849/3128/1951 1850/3613/2115 1146/2120/1451
f 422/740/543 424/745/546 2098/3520/1746
f 422/740/543 1851/3614/1842 2085/3615/2116
f 422/740/543 2098/3520/1746 1851/3614/1842
f 422/740/543 2085/3615/2116 2084/741/544
f 1852/3616/707 565/977/706 367/3617/469
f 1852/3618/2117 367/3619/2117 369/3620/2117
f 1852/3621/707 369/3141/471 23/46/27
f 1852/979/707 23/41/27 21/40/26
f 705/3622/886 1853/3623/1565 1854/3624/2118
f 705/3625/886 1531/2901/1844 1853/2345/1565
f 705/1243/886 573/994/714 706/1244/887
f 705/3622/886 1854/3624/2118 573/3626/714
f 705/1243/886 710/1250/891 1531/2898/1844
f 1855/3627/2119 1093/2000/1376 177/313/217
f 1855/3628/2119 1094/2006/1379 1093/2005/1376
f 1855/3628/2119 579/1004/722 1094/2006/1379
f 1855/3627/2119 1369/2565/1683 579/3454/722
f 1855/3627/2119 177/313/217 1369/2565/1683
f 1290/2399/836 1535/2920/1848 1537/2919/837
f 1290/2399/836 2015/2398/1598 1535/2920/1848
f 1538/2921/1851 929/3629/1167 1856/3630/2120
f 1538/2921/1851 1540/2923/1853 929/3629/1167
f 1538/2921/1851 1856/3630/2120 1331/2477/1634
f 1538/2921/1851 1331/2477/1634 855/1513/1076
f 49/83/53 1857/3631/2017 1858/3632/2121
f 49/88/53 1731/3322/2018 1857/3321/2017
f 49/83/53 1858/3632/2121 46/84/54
f 49/88/53 48/87/56 1731/3322/2018
f 52/91/59 1542/3633/1854 53/92/60
f 59/106/68 1547/2933/1858 60/107/69
f 1859/3634/1621 1761/1203/863 684/1207/864
f 1859/2448/1621 146/256/179 144/252/175
f 1859/3635/2122 684/3636/2122 146/3637/2122
f 68/3638/81 1195/3639/1506 786/1388/990
f 68/3638/81 1860/3640/2123 1861/3641/84
f 68/3638/81 786/1388/990 1860/3640/2123
f 77/138/89 76/137/91 878/1570/1106
f 77/3642/89 878/1561/1106 1516/2862/1832
f 77/3642/89 1516/2862/1832 1371/2574/1687
f 77/3642/89 1371/2574/1687 75/2573/90
f 82/145/96 586/3643/728 1786/3444/2061
f 82/145/96 1081/1983/1364 586/3643/728
f 82/145/96 85/152/98 1081/1983/1364
f 932/1663/1166 1401/2630/1718 161/280/199
f 932/1663/1166 161/280/199 163/283/198
f 1659/3164/1964 1771/3411/2046 1862/3644/2124
f 1659/3164/1964 1862/3644/2124 1863/3645/413
f 1073/1966/1350 1864/3646/2125 1074/1967/1351
f 1073/1966/1350 1865/3647/957 1864/3646/2125
f 1073/1970/1350 760/1340/958 1865/1339/957
f 1073/1970/1350 787/1389/991 760/1340/958
f 1314/447/326 651/3354/818 1315/3353/1617
f 1314/447/326 1625/450/329 651/3354/818
f 1548/2936/1861 1319/3648/1623 773/1364/976
f 1548/2936/1861 773/1364/976 775/1367/978
f 1548/2936/1861 1866/3649/2126 1843/3597/2113
f 1548/2936/1861 775/1367/978 1866/3649/2126
f 270/462/336 1574/3545/1887 1909/2867/1834
f 429/754/343 1086/1988/1368 1330/3650/344
f 429/754/343 1867/3651/2127 1086/1988/1368
f 429/754/343 432/757/552 1867/3651/2127
f 1868/3652/2128 1869/3653/1446 672/1183/847
f 1868/3652/2128 1870/3654/1447 1869/3653/1446
f 1868/3652/2128 781/1381/985 1779/3423/1592
f 1868/3652/2128 1779/3423/1592 1870/3654/1447
f 1868/3652/2128 672/1183/847 781/1381/985
f 1148/2127/1452 2005/3655/2129 1425/3656/1744
f 1148/2127/1452 2006/2126/1455 2005/3655/2129
f 1568/3657/1884 1871/3658/2130 1619/3078/1922
f 1568/3657/1884 1676/3197/1977 1569/3659/1885
f 1568/2985/1884 1570/2987/1886 1871/3660/2130
f 1568/3657/1884 1619/3078/1922 1676/3197/1977
f 479/832/609 1872/3661/2131 482/837/612
f 479/832/609 968/1754/1217 629/1753/787
f 479/832/609 629/1753/787 1872/3661/2131
f 988/1791/1239 1461/2746/1775 1294/1792/1240
f 988/1791/1239 2044/1789/1237 1873/3662/376
f 988/1791/1239 1873/3662/376 1602/2745/1774
f 1725/3308/1194 1898/1246/888 951/3663/1195
f 1725/3308/1194 708/1247/889 1898/1246/888
f 1874/3664/39 387/679/490 386/677/492
f 1874/64/39 33/66/41 387/673/490
f 1874/3664/39 386/677/492 1875/3665/1008
f 1444/3666/204 1510/2852/1459 1508/2850/205
f 1063/1951/1338 1594/1949/1336 173/3667/212
f 1063/1951/1338 173/3667/212 1876/3668/2132
f 1063/1951/1338 1876/3668/2132 1751/3370/2033
f 1300/2415/1607 1299/2414/1606 1754/3375/2035
f 1300/2415/1607 1754/3375/2035 1877/3669/515
f 1300/2415/1607 1878/3670/220 1179/2193/1492
f 1300/2415/1607 1877/3669/515 1878/3670/220
f 1571/3671/226 1757/3672/2037 609/1057/755
f 1105/2026/1391 1419/2669/1733 1106/2027/1392
f 1105/2026/1391 1107/2032/1393 414/730/533
f 1105/2026/1391 1197/3673/1508 1419/2669/1733
f 1105/2026/1391 414/730/533 1197/3673/1508
f 195/335/237 197/337/239 1498/2036/1397
f 1879/841/615 1948/846/617 1880/3674/2133
f 1879/3675/2134 1880/3676/2134 1881/3677/2134
f 1738/3336/250 1737/3335/2025 1882/3678/1974
f 1738/3336/250 1882/3678/1974 1883/3679/1949
f 1738/353/250 1883/3680/1949 206/354/251
f 209/364/256 212/363/258 1205/2239/1515
f 209/360/256 836/1483/1057 210/361/257
f 1827/3681/2098 1437/1419/1011 442/777/565
f 1827/3681/2098 442/777/565 440/779/562
f 1827/3681/2098 1884/3682/1553 1437/1419/1011
f 1035/1885/1296 1037/1887/1298 1970/3683/2135
f 1035/1885/1296 1970/3683/2135 993/1798/1245
f 1035/1885/1296 993/1798/1245 1036/1886/1297
f 1766/3395/1302 223/387/272 1384/3684/1303
f 1766/3685/1302 1041/3142/1955 981/1778/1231
f 909/1615/1138 1885/3686/1875 910/1616/1139
f 909/1615/1138 912/1619/1141 1559/2067/1416
f 230/402/287 1912/1276/915 1184/2201/1497
f 1390/2615/1710 1821/3531/2089 1391/2616/1711
f 1390/2615/1710 1723/3687/2013 1821/3531/2089
f 1390/3688/1710 11/21/15 1723/3305/2013
f 1390/2620/1710 2039/2613/1709 9/3689/2136
f 1395/2623/1713 1399/2627/1097 2000/539/398
f 1395/2623/1713 309/538/397 1396/2624/1714
f 1395/2623/1713 2000/539/398 309/538/397
f 1484/2798/1797 123/219/150 1485/2799/1798
f 1484/2798/1797 2013/3690/2137 123/219/150
f 1872/3661/2131 1210/2247/1521 482/837/612
f 1872/3661/2131 628/3691/786 1210/2247/1521
f 1872/3661/2131 629/1753/787 628/3691/786
f 1886/3189/1893 1152/2135/1460 73/133/88
f 1886/3692/1893 1582/1795/1243 1152/2138/1460
f 585/1011/727 1585/3011/1897 1584/3010/1896
f 585/1011/727 1343/1014/729 1887/3693/1654
f 585/1011/727 1887/3693/1654 1585/3011/1897
f 1560/2964/1873 1888/3694/1308 285/3695/369
f 1560/2964/1873 1492/2815/1806 1888/3694/1308
f 1560/2964/1873 285/3695/369 1561/2965/368
f 1560/2964/1873 1559/2963/1416 1494/2819/1809
f 1560/2964/1873 1494/2819/1809 1492/2815/1806
f 1889/3696/1313 460/801/586 418/736/539
f 1889/3696/1313 418/736/539 1045/735/538
f 1726/3310/293 236/3697/296 1123/2076/1421
f 240/421/300 242/423/302 1702/3249/1741
f 1058/1940/1328 1829/3555/2102 1940/3698/2138
f 1058/1940/1328 513/893/648 1829/3555/2102
f 1058/1937/1328 1818/3526/2087 1057/1938/1329
f 1058/1937/1328 1940/3699/2138 1818/3526/2087
f 518/900/653 517/899/652 1890/3700/2139
f 518/900/653 1890/3700/2139 969/1756/912
f 1067/1955/1342 526/911/661 1513/2856/1826
f 1067/1955/1342 1223/2274/1534 1068/1956/1343
f 1067/1955/1342 527/912/662 526/911/661
f 1067/1955/1342 1513/2856/1826 1223/2274/1534
f 1104/2024/1390 1072/1965/1349 1107/2028/1393
f 257/440/319 197/337/239 196/336/238
f 1523/2877/1838 1525/2876/1839 1839/3583/2109
f 1523/2877/1838 1839/3583/2109 2079/3701/2140
f 1523/2877/1838 2079/3701/2140 1085/3702/1367
f 278/487/357 756/1332/952 558/961/697
f 278/487/357 2107/489/358 756/1332/952
f 1150/3703/1456 1892/2583/1692 1891/3704/2054
f 1150/2130/1456 1685/1607/1134 1892/3705/1692
f 854/1517/1079 1893/3706/2141 1894/3707/2142
f 854/1517/1079 853/1516/1078 1893/3706/2141
f 854/1517/1079 1894/3707/2142 1044/3708/1310
f 854/1517/1079 1044/3708/1310 856/1518/1080
f 1895/3709/2143 2101/3710/2143 1896/3711/2143
f 1895/2780/1790 834/1481/1056 2050/2969/1876
f 1898/1246/888 709/1248/890 1897/3712/1699
f 1898/3713/888 1897/2598/1699 951/3242/1195
f 1349/3714/2144 1899/3715/2144 1900/3716/2144
f 1349/3717/2145 1348/3718/2145 1899/3719/2145
f 1349/3720/2146 1900/3721/2146 1901/3722/2146
f 1349/3723/2147 1901/3724/134 1350/3725/2148
f 652/3726/819 1903/3727/1879 1902/3728/2031
f 652/1148/819 653/1146/820 1903/3729/1879
f 1566/2983/1882 1691/2978/1881 1904/3730/738
f 1566/2980/1882 1134/2097/1438 661/2981/829
f 1566/2980/1882 1772/3412/2047 1134/2097/1438
f 1566/2980/1882 1904/1025/738 1772/3412/2047
f 1905/3731/1439 1715/3508/2008 1136/566/417
f 1138/2104/1441 1752/3732/2034 1906/3733/2149
f 1138/2104/1441 881/2103/1108 1907/3734/2150
f 1138/2104/1441 1907/3734/2150 1752/3732/2034
f 1138/2104/1441 1906/3733/2149 113/204/139
f 265/453/330 606/1048/754 1981/3735/2151
f 265/453/330 1981/3735/2151 2078/455/331
f 1908/2736/1768 614/3736/763 1455/2737/1769
f 1908/3737/2152 1574/3738/2152 614/3739/2152
f 1908/2736/1768 2065/2739/1771 1909/3740/1834
f 1908/3741/2153 1909/3742/2153 1574/3743/2153
f 1910/3744/2154 617/3745/2154 2079/3746/2154
f 1910/3747/769 2079/3701/2140 747/2956/943
f 1848/3609/2114 1658/3161/1963 1627/3093/1931
f 1848/3609/2114 911/1618/1140 162/281/200
f 1848/3609/2114 161/280/199 1658/3161/1963
f 1848/3609/2114 162/281/200 161/280/199
f 1629/3095/1933 2010/3748/914 1911/3749/1636
f 1629/3095/1933 1912/3750/915 2010/3748/914
f 1629/3095/1933 1862/3644/2124 2030/3096/1934
f 1629/3095/1933 1911/3749/1636 1862/3644/2124
f 599/1035/745 1913/3751/2155 813/1447/1030
f 599/1035/745 601/1039/743 1913/3751/2155
f 1506/2841/751 330/3752/423 1265/2353/421
f 1506/3753/751 2090/3754/752 330/572/423
f 1633/3107/670 1632/3106/1938 1194/2218/1504
f 898/1599/1126 1418/2666/1732 1638/3113/1943
f 898/1599/1126 947/1701/1189 901/1602/1129
f 956/1717/1198 955/1716/1200 1882/3192/1974
f 145/253/176 146/256/179 352/3755/451
f 355/629/455 667/628/457 1834/3030/1903
f 359/633/461 361/635/463 1676/3197/1977
f 366/3756/468 367/3617/469 1151/2133/1458
f 366/3589/468 1151/2540/1458 1356/2538/1670
f 491/3757/626 490/985/625 1914/3533/2091
f 491/857/626 1057/3758/1329 492/858/627
f 491/857/626 2103/3759/2156 1057/3758/1329
f 491/3760/2157 1914/3761/2157 2103/3762/2157
f 499/866/634 497/869/632 1784/3763/2042
f 499/866/634 860/1532/1087 500/867/635
f 499/866/634 862/1534/1088 860/1532/1087
f 1093/2000/1376 179/310/219 177/313/217
f 88/157/103 1422/2671/1736 1942/2674/1739
f 88/157/103 1361/2552/1675 1422/2671/1736
f 88/157/103 89/159/104 1361/2552/1675
f 392/694/502 395/693/504 1243/2314/1550
f 392/694/502 1243/2314/1550 1221/3764/1532
f 76/137/91 128/228/157 878/1570/1106
f 1915/1572/1111 1754/3373/2035 884/1573/1112
f 1915/3765/1111 886/3766/1114 1754/3375/2035
f 407/715/521 409/720/525 1916/3767/2158
f 407/715/521 1916/3767/2158 1070/1960/1346
f 1415/2661/1731 1836/3417/2052 1454/3212/1767
f 903/1605/1132 280/493/361 1758/3382/2038
f 1562/3384/1874 1561/500/368 1459/2742/1772
f 1562/2966/1874 1760/3387/2039 1885/2967/1875
f 1202/1480/1055 1917/3768/1575 834/1481/1056
f 1202/2235/1055 2051/3338/2026 1917/3769/1575
f 441/775/564 1740/3340/2028 839/1489/1059
f 1215/3770/572 448/3771/573 1891/3704/2054
f 1215/3770/572 1891/3704/2054 1376/2582/1523
f 1621/3772/1924 245/426/305 1918/3773/1925
f 1621/3772/1924 1919/3774/2159 245/426/305
f 1621/3775/1924 1783/3433/1754 1782/3432/2055
f 1621/3772/1924 1782/3776/2055 1919/3774/2159
f 1784/3398/2042 1920/3777/2058 29/59/35
f 754/1329/950 703/1240/883 2070/3778/2160
f 754/1329/950 2070/3778/2160 755/1330/951
f 754/1329/950 645/1137/813 703/1240/883
f 1624/3091/1929 1847/3604/328 1397/3603/1715
f 1624/3089/1929 1397/2625/1715 1396/2624/1714
f 1624/3091/1929 1625/3090/329 1847/3604/328
f 1624/3089/1929 1396/2624/1714 1157/2143/1465
f 1443/3369/1758 1750/3368/1632 1840/3587/2110
f 1443/3369/1758 1840/3587/2110 1445/3779/1759
f 1449/2724/1762 1752/3371/2034 1907/3780/2150
f 1449/2724/1762 1907/3780/2150 879/3205/1107
f 1921/3781/893 884/1573/1112 1755/3374/894
f 1921/3781/893 759/1576/956 884/1573/1112
f 1921/1253/893 1503/1257/897 761/1341/959
f 1921/1253/893 761/1341/959 759/1337/956
f 713/3782/899 1665/3174/903 1922/3783/2161
f 713/3782/899 1922/3783/2161 1757/3672/2037
f 1456/2738/1770 1923/3784/2162 1684/3785/1584
f 1456/2738/1770 1455/2737/1769 1923/3784/2162
f 945/3786/1187 1373/2576/1689 946/3217/1188
f 945/1699/1187 948/1702/1190 825/1463/1042
f 945/3786/1187 820/1457/1039 1373/2576/1689
f 945/3786/1187 825/1462/1042 820/1457/1039
f 1924/3787/2163 1706/3271/2000 1707/3270/2002
f 1924/3788/2163 545/942/682 1720/3383/2011
f 1924/3787/2163 2026/3789/2010 1706/3271/2000
f 1924/3790/2163 1707/3267/2002 545/2383/682
f 1924/3788/2163 1720/3383/2011 2026/3791/2010
f 1721/3303/2012 1708/3272/2003 1709/3273/2004
f 1721/3302/2012 1925/2743/1773 697/1230/879
f 1721/3303/2012 1709/3273/2004 1925/3792/1773
f 1461/3793/1775 1926/3794/1291 1927/3795/2164
f 1461/2746/1775 1295/3796/1602 1294/1792/1240
f 1461/2746/1775 1927/3797/2164 1295/3796/1602
f 1928/3798/717 578/1003/719 1553/2948/1867
f 1928/997/717 1822/3799/2092 576/998/718
f 1928/3798/717 1553/2948/1867 1822/3534/2092
f 1677/3198/1978 843/3800/1065 1645/1743/1214
f 1677/3198/1978 915/1629/1146 2096/1628/1145
f 1677/3198/1978 2096/1628/1145 843/3800/1065
f 967/1747/1216 1929/3801/2165 1557/2958/1871
f 967/1747/1216 1557/2958/1871 627/1089/783
f 967/1747/1216 1467/2765/1782 1929/3801/2165
f 228/2772/282 1471/2771/1786 1698/3802/1992
f 1930/3803/2166 2016/3804/804 1931/3805/2019
f 1930/3803/2166 1932/3806/805 2016/3804/804
f 1930/3803/2166 1177/3807/1490 500/867/635
f 1930/3803/2166 860/1532/1087 1932/3806/805
f 1930/3808/2166 1931/3324/2019 1177/3323/1490
f 1930/3803/2166 500/867/635 860/1532/1087
f 235/413/295 1263/410/292 1338/1860/1279
f 235/413/295 1896/3809/2167 1127/3810/1426
f 235/413/295 1338/1860/1279 1896/3809/2167
f 235/413/295 1933/3811/1422 236/414/296
f 235/413/295 1127/3810/1426 1933/3811/1422
f 1934/3812/299 1287/2392/1594 1728/3318/2015
f 1934/3812/299 1728/3318/2015 242/3317/302
f 1934/3812/299 1266/2677/1569 1287/2392/1594
f 1935/3813/948 590/1019/733 1305/3814/1610
f 1935/3813/948 1402/1020/734 590/1019/733
f 47/85/55 46/84/54 1803/3478/2070
f 47/85/55 1803/3478/2070 933/1671/1170
f 139/249/169 142/248/172 1411/1587/1121
f 139/244/169 1773/3815/2048 140/245/170
f 941/1697/1181 1936/3816/2168 1277/3817/1582
f 941/1697/1181 2059/3818/2169 1936/3816/2168
f 941/1688/1181 1277/2377/1582 942/1689/1182
f 941/1697/1181 1748/1696/1185 2059/3818/2169
f 1938/3819/2170 1025/1862/1281 1937/3820/2171
f 1938/3819/2170 1937/3820/2171 1327/3821/1630
f 1938/3822/2170 1216/2256/1524 1939/2258/1525
f 1938/3822/2170 1327/3823/1630 1958/3824/2172
f 1938/3819/2170 1939/3825/1525 1025/1862/1281
f 1938/3822/2170 1958/3824/2172 1216/2256/1524
f 1829/3826/2102 635/1108/795 1940/3827/2138
f 1829/3826/2102 1941/3828/1738 635/1108/795
f 1829/3826/2102 1942/3829/1739 1941/3828/1738
f 1477/3830/1639 1943/3831/2083 1334/3832/1640
f 1477/2790/1639 1479/2789/1427 1943/3517/2083
f 1427/2684/1685 1425/2681/1744 784/3259/989
f 1427/2684/1685 784/3259/989 1944/3833/1385
f 1292/2687/1600 561/971/701 1430/2688/1745
f 1945/3834/2173 1946/3835/2173 291/3836/2173
f 1947/3436/2056 294/514/382 1785/3437/2057
f 1947/3436/2056 298/515/383 294/514/382
f 1947/3837/2056 1948/844/617 298/520/383
f 1947/3838/2174 1880/3839/2174 1948/3840/2174
f 304/530/393 1212/2251/613 1209/2245/1520
f 1949/3841/600 802/2713/1017 975/1768/1224
f 1949/3842/600 471/1817/599 802/1427/1017
f 472/823/602 2060/3843/2175 2061/3237/1989
f 472/823/602 476/828/605 2060/3843/2175
f 280/493/361 325/564/416 693/1221/873
f 280/493/361 693/1221/873 1758/3382/2038
f 1530/1757/1219 724/1274/913 1260/2348/1566
f 1530/1757/1219 381/3844/485 519/1758/654
f 1950/3845/2005 1951/3846/2176 1710/3847/2006
f 1950/3276/2005 997/1812/1252 1952/3848/895
f 1950/3845/2005 1952/3849/895 1301/2417/1608
f 1950/3845/2005 1301/2417/1608 1951/3846/2176
f 1303/2420/1609 1304/2422/524 2094/3537/2094
f 1303/2420/1609 2094/3537/2094 1584/3010/1896
f 245/426/305 1005/1824/1259 1918/3773/1925
f 245/426/305 1919/3774/2159 247/428/307
f 861/1533/1086 1953/3850/2177 2073/3255/1997
f 861/1533/1086 2073/3255/1997 1954/3851/1927
f 861/1533/1086 857/1523/1083 1953/3850/2177
f 1542/2927/1854 1734/3328/2023 1188/3852/1499
f 1542/3633/1854 1188/3853/1499 53/92/60
f 1542/2927/1854 1544/2930/1856 1734/3328/2023
f 877/1560/1105 1515/2860/1830 1516/2862/1832
f 877/1560/1105 1516/2862/1832 878/1561/1106
f 877/1560/1105 1336/2483/1641 1515/2860/1830
f 1552/2947/1866 1716/3288/2009 1553/2948/1867
f 1552/2947/1866 338/2946/435 741/1305/935
f 1340/2502/1651 1110/2044/1401 1955/3854/510
f 1340/2502/1651 343/601/443 2086/3499/2076
f 1340/2502/1651 199/2045/242 1110/2044/1401
f 1340/2502/1651 2086/3499/2076 199/2045/242
f 1673/3855/1975 1737/3335/2025 1674/3856/1976
f 1673/3855/1975 1882/3678/1974 1737/3335/2025
f 1206/2241/1517 2099/3295/498 1956/3857/2178
f 1957/2596/1697 1487/2804/1800 443/3343/566
f 1957/3858/1697 443/778/566 276/3859/356
f 1959/3241/1700 1323/2458/1627 1420/2668/1734
f 1959/2599/1700 1382/2600/1701 1958/3860/2172
f 1959/3861/2179 1958/3862/2179 1323/3863/2179
f 1960/3864/2180 919/1637/1148 918/1635/1151
f 1960/3864/2180 637/1115/799 1387/2609/1705
f 1960/3864/2180 1387/2609/1705 919/1637/1148
f 1960/3864/2180 640/1118/802 637/1115/799
f 1960/3864/2180 918/1635/1151 1622/3085/1926
f 1960/3864/2180 1622/3085/1926 640/1118/802
f 1496/2824/1811 107/3018/128 1589/3017/1899
f 1496/2824/1811 1689/2828/1813 2033/3865/130
f 1496/2824/1811 1589/3017/1899 1497/2825/1812
f 1496/2824/1811 2033/3865/130 107/3018/128
f 1501/3866/1816 1961/3867/2181 762/3868/960
f 1501/2832/1816 762/3869/960 1503/2833/897
f 1501/2832/1816 1843/3599/2113 1961/3870/2181
f 1501/2832/1816 1504/2840/1819 1843/3599/2113
f 1962/3871/2182 1649/3149/1958 1651/3148/1957
f 1962/3872/2182 1790/3450/1678 247/428/307
f 1962/3872/2182 247/428/307 1919/3774/2159
f 1962/3872/2182 1919/3774/2159 1782/3776/2055
f 1962/3871/2182 1782/3430/2055 1649/3149/1958
f 1962/3871/2182 1651/3148/1957 1790/2559/1678
f 1368/2567/1684 664/1167/834 339/588/436
f 1368/2567/1684 339/588/436 340/589/437
f 408/717/522 2064/722/526 1680/3208/1982
f 408/717/522 1680/3208/1982 1978/718/523
f 674/1182/846 781/1381/985 672/1183/847
f 674/1185/846 673/1184/848 1963/3873/177
f 676/1188/850 2038/3263/1999 678/1190/852
f 943/1694/1184 817/1453/1035 2091/3874/2032
f 943/1694/1184 819/1455/1037 817/1453/1035
f 314/3875/404 1615/3876/1920 1525/3877/1839
f 314/3875/404 1525/3877/1839 1524/3878/405
f 1160/2152/1470 554/957/695 1728/3315/2015
f 1160/2152/1470 1728/3315/2015 1161/2153/1471
f 223/387/272 1385/386/275 1384/3684/1303
f 1964/3879/109 426/748/547 425/747/548
f 1964/3879/109 425/747/548 1965/3880/110
f 431/756/551 1893/3881/2141 432/757/552
f 431/3882/551 1894/3707/2142 1893/3706/2141
f 431/3882/551 1966/3883/880 1894/3707/2142
f 1509/1402/1001 1218/3884/1527 1967/3885/1996
f 1509/1402/1001 794/1407/1002 1218/3884/1527
f 1969/1411/1005 796/1410/1004 991/1800/1246
f 1969/1411/1005 1968/3886/2099 1881/1412/1006
f 1969/3887/1005 1970/3683/2135 1968/3550/2099
f 1969/1411/1005 991/1800/1246 1970/3888/2135
f 1971/2003/1378 1951/3889/2176 1302/2190/1491
f 1971/3890/1378 1823/2753/1778 1951/3846/2176
f 1712/3279/2007 1639/1714/1199 803/1428/1018
f 1712/3279/2007 2077/2913/1849 1793/3455/2063
f 1539/3472/1852 2053/3476/2069 1540/3891/1853
f 824/441/320 196/336/238 193/333/235
f 824/1461/320 539/934/676 258/3892/321
f 824/1461/320 823/1460/1041 539/934/676
f 1017/1848/1273 263/3287/327 1088/1994/1372
f 1017/1848/1273 1090/1996/1373 806/1435/1022
f 1825/3608/1622 894/1593/1123 1451/3893/974
f 1419/2669/1733 1325/2461/1628 1106/2027/1392
f 1419/2669/1733 1197/3673/1508 1972/3894/1507
f 1926/3794/1291 1973/3895/1990 1927/3795/2164
f 1212/838/613 482/837/612 1210/2247/1521
f 1254/2329/1559 1968/3550/2099 1974/3896/2183
f 1254/2329/1559 1974/3896/2183 1465/2756/1780
f 1853/2345/1565 1531/2901/1844 1260/2346/1566
f 1853/3623/1565 233/405/289 1854/3624/2118
f 1828/3553/2101 1975/3897/1646 1262/2350/1568
f 1828/3553/2101 333/581/430 1975/3897/1646
f 1828/3553/2101 1261/2349/1567 1590/3019/1900
f 1828/3553/2101 1262/2350/1568 1261/2349/1567
f 509/3898/644 733/1290/925 734/1293/927
f 509/3898/644 1770/3601/2045 733/1290/925
f 1448/2723/1761 1357/3899/1672 1595/3900/1334
f 1448/2723/1761 125/225/154 1357/3899/1672
f 1448/2723/1761 127/227/156 125/225/154
f 1274/2368/1580 1450/2730/1764 54/100/62
f 1451/3893/974 894/1593/1123 815/1596/1032
f 63/113/73 2095/3901/259 64/115/75
f 63/113/73 1279/2381/1586 2095/3901/259
f 1195/3639/1506 760/1340/958 787/1389/991
f 1195/3639/1506 787/1389/991 786/1388/990
f 1936/3816/2168 2059/3818/2169 1976/3902/2184
f 1936/3816/2168 1976/3902/2184 2111/3169/1966
f 1936/3903/2168 1276/2374/665 1277/2373/1582
f 1936/3816/2168 2111/3169/1966 1276/3904/665
f 1237/947/687 549/950/690 1977/3905/196
f 873/1552/1099 1790/2559/1678 1651/3148/1957
f 873/1552/1099 1651/3148/1957 875/3906/1100
f 251/434/313 1791/3452/1358 252/435/314
f 251/434/313 1365/2560/1679 1791/3452/1358
f 885/1574/1113 887/1577/1115 72/128/85
f 885/3186/1113 403/3185/516 886/3766/1114
f 1978/3907/523 1902/3908/2031 2094/3537/2094
f 1978/718/523 1680/3208/1982 1902/3351/2031
f 1978/3907/523 2094/3537/2094 1304/2422/524
f 411/727/530 1107/2032/1393 1072/1964/1349
f 411/727/530 414/730/533 1107/2032/1393
f 1744/3346/2029 1979/734/537 420/738/541
f 1744/3349/2029 1743/3348/2030 1979/3909/537
f 1744/3346/2029 417/733/536 1372/3347/1688
f 1744/3346/2029 420/738/541 417/733/536
f 1980/3910/337 1520/2870/1836 1613/3069/705
f 1980/3910/337 1613/3069/705 2020/3911/338
f 720/1268/908 2108/2590/1233 2003/3912/2185
f 720/1268/908 2003/3912/2185 721/1269/909
f 606/1052/754 608/1051/756 1981/3913/2151
f 219/1627/269 447/785/571 220/3914/270
f 219/1627/269 1982/3915/266 2096/1628/1145
f 35/68/43 37/70/45 1166/3916/1474
f 450/789/575 1494/2821/1809 451/790/576
f 1983/3917/812 1875/3665/1008 386/677/492
f 1983/1135/812 642/1128/810 799/1418/1010
f 1983/1135/812 799/1418/1010 1875/1415/1008
f 1983/3917/812 386/677/492 385/676/488
f 469/814/595 1001/1819/1256 471/820/599
f 469/814/595 1984/3918/1728 1001/1819/1256
f 469/814/595 1413/3483/1729 1984/3918/1728
f 929/1665/1167 1540/3891/1853 930/1666/1168
f 929/3629/1167 1985/3919/197 1856/3630/2120
f 929/1665/1167 163/278/198 1985/277/197
f 171/299/211 173/3920/212 1986/3921/2071
f 171/299/211 1986/3921/2071 934/1673/52
f 1987/3922/2186 1988/3923/2186 1989/3924/2186
f 1987/1675/1172 1989/3925/2187 2102/2479/1637
f 1991/1681/1177 937/1684/1176 1990/3926/2188
f 1991/3927/1177 1990/3928/2188 1547/3929/1858
f 923/2939/1862 121/1405/149 1992/3930/151
f 923/2939/1862 702/1406/882 121/1405/149
f 923/2939/1862 1992/3930/151 1550/2940/1863
f 1995/1163/830 661/1162/829 1993/3931/1437
f 1995/1163/830 1993/3931/1437 1994/3932/2001
f 1995/3933/830 844/1496/1064 1434/1495/831
f 1995/3933/830 1994/3266/2001 844/1496/1064
f 1996/3934/1657 2032/3935/1658 1997/3936/2189
f 1996/3934/1657 1696/3239/1991 5/3937/5
f 1996/3934/1657 1997/3936/2189 1696/3239/1991
f 1350/3725/2148 1901/3724/134 1220/3938/1530
f 325/564/416 1136/566/417 1715/3508/2008
f 565/977/706 1151/2133/1458 367/3617/469
f 371/3939/476 373/3940/478 514/3941/102
f 371/3939/476 514/3941/102 1998/3942/649
f 1357/2545/1672 125/3943/154 1153/2140/1461
f 1393/2621/1712 1679/3203/1980 466/811/591
f 1657/3159/1962 1399/1549/1097 1481/2793/1795
f 1657/3160/1962 1999/3944/2190 2000/540/398
f 1657/3160/1962 1656/3158/1961 1999/3944/2190
f 1657/3159/1962 2000/3945/398 1399/1549/1097
f 1789/3448/2062 248/429/308 249/430/309
f 1789/3448/2062 396/3449/505 655/1151/823
f 1789/3448/2062 655/1151/823 1130/2085/1430
f 1789/3448/2062 1130/2085/1430 248/429/308
f 1135/2091/1433 1660/3170/1965 1132/2092/1434
f 1135/2098/1433 1134/2097/1438 1772/3412/2047
f 1135/2098/1433 1772/3412/2047 1771/3411/2046
f 1961/3867/2181 1864/3646/2125 1865/3647/957
f 1961/3867/2181 1865/3647/957 762/3868/960
f 1961/3870/2181 1843/3599/2113 1866/3946/2126
f 1961/3867/2181 1866/3947/2126 1864/3646/2125
f 1275/2376/1583 771/3948/2191 2001/3949/1968
f 1573/2991/790 743/1313/940 613/1063/762
f 2002/3950/2192 721/1269/909 2003/3912/2185
f 2002/3951/2193 2004/3952/2193 2012/3953/2193
f 2002/3954/2192 1027/1869/1285 721/1868/909
f 2002/3955/2192 1778/1111/796 2092/3956/2194
f 2002/3954/2192 2092/3957/2194 1027/1869/1285
f 2002/3955/2192 2012/3958/1948 1778/1111/796
f 2002/3959/2192 2003/3960/2185 2004/3961/2195
f 1869/3653/1446 274/3962/348 1811/3963/2078
f 1869/3653/1446 1811/3963/2078 672/1183/847
f 2005/3964/2129 1860/3640/2123 788/1391/992
f 2005/3964/2129 2006/3965/1455 1799/3467/2066
f 2005/3964/2129 1799/3467/2066 1860/3640/2123
f 2005/3655/2129 788/1392/992 1425/3656/1744
f 1871/3660/2130 1733/3326/2021 2007/3966/996
f 1871/3658/2130 2007/1396/996 792/1398/998
f 1871/3660/2130 1570/2987/1886 1733/3326/2021
f 1871/3658/2130 792/1398/998 1619/3078/1922
f 293/513/381 1814/3513/2081 2008/3967/2196
f 293/513/381 2008/3967/2196 294/514/382
f 1564/2142/1464 653/1146/820 649/1141/816
f 1564/2974/1464 1158/2146/1467 582/1008/725
f 1086/1988/1368 1867/3651/2127 315/1989/406
f 1086/1988/1368 1329/1990/1369 1330/3650/344
f 2009/3968/2197 2010/3969/914 969/3970/912
f 2009/3968/2197 1089/1992/1371 1911/2478/1636
f 2009/3971/2197 969/1756/912 1890/3700/2139
f 2009/3971/2197 1890/3700/2139 1089/1995/1371
f 2009/3968/2197 1911/2478/1636 2010/3969/914
f 2011/306/216 664/1167/834 1369/2569/1683
f 2011/3972/216 1369/2565/1683 177/313/217
f 666/1171/838 1607/1173/839 184/318/225
f 818/3289/1036 1106/2027/1392 1325/2461/1628
f 818/1454/1036 1108/2031/1394 1106/2030/1392
f 206/354/251 2004/3961/2195 832/355/252
f 206/3973/2198 1883/3974/2198 2012/3975/2198
f 206/354/251 2012/3976/2199 2004/3961/2195
f 1761/1203/863 1762/3977/2040 2013/3978/2137
f 1761/1203/863 2013/3978/2137 624/1085/779
f 2014/3979/2200 1437/1419/1011 799/1418/1010
f 2014/3979/2200 442/777/565 1437/1419/1011
f 2014/3979/2200 642/1128/810 1528/2888/1841
f 2014/3979/2200 276/3859/356 443/778/566
f 2014/3979/2200 799/1418/1010 642/1128/810
f 2014/3979/2200 443/778/566 442/777/565
f 2014/3979/2200 1528/2888/1841 276/3859/356
f 218/377/268 1897/2598/1699 709/3980/890
f 1119/2065/1414 2015/2398/1598 846/1503/1069
f 1119/3456/1414 1793/3455/2063 2015/3981/1598
f 1801/3474/2068 1888/3694/1308 1492/2815/1806
f 1801/3474/2068 1182/3477/1496 1183/3982/1309
f 1801/3474/2068 1183/3982/1309 1888/3694/1308
f 2016/3983/804 1857/3321/2017 1931/3324/2019
f 2016/3984/804 2017/3985/806 1857/3631/2017
f 1122/2406/1419 1296/2409/1603 2066/3986/1420
f 871/1548/1096 1481/2793/1795 1399/1549/1097
f 871/1548/1096 872/1550/645 7/14/8
f 871/1548/1096 2018/3987/2201 1486/2801/1799
f 871/1548/1096 1486/2801/1799 1481/2793/1795
f 871/1548/1096 7/14/8 2018/3987/2201
f 1244/2311/1548 2035/3988/2202 477/829/606
f 1244/2311/1548 477/829/606 475/827/604
f 1244/2311/1548 2019/3989/1102 2035/3988/2202
f 1244/2311/1548 475/827/604 1242/2312/1549
f 1354/2536/1668 1250/2324/1555 1251/2325/1556
f 1354/2536/1668 840/1490/1060 1355/2537/1669
f 1354/2536/1668 1251/2325/1556 840/1490/1060
f 2020/3990/338 2022/3225/1986 2021/3991/1801
f 2020/3992/338 1613/975/705 562/968/702
f 2020/3992/338 562/968/702 2022/3993/1986
f 1817/3522/2085 2040/3994/1979 1820/3523/2086
f 1817/3522/2085 1818/3526/2087 1940/3699/2138
f 1817/3995/2085 1940/3827/2138 96/173/117
f 1817/3522/2085 96/3996/117 2040/3994/1979
f 1217/2259/1526 1967/3252/1996 1218/2260/1527
f 1217/2259/1526 102/182/123 1471/2771/1786
f 2023/2171/1480 859/1526/1085 1170/2172/1481
f 2023/3997/1480 2024/3998/807 859/1531/1085
f 2023/3999/1480 1171/4000/1479 2024/4001/807
f 1845/1647/1157 1850/4002/2115 924/1651/1159
f 1845/3600/1157 1504/2840/1819 2106/2835/1817
f 1845/1647/1157 2106/4003/1817 1850/4002/2115
f 1602/3044/1774 1873/508/376 290/507/375
f 952/1708/1196 950/1705/1193 1605/3052/1910
f 952/1708/1196 1605/3052/1910 378/660/483
f 141/246/171 140/245/170 170/298/210
f 2025/4004/843 1229/4005/1537 939/1683/1178
f 1615/4006/1920 1839/3583/2109 1525/2876/1839
f 1161/2153/1471 1728/3315/2015 1286/4007/1593
f 1161/2153/1471 1286/4007/1593 354/2154/453
f 558/961/697 757/1333/953 559/4008/699
f 1644/3132/1952 1706/3265/2000 2026/4009/2010
f 1644/3132/1952 844/1496/1064 1994/3266/2001
f 1644/3132/1952 1994/3266/2001 1706/3265/2000
f 1644/3132/1952 2026/4009/2010 1646/3133/1953
f 1644/3132/1952 1647/3137/1066 844/1496/1064
f 1821/3531/2089 1723/3687/2013 372/4010/477
f 1821/3531/2089 372/4010/477 2104/3532/2090
f 501/868/636 1176/2972/1488 1563/2971/1878
f 1179/2191/1492 1878/311/220 179/310/219
f 2027/4011/2203 38/71/46 757/4012/953
f 2027/4011/2203 39/72/12 38/71/46
f 2027/4011/2203 10/4013/13 39/72/12
f 2027/4014/2203 757/4015/953 755/1330/951
f 2027/4014/2203 2028/4016/2204 10/19/13
f 2027/4014/2203 755/1330/951 2028/4016/2204
f 2029/4017/1935 456/796/582 1186/2072/1417
f 2029/4017/1935 1186/2072/1417 1184/4018/1497
f 2029/4017/1935 2030/4019/1934 591/1022/736
f 2029/4017/1935 591/1022/736 456/796/582
f 813/1447/1030 1913/3751/2155 2068/2728/1763
f 2031/4020/2205 1973/3895/1990 1997/4021/2189
f 2031/4020/2205 1767/3400/2043 1768/3402/2044
f 2031/4020/2205 2032/4022/1658 1767/3400/2043
f 2031/4020/2205 1768/3402/2044 1927/3795/2164
f 2031/4020/2205 1927/3795/2164 1973/3895/1990
f 2031/4020/2205 1997/4021/2189 2032/4022/1658
f 1114/2054/1408 1710/3847/2006 1823/2753/1778
f 1114/2059/1408 1113/2052/1407 1710/3277/2006
f 614/3736/763 615/4023/764 1455/2737/1769
f 748/1074/770 84/4024/97 86/151/99
f 748/1074/770 86/151/99 618/1075/771
f 1485/2799/1798 123/219/150 120/222/148
f 1485/2799/1798 120/222/148 1840/3587/2110
f 1355/2537/1669 840/1490/1060 839/1489/1059
f 1355/2537/1669 839/1489/1059 1740/3340/2028
f 1140/2109/1444 1965/3880/110 1141/2110/1445
f 1140/2109/1444 16/35/21 1965/3880/110
f 95/171/115 1940/3827/2138 635/1108/795
f 95/171/115 96/173/117 1940/3827/2138
f 1565/3229/1153 2033/4025/130 1689/3230/1813
f 2034/4026/1162 1335/2485/1642 1805/3488/2072
f 2034/4026/1162 1805/3488/2072 116/212/142
f 2034/1654/1162 1478/2787/1643 1335/4027/1642
f 2035/3988/2202 1269/4028/1576 2051/3338/2026
f 2035/3988/2202 2051/3338/2026 477/829/606
f 2035/4029/2202 2019/1557/1102 2036/4030/2206
f 2035/4029/2202 2036/4030/2206 1269/2363/1576
f 378/660/483 1605/3052/1910 1271/2365/1578
f 1309/2429/747 133/236/163 131/231/160
f 1309/2429/747 131/231/160 1310/2431/1614
f 1316/2438/1618 319/555/409 1088/1997/1372
f 1963/3873/177 1609/3059/1913 896/4031/178
f 1963/3873/177 673/1184/848 1609/3059/1913
f 2037/262/185 151/261/184 1231/2290/854
f 2037/4032/185 678/4033/852 2038/4034/1999
f 2037/262/185 2038/4035/1999 152/263/186
f 2037/4032/185 1231/4036/854 678/4033/852
f 1614/3073/1919 1856/3630/2120 1985/3919/197
f 1614/3073/1919 1985/3919/197 1977/3905/196
f 1614/3073/1919 311/545/402 1856/3630/2120
f 1614/3073/1919 1977/3905/196 549/950/690
f 1527/4037/1206 960/3519/1205 1816/3518/1227
f 2039/4038/1709 1167/2166/1476 9/4039/2136
f 2040/4040/2207 2041/4041/2207 1820/4042/2207
f 2040/3200/1979 96/173/117 1468/170/114
f 1535/2912/1848 2015/3981/1598 1793/3455/2063
f 1535/2912/1848 1793/3455/2063 2077/2913/1849
f 1988/96/61 54/95/62 1450/4043/1764
f 1988/96/61 1450/4043/1764 1989/4044/2187
f 939/1683/1178 1229/4005/1537 1922/3783/2161
f 939/1683/1178 1922/3783/2161 1665/3174/903
f 1115/2056/1410 1861/4045/84 1798/2057/1411
f 75/2573/90 744/1068/765 78/4046/92
f 1864/3646/2125 1866/3947/2126 774/4047/977
f 1864/3646/2125 774/4047/977 1074/1967/1351
f 262/446/325 1019/1850/1274 732/1289/924
f 1020/4048/1647 1975/3492/1646 1669/3180/1970
f 1020/4048/1647 1669/3180/1970 1668/3179/1969
f 1025/1862/1281 679/1194/856 1937/3820/2171
f 1025/1862/1281 1939/3825/1525 1026/1863/1282
f 272/473/345 22/45/28 20/38/25
f 272/473/345 2082/474/203 22/45/28
f 272/473/345 20/38/25 778/1375/982
f 1228/2282/1536 607/1054/757 2089/1059/759
f 1228/2282/1536 1796/3460/2064 607/1054/757
f 1228/2282/1536 1811/3506/2078 1796/3460/2064
f 1228/2282/1536 672/2285/847 1811/3506/2078
f 1860/3640/2123 1798/3466/1411 1861/3641/84
f 1860/3640/2123 786/1388/990 788/1391/992
f 1860/3640/2123 1799/3467/2066 1798/3466/1411
f 1569/3659/1885 1676/3197/1977 2042/4049/2208
f 1569/3659/1885 2042/4049/2208 2043/4050/1271
f 2044/4051/1237 2046/2361/1574 2045/3607/379
f 2044/1789/1237 2045/4052/379 1873/3662/376
f 2044/1789/1237 2050/2969/1876 2046/4053/1574
f 294/514/382 2008/3967/2196 1785/3437/2057
f 1867/3651/2127 853/4054/1078 1332/4055/1635
f 1867/3651/2127 1332/4055/1635 315/1989/406
f 1867/3651/2127 432/757/552 853/4054/1078
f 1594/4056/2209 1986/4057/2209 173/4058/2209
f 37/70/45 39/72/12 2047/4059/11
f 37/70/45 2047/4059/11 1166/3916/1474
f 190/330/231 189/329/232 615/4023/764
f 1708/3272/2003 1174/2180/1484 1172/2182/1362
f 1973/3238/1990 1696/3239/1991 1997/3936/2189
f 1037/1887/1298 1974/3896/2183 1970/3683/2135
f 1037/1887/1298 1465/2756/1780 1974/3896/2183
f 1037/1887/1298 1034/1884/1295 1465/2756/1780
f 1888/1903/1308 286/502/370 285/501/369
f 1857/3631/2017 2017/3985/806 1858/3632/2121
f 382/678/493 794/1407/1002 702/1239/882
f 382/678/493 384/674/491 794/1407/1002
f 1363/2555/1676 1694/3235/1988 470/816/597
f 395/693/504 391/696/501 2019/1557/1102
f 1791/4060/2210 1365/4061/2210 2048/4062/2210
f 409/720/525 1099/4063/1386 1916/3767/2158
f 412/728/531 734/1294/927 413/729/532
f 1979/3909/537 1743/3348/2030 1048/1918/1315
f 1979/3909/537 1048/1918/1315 1045/1915/538
f 1141/2110/1445 1965/3880/110 425/747/548
f 1141/2110/1445 423/744/545 344/595/441
f 1141/2110/1445 425/747/548 423/744/545
f 608/3461/756 435/768/558 1981/4064/2151
f 447/785/571 1800/3469/2067 220/3914/270
f 1804/4065/590 686/1210/867 2039/4038/1709
f 1804/807/590 465/809/592 686/1214/867
f 323/562/415 2102/2479/1637 601/1032/743
f 1139/2105/1442 113/204/139 1805/3488/2072
f 352/3755/451 146/256/179 684/4066/864
f 1147/2123/1454 1850/3613/2115 999/4067/1253
f 1147/2123/1454 999/4067/1253 2049/4068/1255
f 1147/2123/1454 2049/4068/1255 2006/2124/1455
f 1147/2123/1454 1146/2120/1451 1850/3613/2115
f 358/632/460 1714/3284/1272 2042/4049/2208
f 358/632/460 2042/4049/2208 361/635/463
f 1917/2362/1575 2046/2361/1574 2050/4069/1876
f 1917/2362/1575 2051/4070/2026 1269/2363/1576
f 1917/3768/1575 2050/2969/1876 834/1481/1056
f 387/673/490 33/66/41 1219/3157/1528
f 387/673/490 1219/3157/1528 384/674/491
f 221/2960/273 1557/2958/1871 2052/4071/274
f 1892/2583/1692 1376/2582/1523 1891/3704/2054
f 1893/3881/2141 853/4054/1078 432/757/552
f 1218/3884/1527 794/1407/1002 384/674/491
f 1218/3884/1527 384/674/491 1219/3157/1528
f 796/1410/1004 992/1801/1247 991/1800/1246
f 1096/2011/1380 1094/2006/1379 576/998/718
f 1096/2011/1380 576/998/718 1822/3799/2092
f 1802/2818/1808 2109/3539/2095 2053/4072/2069
f 1690/3231/1987 461/798/584 595/1027/740
f 1690/3231/1987 595/1027/740 1691/3232/1881
f 1015/1840/1269 2054/4073/2022 1016/1841/1270
f 1015/1840/1269 1311/2433/1613 1189/2206/1500
f 1015/1840/1269 1189/2206/1500 2054/4073/2022
f 1015/1840/1269 1014/1839/1268 1311/2433/1613
f 1752/3371/2034 1751/3370/2033 2055/4074/2211
f 1752/3371/2034 2055/4074/2211 1906/4075/2149
f 1972/2223/1507 953/1711/1197 1420/2668/1734
f 123/219/150 1762/4076/2040 1992/220/151
f 123/219/150 2013/3690/2137 1762/4076/2040
f 1968/3550/2099 1970/3683/2135 1974/3896/2183
f 1586/3012/621 1585/3011/1897 1887/3693/1654
f 1586/852/621 1887/2508/1654 488/853/622
f 1257/2337/1562 494/990/629 493/2339/628
f 2056/4077/713 573/3626/714 1854/3624/2118
f 2056/4077/713 1854/3624/2118 233/405/289
f 2056/4077/713 233/405/289 1701/3247/1995
f 2056/4077/713 1701/3247/1995 105/191/126
f 517/899/652 1090/1996/1373 1890/3700/2139
f 517/899/652 806/1435/1022 1090/1996/1373
f 1070/1960/1346 1916/3767/2158 1452/2732/1765
f 1193/2216/1505 1346/2516/1659 534/923/671
f 1193/2216/1505 2062/2220/1503 2032/2515/1658
f 1409/4078/2212 2057/4079/2212 2058/4080/2212
f 2059/3818/2169 1236/2297/1542 1976/3902/2184
f 2059/3818/2169 1747/4081/1544 1236/2297/1542
f 2059/4082/2169 1748/3363/1185 1747/3362/1544
f 1240/2305/1545 910/4083/1139 1760/3387/2039
f 1240/2308/1545 911/1618/1140 910/1617/1139
f 1240/2305/1545 1760/3387/2039 1239/2306/1546
f 1240/2308/1545 162/281/200 911/1618/1140
f 2060/4084/2175 476/2803/605 1486/2801/1799
f 2060/4084/2175 2018/3987/2201 6/13/6
f 2060/4084/2175 1486/2801/1799 2018/3987/2201
f 2060/4085/2175 6/8/6 2061/4086/1989
f 691/1219/871 1758/3382/2038 693/1221/873
f 691/1219/871 1720/3301/2011 1758/3382/2038
f 1723/3305/2013 11/21/15 1724/20/14
f 1153/2140/1461 1155/2139/1462 1176/2546/1488
f 1123/2076/1421 236/3697/296 1933/2077/1422
f 38/71/46 559/2196/699 757/4012/953
f 1733/3326/2021 1734/3328/2023 1544/2930/1856
f 1733/3326/2021 1544/2930/1856 2007/3966/996
f 735/1292/926 1604/3049/1909 413/729/532
f 735/4087/926 808/4088/1026 1604/3051/1909
f 1767/3400/2043 2032/4022/1658 2062/4089/1503
f 1767/4090/2043 2062/2213/1503 332/577/428
f 2063/4091/1973 741/4092/935 337/586/434
f 2063/4091/1973 337/586/434 404/711/517
f 2063/4091/1973 404/711/517 403/710/516
f 2063/4093/1973 1672/1309/938 741/1305/935
f 1576/2997/1889 1200/2230/1511 1674/3856/1976
f 1576/2997/1889 1674/3856/1976 1737/3335/2025
f 1579/3002/351 1381/4094/350 622/1082/776
f 1579/3501/351 434/764/556 1810/763/555
f 688/1090/784 627/1089/783 689/2959/868
f 688/1212/784 690/1216/869 1211/2250/785
f 1800/3470/2067 1216/2256/1524 1958/3824/2172
f 1800/3470/2067 1382/4095/1701 220/4096/270
f 1800/3470/2067 1958/3824/2172 1382/4095/1701
f 396/695/505 393/691/503 655/1158/823
f 661/2981/829 1134/2097/1438 1993/2096/1437
f 336/585/433 404/711/517 337/586/434
f 530/916/520 2100/3167/411 2064/4097/526
f 530/916/520 1662/917/666 2100/3167/411
f 1334/3832/1640 1943/3831/2083 1517/2864/1831
f 1334/2482/1640 1515/2860/1830 1336/2483/1641
f 1334/2482/1640 1517/2861/1831 1515/2860/1830
f 2065/2739/1771 1454/2735/1767 1599/4098/1906
f 2065/4099/1771 1521/3038/1837 1909/4100/1834
f 2065/4099/1771 1599/3039/1906 1521/3038/1837
f 1750/2468/1632 619/1076/772 1656/3158/1961
f 1751/3370/2033 1876/3668/2132 2055/4074/2211
f 1607/3057/839 1537/2917/837 766/1350/964
f 1923/4101/2162 1832/3564/1585 1684/4102/1584
f 1923/4101/2162 2074/3565/2104 1832/3564/1585
f 1923/3784/2162 189/329/232 2074/4103/2104
f 1923/3784/2162 1455/2737/1769 189/329/232
f 822/1459/1040 1807/3493/2074 1636/3111/1941
f 822/1459/1040 825/1463/1042 1807/3493/2074
f 1580/3547/2097 869/1544/1092 868/1543/1090
f 1645/3135/1214 843/1497/1065 1647/1499/1066
f 638/1116/800 640/1118/802 1622/3085/1926
f 638/1116/800 1918/3084/1925 639/1117/801
f 505/874/639 2066/3986/1420 1296/2409/1603
f 505/4104/639 1664/3173/638 1663/3172/1967
f 505/4104/639 1663/3172/1967 2066/4105/1420
f 1287/2392/1594 1286/2391/1593 1728/3318/2015
f 590/1019/733 453/792/578 1305/3814/1610
f 1660/3170/1965 1976/3902/2184 1132/2092/1434
f 1660/3170/1965 2111/3169/1966 1976/3902/2184
f 1608/3058/1912 715/1261/901 714/1260/900
f 1608/3058/1912 1630/3101/1936 715/1261/901
f 1277/2377/1582 1275/2376/1583 942/1689/1182
f 778/4106/982 2067/4107/2100 780/1380/984
f 1943/3831/2083 960/1725/1205 1517/2864/1831
f 561/971/701 564/970/703 1430/2688/1745
f 1920/3777/2058 30/60/34 29/59/35
f 1920/3440/2058 1814/3513/2081 30/56/34
f 1920/3440/2058 1785/3437/2057 1814/3513/2081
f 1786/3444/2061 586/3643/728 582/4108/725
f 1786/4109/2061 582/1008/725 1158/2146/1467
f 1786/4109/2061 1158/2146/1467 1787/2145/1466
f 1658/3161/1963 161/280/199 1401/2630/1718
f 934/1673/52 1986/3921/2071 48/4110/56
f 1989/4044/2187 1913/4111/2155 2102/4112/1637
f 1989/4044/2187 2068/4113/1763 1913/4111/2155
f 1989/4044/2187 1450/4043/1764 2068/4113/1763
f 937/4114/1176 329/4115/422 1990/3928/2188
f 937/4116/1176 1667/1932/1324 329/571/422
f 1194/2218/1504 1632/3106/1938 2001/3178/1968
f 1418/2666/1732 538/4117/675 1638/3113/1943
f 1418/2665/1732 149/259/182 538/932/675
f 586/3643/728 1081/1983/1364 1343/2507/729
f 1346/2520/1659 535/928/672 534/927/671
f 1676/3197/1977 361/635/463 2042/4049/2208
f 968/1749/1217 1431/2690/1747 2041/1750/1218
f 492/858/627 1057/3758/1329 1258/2341/1563
f 1475/2779/1789 28/52/32 857/1523/1083
f 1475/2779/1789 29/4118/35 28/52/32
f 2069/4119/40 1436/2708/1755 101/180/122
f 2069/4119/40 101/180/122 100/179/121
f 2069/4119/40 100/179/121 33/3155/41
f 2069/4119/40 32/2710/38 1436/2708/1755
f 876/1556/1101 875/1555/1100 1270/2364/1577
f 876/1556/1101 1270/2364/1577 2036/4030/2206
f 876/1556/1101 2036/4030/2206 2019/1557/1102
f 142/248/172 136/241/167 889/1582/1118
f 1454/2735/1767 1836/4120/2052 1599/4098/1906
f 1885/2967/1875 1760/3387/2039 910/4083/1139
f 914/1624/1144 2081/3222/1984 2028/4121/2204
f 914/1624/1144 2070/4122/2160 704/1625/884
f 914/4123/1144 2028/4016/2204 2070/3778/2160
f 1463/2757/1781 1465/2759/1780 1488/4124/1802
f 1463/2757/1781 1488/4124/1802 2022/3225/1986
f 917/2701/1150 657/3357/825 1946/2702/1753
f 1170/2172/1481 1010/1832/1265 1006/1827/1262
f 1170/2172/1481 1623/3087/1928 1010/1832/1265
f 1170/2172/1481 859/1526/1085 1623/3087/1928
f 703/1240/883 704/1241/884 2070/3778/2160
f 473/826/603 1030/1881/1289 1245/2316/1551
f 473/826/603 1245/2316/1551 475/827/604
f 2071/843/616 297/521/386 298/520/383
f 2071/4125/2213 1842/4126/2213 1841/4127/2213
f 996/4128/1254 1502/4129/896 997/1812/1252
f 996/1815/1254 999/1814/1253 2106/4130/1817
f 2072/4131/1326 715/1261/901 1630/3101/1936
f 2072/4131/1326 1666/1262/902 715/1261/901
f 2072/4131/1326 1667/4132/1324 1666/1262/902
f 1653/3150/1959 1655/3151/1960 2113/4133/512
f 1653/3150/1959 1954/3086/1927 2073/4134/1997
f 1653/3150/1959 2113/4133/512 1954/3086/1927
f 1075/1968/1352 1074/1967/1351 774/4047/977
f 1075/3257/1352 774/4135/977 770/1358/972
f 188/325/230 1518/2865/1829 959/1721/1203
f 188/4136/2214 2074/4137/2214 189/4138/2214
f 188/325/230 959/1721/1203 2074/3566/2104
f 256/3261/318 462/804/587 2075/4139/1396
f 1133/2093/1435 1236/2297/1542 1280/2382/1587
f 1133/2093/1435 1132/2092/1434 1976/3902/2184
f 1133/2093/1435 1976/3902/2184 1236/2297/1542
f 1555/2954/1870 1838/3582/2108 1709/3273/2004
f 1555/2954/1870 747/2956/943 1838/3582/2108
f 848/1507/1071 1289/2397/1597 1426/2683/1453
f 848/1507/1071 1370/2571/1686 849/1508/1072
f 848/1507/1071 846/1503/1069 1289/2397/1597
f 848/1507/1071 1426/2683/1453 1370/2571/1686
f 564/974/703 728/1284/920 2076/1286/921
f 564/974/703 563/973/704 728/1284/920
f 564/970/703 2076/4140/921 1430/2688/1745
f 1894/3707/2142 1966/3883/880 287/4141/372
f 1894/3707/2142 287/4141/372 1044/3708/1310
f 889/1582/1118 1536/2278/967 2077/4142/1849
f 889/1582/1118 136/241/167 1536/2278/967
f 1540/3891/1853 2053/3476/2069 930/1666/1168
f 1616/3075/1529 1981/4064/2151 435/768/558
f 1616/4143/2215 2078/4144/2215 1981/4145/2215
f 817/1453/1035 1326/3290/1629 2091/3874/2032
f 1085/1987/1367 617/4146/768 1329/1990/1369
f 1085/1987/1367 2079/4147/2140 617/4146/768
f 931/1668/1169 930/1670/1168 2109/3539/2095
f 931/1668/1169 2109/3539/2095 589/1018/732
f 1404/1977/1359 1078/1973/1355 2080/4148/2216
f 1404/4149/1359 2080/4150/2216 1405/2639/1720
f 113/204/139 116/212/142 1805/3488/2072
f 113/204/139 1906/3733/2149 114/205/140
f 1724/20/14 10/19/13 2081/4151/1984
f 1739/3337/1890 1600/3042/1907 1718/4152/1891
f 1739/3337/1890 1111/2049/1404 1600/3042/1907
f 2006/3965/1455 2049/4153/1255 1799/3467/2066
f 2007/3966/996 1543/2929/1855 791/4154/997
f 2007/3966/996 1544/2930/1856 1543/2929/1855
f 295/516/384 296/517/385 1654/2854/1824
f 1330/2474/344 166/290/206 2082/4155/203
f 1089/1995/1371 1890/3700/2139 1090/1996/1373
f 178/308/218 1878/312/220 1877/709/515
f 1452/2732/1765 1704/3258/1998 770/1358/972
f 1452/2732/1765 1916/3767/2158 2083/4156/2217
f 1452/2732/1765 2083/4156/2217 1704/3258/1998
f 2084/4157/544 2085/4158/2116 2086/4159/2076
f 2004/3961/2195 2087/4160/1049 832/355/252
f 2004/3961/2195 2003/3960/2185 2087/4160/1049
f 1762/4161/2040 1550/2940/1863 1992/3930/151
f 1970/3888/2135 991/1800/1246 993/1802/1245
f 1559/2069/1416 451/790/576 1494/2821/1809
f 1124/2078/1423 1127/2081/1426 2101/4162/1877
f 296/4163/385 2088/4164/1652 1341/2500/1650
f 296/4165/385 297/521/386 2088/3116/1652
f 296/4163/385 1341/2500/1650 1654/3153/1824
f 1405/2639/1720 2080/4150/2216 1831/3562/2103
f 1405/2639/1720 1831/3562/2103 1225/2277/1535
f 1229/4005/1537 2089/4166/759 610/1058/758
f 1229/4005/1537 610/1058/758 1922/3783/2161
f 1646/3297/1953 362/3299/464 360/4167/462
f 573/994/714 574/995/715 706/1244/887
f 10/19/13 2028/4016/2204 2081/4151/1984
f 1856/3630/2120 311/545/402 1331/2477/1634
f 2054/4073/2022 1188/2205/1499 1734/4168/2023
f 2054/4073/2022 1189/2206/1500 1188/2205/1499
f 60/107/69 1547/2933/1858 2090/4169/752
f 1606/726/529 1197/3673/1508 414/730/533
f 86/151/99 306/535/395 618/1075/771
f 86/151/99 80/143/95 306/535/395
f 872/886/645 507/887/642 7/4170/8
f 849/1509/1072 1588/3014/1898 850/1510/1073
f 849/1509/1072 1370/2572/1686 1100/2019/1387
f 849/1509/1072 1100/2019/1387 1588/3014/1898
f 21/44/26 22/43/28 1473/2776/1787
f 21/44/26 1473/2776/1787 566/982/278
f 1951/3846/2176 1823/2753/1778 1710/3847/2006
f 1951/3846/2176 1301/2417/1608 1302/2419/1491
f 1305/3814/1610 453/792/578 452/791/577
f 1305/2424/1610 452/4171/577 1307/2426/47
f 461/803/584 2075/4139/1396 462/804/587
f 1320/2454/936 1672/3187/938 71/126/83
f 1326/2464/1629 1937/4172/2171 2091/4173/2032
f 1326/2464/1629 1327/2463/1630 1937/4172/2171
f 1826/1870/1286 1027/1869/1285 2092/3957/2194
f 1826/3546/1286 1941/2673/1738 1578/2672/1737
f 1826/3546/1286 2092/4174/2194 1941/2673/1738
f 1822/3534/2092 1716/3288/2009 1764/3535/2093
f 1822/3534/2092 1553/2948/1867 1716/3288/2009
f 329/4115/422 2093/4175/424 1990/3928/2188
f 1269/2363/1576 2036/4030/2206 1270/2364/1577
f 1272/2366/1025 1271/2365/1578 808/4088/1026
f 152/263/186 2038/4035/1999 259/3033/322
f 1280/2382/1587 545/2383/682 1707/3267/2002
f 1838/3582/2108 1925/3792/1773 1709/3273/2004
f 1838/3582/2108 747/2956/943 1839/3583/2109
f 1902/3728/2031 1903/3727/1879 2094/4176/2094
f 1609/3059/1913 61/109/70 896/4031/178
f 1609/3059/1913 673/1184/848 671/1180/845
f 1374/2577/1690 1372/2575/1688 417/3064/536
f 1694/3235/1988 115/1658/141 118/3482/144
f 1863/559/413 1862/4177/2124 1911/2478/1636
f 1543/2929/1855 281/3487/363 791/4154/997
f 1543/2929/1855 1545/2931/1173 281/3487/363
f 1632/3108/1938 942/1689/1182 1275/2376/1583
f 1632/3108/1938 1275/2376/1583 2001/3949/1968
f 955/3120/1200 1883/3125/1949 1882/4178/1974
f 212/2885/258 2095/4179/259 1833/2886/1207
f 1966/3883/880 694/4180/371 287/4141/372
f 519/4181/654 381/664/485 376/658/481
f 1679/3203/1980 305/532/391 466/811/591
f 306/535/395 1999/3944/2190 618/1075/771
f 306/535/395 2000/540/398 1999/3944/2190
f 1445/3779/1759 1840/3587/2110 120/222/148
f 879/4182/1107 1907/3734/2150 881/2103/1108
f 1755/3376/894 1301/2417/1608 1952/3849/895
f 1757/3672/2037 1922/3783/2161 610/1058/758
f 1757/3672/2037 610/1058/758 609/1057/755
f 538/4117/675 540/935/677 1638/3113/1943
f 1982/375/266 843/1497/1065 2096/4183/1145
f 1929/3801/2165 1386/2764/1704 2052/4071/274
f 1929/3801/2165 2052/4071/274 1557/2958/1871
f 1929/3801/2165 1467/2765/1782 1386/2764/1704
f 1258/2341/1563 1057/3758/1329 1818/3525/2087
f 1024/1859/1278 1896/3809/2167 1338/1860/1279
f 594/1026/739 2030/3096/1934 1862/3644/2124
f 594/1026/739 591/1028/736 2030/3096/1934
f 594/1026/739 1862/3644/2124 1771/3411/2046
f 539/934/676 823/1460/1041 540/935/677
f 1773/3413/2048 114/205/140 1906/3733/2149
f 1773/3815/2048 2055/4184/2211 140/245/170
f 1773/4185/2048 1906/4075/2149 2055/4074/2211
f 1323/4186/1627 1958/3824/2172 1327/3823/1630
f 635/1110/795 1941/4187/1738 1778/1111/796
f 1870/2114/1447 1424/2678/1742 1143/2116/1448
f 657/3357/825 1745/3356/377 1946/2702/1753
f 1436/2708/1755 1700/3246/1994 101/180/122
f 5/7/5 2061/4086/1989 6/8/6
f 5/3937/5 1696/3239/1991 2061/3237/1989
f 686/1210/867 1167/2166/1476 2039/4038/1709
f 1851/3614/1842 2097/4188/246 2085/3615/2116
f 1851/2890/1842 2098/4189/1746 1351/2891/1665
f 380/662/484 710/1251/891 708/1247/889
f 1502/4129/896 1952/3848/895 997/1812/1252
f 1953/3850/2177 28/52/32 2073/3255/1997
f 1953/3850/2177 857/1523/1083 28/52/32
f 741/4092/935 338/587/435 337/586/434
f 1110/4190/1401 1365/2561/1679 1955/702/510
f 1110/4190/1401 2048/4191/1400 1365/2561/1679
f 1956/4192/2178 90/162/105 91/161/106
f 1956/4193/2178 437/770/559 434/764/556
f 1956/4192/2178 91/161/106 437/4194/559
f 1956/4192/2178 2099/4195/498 90/162/105
f 1497/2825/1812 1589/3017/1899 1743/3348/2030
f 1533/4196/2218 1901/4197/2218 1900/4198/2218
f 891/1590/1120 1001/1819/1256 1984/3918/1728
f 891/4199/1120 1984/2657/1728 1411/2656/1121
f 403/3185/516 1877/3669/515 886/3766/1114
f 2064/722/526 2100/4200/411 1682/3210/1827
f 1518/2865/1829 960/1725/1205 959/1721/1203
f 1518/2865/1829 1517/2864/1831 960/1725/1205
f 679/1194/856 2091/3360/2032 1937/3820/2171
f 1471/2771/1786 102/182/123 1698/3802/1992
f 1932/3806/805 860/1532/1087 2024/3998/807
f 2066/2075/1420 1663/3311/1967 1126/2080/1425
f 1704/3258/1998 1944/3833/1385 784/3259/989
f 1704/3258/1998 2083/4156/2217 1099/4063/1386
f 1704/3258/1998 1099/4063/1386 1944/3833/1385
f 2101/4201/1877 1127/3810/1426 1896/3809/2167
f 1913/3751/2155 601/1039/743 2102/4202/1637
f 334/583/431 332/577/428 2062/2213/1503
f 2118/4203/1947 1778/1111/796 2012/3958/1948
f 1813/3511/2080 2103/4204/2156 2104/4205/2090
f 1813/3511/2080 1060/1944/1331 2103/4204/2156
f 1813/3511/2080 2104/4205/2090 372/3512/477
f 448/3771/573 446/4206/569 2105/4207/995
f 448/3771/573 2105/4207/995 1891/3704/2054
f 639/1822/801 1918/3773/1925 1005/1824/1259
f 1396/2624/1714 309/538/397 1157/2143/1465
f 1604/3051/1909 808/4088/1026 1271/2365/1578
f 1604/3051/1909 1271/2365/1578 1605/3052/1910
f 1850/3613/2115 2106/4208/1817 999/4067/1253
f 2041/1750/1218 1431/2690/1747 1820/4209/2219
f 1057/4210/1329 2103/4204/2156 1060/1944/1331
f 101/180/122 1700/3246/1994 102/181/123
f 1999/3944/2190 1656/3158/1961 619/1076/772
f 1999/3944/2190 619/1076/772 618/1075/771
f 1044/1905/1310 287/504/372 286/502/370
f 1623/3088/1928 1954/3086/1927 2113/4133/512
f 2043/4050/1271 2042/4049/2208 1714/3284/1272
f 464/806/589 690/1216/869 465/809/592
f 1588/3014/1898 2067/3552/2100 850/1510/1073
f 1588/3014/1898 1100/2019/1387 1097/2014/1383
f 1078/4211/2220 1776/4212/2220 2080/4213/2220
f 1839/3583/2109 747/2956/943 2079/3701/2140
f 1743/3348/2030 1589/3017/1899 1048/1918/1315
f 1745/3356/377 291/4214/378 1946/2702/1753
f 1225/2277/1535 1831/3562/2103 1226/2279/968
f 2107/4215/358 276/3859/356 1528/2888/1841
f 2070/3778/2160 2028/4016/2204 755/1330/951
f 1503/1257/897 762/1344/960 761/1341/959
f 1547/3929/1858 1990/3928/2188 2093/4175/424
f 1547/3929/1858 2093/4175/424 2090/4216/752
f 1768/3402/2044 1295/4217/1602 1927/3795/2164
f 1768/3403/2044 1296/2409/1603 1295/2408/1602
f 330/572/423 2090/3754/752 2093/573/424
f 1941/4187/1738 2092/3956/2194 1778/1111/796
f 792/1398/998 2105/1395/995 446/3080/569
f 1754/3375/2035 886/3766/1114 1877/3669/515
f 1916/3767/2158 1099/4063/1386 2083/4156/2217
f 948/1702/1190 1807/3493/2074 825/1463/1042
f 2095/3901/259 1279/2381/1586 1833/3569/1207
f 2049/4153/1255 1711/3468/1250 1799/3467/2066
f 1814/3513/2081 1785/3437/2057 2008/3967/2196
f 2108/4218/1233 2087/4160/1049 2003/3960/2185
f 1157/2143/1465 309/538/397 310/542/399
f 1242/2312/1549 475/827/604 1245/2316/1551
f 1698/3244/1992 102/181/123 1700/3246/1994
f 373/655/478 437/4194/559 91/161/106
f 373/655/478 436/654/474 437/4194/559
f 373/655/478 91/161/106 514/155/102
f 2080/4150/2216 1830/3560/2051 1831/3562/2103
f 2080/4150/2216 1776/4219/2053 1830/3560/2051
f 595/1027/740 1904/1029/738 1691/3232/1881
f 140/245/170 2055/4184/2211 1876/4220/2132
f 140/245/170 1876/4220/2132 170/298/210
f 2097/4188/246 2110/4221/247 2085/3615/2116
f 1094/2006/1379 579/1004/722 576/998/718
f 1307/2426/47 452/4171/47 43/4222/47
f 1199/2229/1510 1674/3856/1976 1200/2230/1511
f 2022/3225/1986 1488/4124/1802 2021/3991/1801
f 173/301/212 170/298/210 1876/4220/2132
f 1386/4223/1704 1385/386/275 2052/385/274
f 912/1620/1141 44/78/49 43/77/48
f 930/1666/1168 2053/3476/2069 2109/4224/2095
f 1866/3649/2126 775/1367/978 774/1366/977
f 22/43/28 2082/286/203 1473/2776/1787
f 1431/2690/1747 1780/3426/1564 1820/4209/2219
f 1152/2138/1460 1582/1795/1243 1155/2139/1462
f 2018/3987/2201 7/14/8 6/13/6
f 1716/3288/2009 1765/1310/937 1764/3535/2093
f 859/1531/1085 2024/3998/807 860/1532/1087
f 118/210/144 117/211/143 1413/2658/1729
f 2103/4225/2156 1914/3533/2091 2104/3532/2090
f 1425/3656/1744 788/1392/992 784/1386/989
f 615/4023/764 189/329/232 1455/2737/1769
f 832/1475/252 833/1476/1051 207/2387/253
f 1465/2756/1780 1034/1884/1295 1488/2808/1802
f 199/2045/242 2086/3499/2076 2110/4226/247
f 1787/3446/1466 310/4227/399 307/536/396
f 2110/4228/247 2086/4159/2076 2085/4158/2116
f 1276/915/665 2111/4229/1966 1662/917/666
f 1659/3164/1964 1135/2098/1433 1771/3411/2046
f 1010/1832/1265 1623/3087/1928 2113/4230/512
f 2112/4231/2221 1010/4232/2221 2113/4233/2221
f 1635/3110/1940 1638/3113/1943 540/935/677
f 1634/3109/1939 1638/3113/1943 1635/3110/1940
f 727/1280/917 2114/4234/2222 2076/4140/921
f 727/1280/917 726/1282/919 2114/4234/2222
f 726/1282/919 1352/2534/1666 2114/4234/2222
f 1352/2534/1666 1430/2688/1745 2114/4234/2222
f 1430/2688/1745 2076/4140/921 2114/4234/2222
f 680/1198/857 2115/4235/2223 682/1199/860
f 680/1198/857 681/4236/859 2115/4235/2223
f 1281/2384/1588 2115/4237/2223 681/1197/859
f 1281/2384/1588 833/1476/1051 2115/4237/2223
f 831/1472/1048 2115/4237/2223 833/1476/1051
f 831/4238/1048 983/1783/1050 2115/4235/2223
f 983/1783/1050 984/1785/1234 2115/4235/2223
f 1377/2586/1694 2115/4235/2223 984/1785/1234
f 1377/2586/1694 1378/2588/1695 2115/4235/2223
f 1378/2588/1695 682/1199/860 2115/4235/2223
f 1164/4239/1472 2116/4240/2224 1166/3916/1474
f 1164/2158/1472 221/2160/273 2116/4241/2224
f 35/68/43 2116/4240/2224 221/382/273
f 35/68/43 1166/3916/1474 2116/4240/2224
f 1777/4242/794 20/38/25 1042/3593/1305
f 1777/4242/794 778/1375/982 20/38/25
f 2117/4243/1068 2118/3457/1947 1119/3456/1414
f 2117/1506/1068 847/1505/1070 2118/4244/1947
f 1777/3420/794 2118/3422/1947 778/4106/982
f 847/4245/1070 778/4106/982 2118/3422/1947
f 847/4245/1070 2067/4107/2100 778/4106/982
f 780/1380/984 2119/4246/2225 1587/849/619
f 780/1380/984 2067/4107/2100 2119/4246/2225
f 1588/3014/1898 2119/4247/2225 2067/3552/2100
f 1588/3014/1898 1587/3013/619 2119/4247/2225
f 634/1107/793 2120/4248/2226 2121/4249/1703
f 634/1107/793 1039/1890/1301 2120/4248/2226
f 1038/1889/1300 2120/4248/2226 1039/1890/1301
f 1038/1889/1300 2121/4249/1703 2120/4248/2226
f 641/1122/803 2122/4250/2227 2017/1123/806
f 641/1122/803 2024/4251/807 2122/4250/2227
f 2024/4001/807 1171/4000/1479 2122/4252/2227
f 1169/4253/1478 2122/4254/2227 1171/4255/1479
f 1388/4256/1706 2122/4254/2227 1169/4253/1478
f 1388/2610/1706 1803/3478/2070 2122/4257/2227
f 46/84/54 2122/4257/2227 1803/3478/2070
f 1858/3632/2121 2122/4257/2227 46/84/54
f 2017/1123/806 2122/4250/2227 1858/4258/2121
